vid	clnsig	mc	CNN	RNA-FM (LoRA)	RNABERT	SpliceBERT
chr1:945564:G:A	Benign	coding	0.09169661998748779	0.04686284065246582	0.03671008348464966	0.01691470295190811
chr1:954070:C:A	Benign	coding	0.3133789896965027	0.05411060154438019	0.0235099196434021	0.04047921299934387
chr1:956990:T:C	Benign	coding	0.03284251689910889	0.02021658420562744	0.022485435009002686	0.06837868690490723
chr1:957132:C:T	Benign	coding	0.1371556520462036	0.05072695016860962	0.056083083152770996	0.0226636603474617
chr1:1022518:G:T	Benign	noncoding	0.04082590341567993	0.07767719030380249	0.032045185565948486	0.09916254878044128
chr1:1035408:G:A	Benign	noncoding	0.11469370126724243	0.05811262130737305	0.024915754795074463	0.04485154151916504
chr1:1035456:G:A	Benign	noncoding	0.10150083899497986	0.11972679942846298	0.05829891562461853	0.03831368684768677
chr1:1035535:C:T	Benign	noncoding	0.042495593428611755	0.040490858256816864	0.02655571699142456	0.04313415288925171
chr1:1042190:G:A	Benign	noncoding	0.10076385736465454	0.24756678938865662	0.06351065635681152	0.11814337968826294
chr1:1047064:A:G	Benign	noncoding	0.05243110656738281	0.09015154838562012	0.045458197593688965	0.31554707884788513
chr1:1047082:T:C	Benign	noncoding	0.030764460563659668	0.11084353923797607	0.01651632785797119	0.3675251007080078
chr1:1047102:C:T	Benign	noncoding	0.04113741219043732	0.04957251250743866	0.012150198221206665	0.34222525358200073
chr1:1047104:C:T	Benign	noncoding	0.011723756790161133	0.06443658471107483	0.012724757194519043	0.20716127753257751
chr1:1047133:T:C	Benign	noncoding	0.0200766921043396	0.0773116946220398	0.09056386351585388	0.008596479892730713
chr1:1047193:C:T	Benign	noncoding	0.0002041459083557129	0.05403023958206177	0.03278756141662598	0.0004742145538330078
chr1:1053768:G:A	Benign	coding	0.0008661001920700073	0.06256091594696045	0.014020830392837524	0.09834200143814087
chr1:1054081:G:A	Benign	noncoding	0.0820688009262085	0.0488567054271698	0.05888009071350098	0.07241177558898926
chr1:1054120:G:A	Benign	noncoding	0.07712551951408386	0.08178871870040894	0.058155447244644165	0.06011638045310974
chr1:1055000:C:T	Benign	noncoding	0.027152717113494873	0.010293543338775635	0.09995120763778687	0.03779715299606323
chr1:1055037:T:C	Benign	noncoding	0.11969783902168274	0.04634988307952881	0.046900391578674316	0.01480153203010559
chr1:1337117:A:G	Benign	noncoding	0.1581440269947052	0.0434417724609375	0.059849441051483154	0.06144547462463379
chr1:1338970:A:G	Benign	noncoding	0.025060176849365234	0.04682976007461548	0.010024622082710266	0.017268121242523193
chr1:1339820:G:A	Benign	noncoding	0.018542051315307617	0.03887113928794861	0.022974669933319092	0.020662665367126465
chr1:1339911:G:A	Benign	noncoding	0.018889248371124268	0.023826777935028076	0.008714497089385986	0.15744727849960327
chr1:1341432:G:A	Benign	noncoding	0.00035452842712402344	0.0004570484161376953	0.20175009965896606	0.00132066011428833
chr1:1342857:T:C	Benign	noncoding	0.11070412397384644	0.035680919885635376	0.06543928384780884	0.03758034110069275
chr1:1342873:C:T	Benign	noncoding	0.13390269875526428	0.1373434066772461	0.06613647937774658	0.07795006036758423
chr1:1349110:G:A	Benign	noncoding	0.022159814834594727	0.07306930422782898	0.03232449293136597	0.049636080861091614
chr1:1759828:G:A	Benign	coding	0.22125451266765594	0.08497022092342377	0.07077643275260925	0.12902820110321045
chr1:1790418:C:T	Benign	coding	0.12526392936706543	0.07521510124206543	0.04946446418762207	0.09466814994812012
chr1:1790444:A:G	Benign	coding	0.06265276670455933	0.09376969933509827	0.07635915279388428	0.12593573331832886
chr1:1790454:G:A	Pathogenic	other	0.08697521686553955	0.054728686809539795	0.028626441955566406	0.4548385739326477
chr1:1790513:G:A	Benign	coding	0.05121117830276489	0.05629679560661316	0.05548262596130371	0.02040398120880127
chr1:2229031:C:T	Pathogenic	coding	0.23535431921482086	0.0510980486869812	0.011186778545379639	0.1335766315460205
chr1:2229060:C:T	Benign	coding	0.11592042446136475	0.03662577271461487	0.040123164653778076	0.32903623580932617
chr1:2230051:C:T	Benign	noncoding	0.04373049736022949	0.1158633828163147	0.024112462997436523	0.07110115885734558
chr1:2248079:C:T	Benign	noncoding	0.10503116250038147	0.15833744406700134	0.08720874786376953	0.03695648908615112
chr1:6440555:G:T	Benign	noncoding	0.08432286977767944	0.07106152176856995	0.02038705348968506	0.06258457899093628
chr1:6440600:C:A	Benign	noncoding	0.009291201829910278	0.03154999017715454	0.017393410205841064	0.021442651748657227
chr1:6440611:G:C	Benign	noncoding	0.015185624361038208	0.05725333094596863	0.029912590980529785	0.039658308029174805
chr1:6440656:C:G	Benign	coding	0.00396081805229187	0.09399804472923279	0.04657167196273804	0.038702696561813354
chr1:7965366:C:T	Pathogenic	other	0.06664961576461792	0.10088694095611572	0.05398622155189514	0.2001209259033203
chr1:7965425:G:C	Pathogenic	coding	0.18199431896209717	0.3287222385406494	0.059542953968048096	0.863869309425354
chr1:7969422:A:G	Benign	noncoding	0.07209813594818115	0.12064436078071594	0.06622743606567383	0.11624318361282349
chr1:7970963:G:A	Pathogenic	coding	0.1148574948310852	0.0577239990234375	0.028419911861419678	0.5413522720336914
chr1:7984981:T:C	Pathogenic	coding	0.050943851470947266	0.0667763352394104	0.018198251724243164	0.06124278903007507
chr1:8358193:C:T	Benign	noncoding	0.04348066449165344	0.069973424077034	0.01466338336467743	0.025277912616729736
chr1:8358216:T:C	Pathogenic	coding	0.05402347445487976	0.055728793144226074	0.03424766659736633	0.010947108268737793
chr1:8358230:G:C	Pathogenic	coding	0.05791419744491577	0.06697088479995728	0.03586626052856445	0.05567288398742676
chr1:8358232:G:A	Pathogenic	coding	0.044812560081481934	0.026727378368377686	0.00782710313796997	0.008059799671173096
chr1:8358235:A:G	Pathogenic	coding	0.08708608150482178	0.016713082790374756	0.006855428218841553	0.005528509616851807
chr1:8358238:G:A	Pathogenic	coding	0.031136929988861084	0.02313154935836792	0.021045923233032227	0.0013460516929626465
chr1:8358650:G:A	Benign	coding	0.06426119804382324	0.091605544090271	0.10435616970062256	0.04570901393890381
chr1:8358656:G:A	Benign	coding	0.035178303718566895	0.048835694789886475	0.013747155666351318	0.01803821325302124
chr1:8358671:G:A	Benign	coding	0.02772057056427002	0.09316328167915344	0.010096192359924316	0.09054037928581238
chr1:8360646:G:A	Benign	coding	0.07269489765167236	0.016291379928588867	0.0021791458129882812	0.22837990522384644
chr1:8361032:C:T	Benign	coding	0.04962563514709473	0.05514645576477051	0.0075879693031311035	0.01016843318939209
chr1:8361083:G:T	Benign	coding	0.023250818252563477	0.025182902812957764	0.0046204328536987305	0.006324589252471924
chr1:8656003:T:C	Benign	coding	0.12741702795028687	0.05838534235954285	0.015126973390579224	0.00025349855422973633
chr1:10282294:C:T	Benign	noncoding	0.007601499557495117	0.005147337913513184	0.034018635749816895	0.025193333625793457
chr1:10381481:T:C	Benign	noncoding	0.02968280017375946	0.04014343023300171	0.02413731813430786	0.0037103891372680664
chr1:10381545:G:A	Benign	noncoding	0.043323010206222534	0.13821092247962952	0.031497687101364136	0.08795298635959625
chr1:10417384:C:T	Benign	coding	0.1538969874382019	0.1839708685874939	0.04111284017562866	0.08967575430870056
chr1:11018836:A:G	Pathogenic	coding	0.19001805782318115	0.11115199327468872	0.05123555660247803	0.06045690178871155
chr1:11022292:G:A	Pathogenic	coding	0.07540728151798248	0.2798689901828766	0.06152275204658508	0.024766290560364723
chr1:11022997:G:A	Benign	noncoding	0.04016375541687012	0.08990868926048279	0.03513449430465698	0.04010796546936035
chr1:11117039:C:T	Pathogenic	coding	0.06648366153240204	0.06702089309692383	0.03553807735443115	0.005278527736663818
chr1:11232419:G:A	Benign	noncoding	0.058979809284210205	0.04846906661987305	0.055157989263534546	0.07004183530807495
chr1:11232433:C:A	Benign	noncoding	0.1224321722984314	0.10872495174407959	0.0471666157245636	0.27847224473953247
chr1:11232443:T:C	Benign	coding	0.027867913246154785	0.07221388816833496	0.08473125100135803	0.07023388147354126
chr1:11232501:C:T	Benign	coding	0.055391013622283936	0.09038276970386505	0.03286510705947876	0.01585310697555542
chr1:11232505:T:C	Benign	coding	0.10879164934158325	0.0869629979133606	0.03970518708229065	0.019240498542785645
chr1:11232513:T:C	Benign	coding	0.25242936611175537	0.06222599744796753	0.04111859202384949	0.07505938410758972
chr1:11241549:C:T	Benign	noncoding	0.037495195865631104	0.043710172176361084	0.04367274045944214	0.25943613052368164
chr1:11241594:A:G	Benign	coding	0.13045257329940796	0.0816144347190857	0.04282504320144653	0.0640840232372284
chr1:11241613:C:T	Benign	coding	0.04046088457107544	0.16046148538589478	0.0573635995388031	0.05851435661315918
chr1:11241617:T:C	Benign	coding	0.12336035072803497	0.16354972124099731	0.038531333208084106	0.055404484272003174
chr1:11286149:C:T	Benign	noncoding	0.046058863401412964	0.045607030391693115	0.06539714336395264	0.13439449667930603
chr1:11286179:A:G	Benign	noncoding	0.18031510710716248	0.1001347005367279	0.06752046942710876	0.08477827906608582
chr1:11674805:G:A	Benign	coding	0.0727573037147522	0.14110076427459717	0.009656339883804321	0.07428020238876343
chr1:11680478:G:T	Benign	noncoding	0.09061896800994873	0.02049514651298523	0.022873133420944214	0.1632397174835205
chr1:11790843:G:C	Pathogenic	coding	0.09852516651153564	0.11584833264350891	0.05495285987854004	0.040976881980895996
chr1:11790946:G:C	Benign	noncoding	0.4682227075099945	0.31498247385025024	0.051245927810668945	0.18837004899978638
chr1:11794357:C:T	Pathogenic	noncoding	0.02569413185119629	0.05876687169075012	0.04737746715545654	0.612379252910614
chr1:11794400:G:A	Benign	coding	0.034829944372177124	0.01725149154663086	0.021926462650299072	0.0320429801940918
chr1:11794408:C:A	Pathogenic	other	0.010863333940505981	0.06622564792633057	0.039143890142440796	0.15638084709644318
chr1:11794441:C:T	Benign	coding	0.1030208170413971	0.04320147633552551	0.0690036416053772	0.16116654872894287
chr1:11794443:C:T	Pathogenic	other	0.10164070129394531	0.08267900347709656	0.03587603569030762	0.42211368680000305
chr1:11794538:C:T	Pathogenic	other	0.03859052062034607	0.07749277353286743	0.012139827013015747	0.22773510217666626
chr1:11794698:G:A	Benign	noncoding	0.11477786302566528	0.11956930160522461	0.07082796096801758	0.16106843948364258
chr1:11794823:G:A	Pathogenic	other	0.01267959177494049	0.03806465119123459	0.01725602149963379	0.27236407995224
chr1:11794839:G:A	Benign	coding	0.0069761723279953	0.011807505041360855	0.010176748037338257	0.13094982504844666
chr1:11794848:C:T	Pathogenic	other	0.004090562462806702	0.06606000661849976	0.005302220582962036	0.19067685306072235
chr1:11794853:G:A	Pathogenic	coding	0.0045629143714904785	0.030045509338378906	0.008367717266082764	0.056934475898742676
chr1:11828493:A:G	Benign	coding	0.0133543461561203	0.037458956241607666	0.03647252917289734	0.013597428798675537
chr1:11952736:G:A	Pathogenic	noncoding	0.1806727945804596	0.09924614429473877	0.09143579006195068	0.7221271991729736
chr1:11954833:C:T	Pathogenic	other	0.050790369510650635	0.06342820823192596	0.030126214027404785	0.24492904543876648
chr1:11972597:C:G	Benign	noncoding	0.013190388679504395	0.06657838821411133	0.05375516414642334	0.002798914909362793
chr1:12001834:G:T	Pathogenic	other	0.06919735670089722	0.02474313974380493	0.010700464248657227	0.1771916151046753
chr1:12001960:T:C	Benign	noncoding	0.19594106078147888	0.04228949546813965	0.026197046041488647	0.08260849118232727
chr1:12001963:G:A	Benign	noncoding	0.252265602350235	0.12940829992294312	0.051569581031799316	0.004666358232498169
chr1:12002010:C:G	Pathogenic	coding	0.12310275435447693	0.09700872004032135	0.03506433963775635	0.10279780626296997
chr1:12002012:A:G	Pathogenic	coding	0.044488325715065	0.04207375645637512	0.044410109519958496	0.07143096625804901
chr1:12002013:A:C	Pathogenic	coding	0.051734693348407745	0.028663694858551025	0.021329760551452637	0.07062293589115143
chr1:12002024:C:T	Pathogenic	coding	0.13682419061660767	0.06659120321273804	0.05549648404121399	0.05596575140953064
chr1:12002025:A:C	Pathogenic	coding	0.12456721067428589	0.039664119482040405	0.02813783288002014	0.04545937478542328
chr1:12002033:C:T	Pathogenic	coding	0.1256011575460434	0.03373795747756958	0.05998438596725464	0.05067765712738037
chr1:12002034:G:C	Pathogenic	coding	0.18497171998023987	0.08037599921226501	0.059568166732788086	0.039705514907836914
chr1:12002043:A:C	Pathogenic	coding	0.12426090240478516	0.027823269367218018	0.02475479245185852	0.07620292901992798
chr1:12012295:C:T	Benign	noncoding	0.058803558349609375	0.07700580358505249	0.04117196798324585	0.06849528849124908
chr1:12012342:T:C	Benign	noncoding	0.1284647285938263	0.13925743103027344	0.04526957869529724	0.08833691477775574
chr1:12012461:G:C	Benign	noncoding	0.03525048494338989	0.023038312792778015	0.04012423753738403	0.01905035972595215
chr1:12012477:C:T	Benign	noncoding	0.06945136189460754	0.11726559698581696	0.06635749340057373	0.15528780221939087
chr1:12277879:C:T	Benign	coding	0.07552820444107056	0.09375810623168945	0.037630558013916016	0.07718148827552795
chr1:12319732:A:C	Benign	noncoding	0.10348916053771973	0.13901177048683167	0.023670032620429993	0.07736383378505707
chr1:12579283:T:G	Benign	noncoding	0.0651044249534607	0.04396331310272217	0.05019909143447876	0.1231326162815094
chr1:13780983:C:T	Benign	coding	0.0012429356575012207	0.002429068088531494	0.0012355446815490723	0.0006545782089233398
chr1:15928512:C:T	Pathogenic	other	0.05495542287826538	0.12840479612350464	0.035436153411865234	0.4787949323654175
chr1:15935248:C:A	Pathogenic	other	0.03933274745941162	0.0865364670753479	0.06769198179244995	0.4773160219192505
chr1:15935271:C:T	Pathogenic	other	0.0940912663936615	0.15887504816055298	0.03962913155555725	0.2904670834541321
chr1:15936224:T:C	Benign	coding	0.07290327548980713	0.046134352684020996	0.016384243965148926	0.006505727767944336
chr1:15936267:G:T	Pathogenic	noncoding	0.04638158529996872	0.06924650073051453	0.05753439664840698	0.7140952348709106
chr1:15937621:C:T	Benign	coding	0.07997182011604309	0.14447888731956482	0.0312863290309906	0.12218046188354492
chr1:16986097:G:A	Benign	coding	0.037225961685180664	0.01856529712677002	0.04032033681869507	0.04126739501953125
chr1:17053947:C:G	Pathogenic	noncoding	0.3328876495361328	0.11414387822151184	0.06929460167884827	0.7269213199615479
chr1:17053947:C:T	Pathogenic	noncoding	0.21320587396621704	0.051017940044403076	0.04889911413192749	0.6801737546920776
chr1:17053950:G:A	Pathogenic	other	0.03321981430053711	0.12773802876472473	0.056152403354644775	0.08570468425750732
chr1:17053994:A:T	Pathogenic	other	0.1104157567024231	0.0532795786857605	0.04810228943824768	0.12601053714752197
chr1:17054002:G:T	Benign	coding	0.044828951358795166	0.027417659759521484	0.01671910285949707	0.014248132705688477
chr1:17054017:C:T	Pathogenic	coding	0.06398665904998779	0.08614873886108398	0.031006813049316406	0.017631113529205322
chr1:17054019:T:A	Pathogenic	coding	0.07943564653396606	0.01219111680984497	0.028794795274734497	0.026050031185150146
chr1:17054019:T:C	Pathogenic	coding	0.06956762075424194	0.00989234447479248	0.028662145137786865	0.027657926082611084
chr1:17054019:T:G	Pathogenic	coding	0.07052791118621826	0.06411093473434448	0.04131734371185303	0.04100459814071655
chr1:19084587:G:A	Benign	coding	0.1933962106704712	0.040187299251556396	0.05743679404258728	0.5482627749443054
chr1:19114916:G:A	Benign	coding	0.006060302257537842	0.028085529804229736	0.05648320913314819	0.1340622454881668
chr1:19162618:G:A	Benign	noncoding	0.12492042779922485	0.08434587717056274	0.040142714977264404	0.011961519718170166
chr1:19165363:T:C	Benign	noncoding	0.01646137237548828	0.05287790298461914	0.04255446791648865	0.07136330008506775
chr1:19165646:C:T	Benign	noncoding	0.06152789294719696	0.15153230726718903	0.007568299770355225	0.005186349153518677
chr1:19172932:C:T	Benign	coding	0.11094039678573608	0.06561446189880371	0.04768097400665283	0.04795750975608826
chr1:19176687:C:T	Benign	coding	0.013841360807418823	0.017337322235107422	0.029666930437088013	0.07627560198307037
chr1:19177633:G:C	Benign	coding	0.023818790912628174	0.021451711654663086	0.06558826565742493	0.020547334104776382
chr1:19201715:T:C	Benign	noncoding	0.07430481910705566	0.1072591245174408	0.045405298471450806	0.0863189697265625
chr1:19201782:G:A	Benign	coding	0.029059559106826782	0.04983633756637573	0.08045035600662231	0.0808219313621521
chr1:20653676:C:T	Benign	coding	0.020018339157104492	0.03348267078399658	0.04541218280792236	0.16470712423324585
chr1:21823667:G:T	Benign	coding	0.051593124866485596	0.0667877197265625	0.005796879529953003	0.10313236713409424
chr1:21823721:T:G	Pathogenic	noncoding	0.046819329261779785	0.04768490791320801	0.008146405220031738	0.2246028184890747
chr1:21834782:G:A	Benign	coding	0.15769121050834656	0.11026215553283691	0.02405834197998047	0.07501128315925598
chr1:21841112:C:T	Benign	coding	0.03259855508804321	0.03778672218322754	0.02752387523651123	0.0251503586769104
chr1:21872206:C:A	Pathogenic	other	0.12133574485778809	0.05457276105880737	0.03374257683753967	0.28041398525238037
chr1:21875303:G:C	Benign	noncoding	0.04375350475311279	0.08528488874435425	0.06801620125770569	0.039080262184143066
chr1:21875387:C:T	Benign	noncoding	0.13260802626609802	0.06013321876525879	0.07050514221191406	0.06984707713127136
chr1:21875410:A:G	Benign	noncoding	0.012674927711486816	0.057408273220062256	0.028704792261123657	0.05500796437263489
chr1:21885632:C:A	Benign	noncoding	0.06673365831375122	0.021311581134796143	0.019480466842651367	0.032813847064971924
chr1:21890615:G:A	Benign	coding	0.023772835731506348	0.03110659122467041	0.029453396797180176	0.036559343338012695
chr1:21937058:G:A	Benign	noncoding	0.06380125880241394	0.03390669822692871	0.0730472207069397	0.09800629317760468
chr1:22086451:A:C	Pathogenic	coding	0.08857110142707825	0.06404407322406769	0.02615213394165039	0.3930870294570923
chr1:22086456:A:G	Pathogenic	coding	0.04789416491985321	0.013294786214828491	0.06628841161727905	0.007742822170257568
chr1:22086463:G:A	Pathogenic	coding	0.03465396165847778	0.08353015780448914	0.06519442796707153	0.09665989875793457
chr1:22086467:G:A	Benign	coding	0.21174204349517822	0.07982635498046875	0.09105217456817627	0.29837292432785034
chr1:23055089:C:T	Pathogenic	other	0.11797353625297546	0.08252331614494324	0.10189175605773926	0.4658033847808838
chr1:23068566:G:A	Pathogenic	coding	0.016727715730667114	0.05645334720611572	0.03867596387863159	0.23640450835227966
chr1:23077443:A:C	Benign	noncoding	0.046794891357421875	0.12147486209869385	0.04467415809631348	0.07593286037445068
chr1:23692653:C:T	Benign	coding	0.03239017724990845	0.06478652358055115	0.038779616355895996	0.39398860931396484
chr1:23692723:G:T	Pathogenic	other	0.028787784278392792	0.05909675359725952	0.05894020199775696	0.935827910900116
chr1:23692726:C:T	Pathogenic	other	0.06518867611885071	0.021698683500289917	0.08378353714942932	0.9874956011772156
chr1:23692738:C:T	Pathogenic	other	0.022179484367370605	0.05732724070549011	0.018619894981384277	0.848249614238739
chr1:23693872:C:T	Pathogenic	other	0.05105803906917572	0.11148008704185486	0.06506019830703735	0.9978352785110474
chr1:23694723:C:T	Pathogenic	other	0.08063368499279022	0.09451580047607422	0.08246266841888428	0.7762410044670105
chr1:23696342:A:G	Pathogenic	noncoding	0.12150019407272339	0.0707990825176239	0.052334368228912354	0.21157503128051758
chr1:23696425:A:G	Benign	noncoding	0.02571837604045868	0.019492030143737793	0.04465305805206299	0.11168020963668823
chr1:23798604:C:T	Benign	noncoding	0.0788973867893219	0.03161206841468811	0.035340726375579834	0.03444784879684448
chr1:25817218:G:A	Benign	noncoding	0.020224452018737793	0.06685948371887207	0.06310322880744934	0.06804010272026062
chr1:26320235:A:G	Benign	coding	0.019486725330352783	0.046067655086517334	0.10221165418624878	0.20813757181167603
chr1:26320239:A:G	Benign	coding	0.08138686418533325	0.07668223977088928	0.07658854126930237	0.35709330439567566
chr1:26697495:C:T	Benign	coding	0.028633177280426025	0.09373295307159424	0.07130539417266846	0.043061256408691406
chr1:26697533:C:T	Benign	coding	0.10119041800498962	0.07782477140426636	0.05936667323112488	0.055761873722076416
chr1:26729720:C:T	Pathogenic	other	0.03832879662513733	0.022631853818893433	0.09466990828514099	0.049536049365997314
chr1:26729723:C:T	Pathogenic	other	0.03411462903022766	0.04880121350288391	0.25624287128448486	0.050831735134124756
chr1:26729725:A:G	Benign	coding	0.024728715419769287	0.03080609440803528	0.023251205682754517	0.01986090838909149
chr1:26729749:G:A	Benign	coding	0.014629289507865906	0.04918181896209717	0.03188076615333557	0.03144004940986633
chr1:26729764:C:G	Pathogenic	other	0.028941690921783447	0.05031907558441162	0.036311060190200806	0.1634264588356018
chr1:26730152:G:A	Benign	noncoding	0.005354642868041992	0.02305200695991516	0.03029845654964447	0.035347580909729004
chr1:26731308:C:T	Pathogenic	other	0.047933101654052734	0.025326073169708252	0.0056487321853637695	0.029670417308807373
chr1:26731361:G:A	Benign	coding	0.03397637605667114	0.023101985454559326	0.015693187713623047	0.15858370065689087
chr1:26731386:C:T	Pathogenic	other	0.0213625431060791	0.013411283493041992	0.0049874186515808105	0.05329298973083496
chr1:26731398:C:T	Benign	coding	0.053356826305389404	0.010758697986602783	0.008073687553405762	0.07668405771255493
chr1:26731403:C:A	Pathogenic	other	0.03609353303909302	0.01298213005065918	0.006520390510559082	0.3856774866580963
chr1:26731442:C:T	Benign	coding	0.05202588438987732	0.007825970649719238	0.03083670139312744	0.4090175926685333
chr1:26731443:C:T	Pathogenic	other	0.026969462633132935	0.01293039321899414	0.0075463056564331055	0.3250620365142822
chr1:26731490:G:C	Benign	coding	0.0746728777885437	0.02225053310394287	0.031195521354675293	0.4533628821372986
chr1:26731508:A:G	Benign	coding	0.11953788995742798	0.10901987552642822	0.03562474250793457	0.10232210159301758
chr1:26731517:G:A	Benign	coding	0.1204230785369873	0.048195481300354004	0.01699775457382202	0.28454482555389404
chr1:26731534:C:T	Benign	coding	0.04412984848022461	0.06524592638015747	0.010745227336883545	0.44177550077438354
chr1:26731560:T:G	Benign	coding	0.1530088484287262	0.09361696243286133	0.028952360153198242	0.019762873649597168
chr1:26731592:C:T	Benign	coding	0.058231353759765625	0.053901076316833496	0.03181755542755127	0.007923781871795654
chr1:26732685:C:T	Pathogenic	other	0.12567761540412903	0.1311260461807251	0.04840505123138428	0.5491665601730347
chr1:26732722:C:A	Pathogenic	other	0.14507421851158142	0.09192639589309692	0.06344184279441833	0.2944507598876953
chr1:26760886:A:C	Benign	coding	0.032175034284591675	0.09198570251464844	0.027546405792236328	0.04030686616897583
chr1:26760943:C:T	Pathogenic	other	0.012474119663238525	0.07984021306037903	0.019511282444000244	0.32288914918899536
chr1:26762955:G:C	Benign	noncoding	0.10241037607192993	0.13828063011169434	0.2389483004808426	0.11290746927261353
chr1:26762987:C:T	Pathogenic	other	0.06769764423370361	0.043048858642578125	0.07130807638168335	0.3823166489601135
chr1:26763023:C:T	Benign	coding	0.10231484472751617	0.08850318193435669	0.060594022274017334	0.0023250244557857513
chr1:26766238:A:G	Benign	coding	0.08764523267745972	0.06800177693367004	0.02553698420524597	0.0448644757270813
chr1:26766246:C:T	Pathogenic	other	0.005765259265899658	0.018306411802768707	0.079546719789505	0.1424022614955902
chr1:26766266:T:C	Benign	coding	0.01403043419122696	0.02665439248085022	0.058351047337055206	0.005645867437124252
chr1:26766456:G:A	Pathogenic	noncoding	0.03971290588378906	0.04122798144817352	0.05893069505691528	0.43530458211898804
chr1:26766567:G:A	Pathogenic	noncoding	0.02196800708770752	0.05051296949386597	0.032533735036849976	0.793935239315033
chr1:26773869:C:T	Pathogenic	other	0.062365323305130005	0.0849037766456604	0.028316736221313477	0.06572318077087402
chr1:26773872:A:T	Benign	coding	0.07761335372924805	0.08693203330039978	0.03044167160987854	0.0035278797149658203
chr1:26773884:C:T	Pathogenic	other	0.08134904503822327	0.04079967737197876	0.01718658208847046	0.14510828256607056
chr1:26774351:G:C	Benign	coding	0.04413518309593201	0.03432801365852356	0.21291594207286835	0.049520790576934814
chr1:26774398:G:A	Benign	coding	0.02898949384689331	0.026644855737686157	0.023189544677734375	0.03048667311668396
chr1:26774531:A:G	Benign	coding	0.06535786390304565	0.05559808015823364	0.11178290843963623	0.13740891218185425
chr1:26774547:A:G	Benign	coding	0.06624358892440796	0.08420318365097046	0.022493720054626465	0.1522630751132965
chr1:26774599:C:T	Pathogenic	noncoding	0.08093518018722534	0.07548399269580841	0.04898667335510254	0.4900975227355957
chr1:26774662:C:T	Pathogenic	noncoding	0.04183867573738098	0.07841908931732178	0.042848050594329834	0.41797834634780884
chr1:26774952:A:G	Benign	coding	0.11813640594482422	0.05516630411148071	0.009119629859924316	0.026626527309417725
chr1:26774974:C:G	Benign	coding	0.04229629039764404	0.040080130100250244	0.02512061595916748	0.05667310953140259
chr1:26775020:G:A	Benign	coding	0.08028587698936462	0.07560980319976807	0.026703059673309326	0.31424036622047424
chr1:26779018:T:C	Benign	noncoding	0.07681268453598022	0.21269381046295166	0.09122014045715332	0.007747054100036621
chr1:26779062:C:T	Pathogenic	other	0.09297829866409302	0.11232298612594604	0.12632468342781067	0.11040960252285004
chr1:26780224:A:G	Benign	coding	0.0882948637008667	0.01806473731994629	0.01798802614212036	0.049454063177108765
chr1:28993490:T:C	Pathogenic	coding	0.07271897792816162	0.18693947792053223	0.05575333535671234	0.03234769403934479
chr1:28993490:T:G	Pathogenic	coding	0.05405372381210327	0.05988430976867676	0.08391397446393967	0.028820335865020752
chr1:28993501:G:A	Benign	coding	0.06696957349777222	0.11576652526855469	0.09201297163963318	0.15464290976524353
chr1:28993522:G:A	Benign	coding	0.1401955783367157	0.23236992955207825	0.11698496341705322	0.04881250858306885
chr1:28993527:T:G	Pathogenic	other	0.13005846738815308	0.09050184488296509	0.0318986177444458	0.5656386017799377
chr1:29011898:C:T	Pathogenic	other	0.04508161544799805	0.09912334382534027	0.07749766111373901	0.010058224201202393
chr1:29064973:C:T	Benign	noncoding	0.09591253846883774	0.04770636558532715	0.10855883359909058	0.12306660413742065
chr1:32180465:A:G	Benign	coding	0.24964016675949097	0.16150295734405518	0.016269266605377197	0.4873601496219635
chr1:32775300:A:C	Benign	noncoding	0.020787596702575684	0.12304848432540894	0.14965513348579407	0.04158008098602295
chr1:32775301:T:C	Benign	noncoding	0.05934780836105347	0.05367058515548706	0.06272810697555542	0.11279803514480591
chr1:32775542:A:G	Benign	noncoding	0.055496424436569214	0.060237184166908264	0.0900932103395462	0.4737336039543152
chr1:32775595:C:A	Benign	noncoding	0.05493408441543579	0.025641299784183502	0.027694731950759888	0.1773708462715149
chr1:32775688:T:C	Benign	noncoding	0.1344330906867981	0.10487723350524902	0.0971863865852356	0.09960341453552246
chr1:32775843:C:T	Benign	noncoding	0.05594378709793091	0.08970683813095093	0.04585757851600647	0.2489008605480194
chr1:32775960:G:T	Benign	noncoding	0.07336938381195068	0.07650980353355408	0.02232426404953003	0.34677720069885254
chr1:32780201:C:G	Benign	coding	0.05397745966911316	0.03257101774215698	0.022298067808151245	0.06618429720401764
chr1:32810980:C:T	Benign	coding	0.11990106105804443	0.03543543815612793	0.07005470991134644	0.024165570735931396
chr1:32810994:C:T	Pathogenic	coding	0.13059303164482117	0.11790338158607483	0.09254282712936401	0.04131250083446503
chr1:33014480:G:C	Benign	noncoding	0.14283686876296997	0.01881146803498268	0.05343949794769287	0.008345939218997955
chr1:35011950:T:C	Benign	coding	0.03170710802078247	0.07972699403762817	0.05691441893577576	0.12429416179656982
chr1:35883453:G:A	Benign	noncoding	0.13155198097229004	0.05206426978111267	0.08833813667297363	0.13038119673728943
chr1:37804407:A:G	Pathogenic	coding	0.068767249584198	0.046299099922180176	0.029417574405670166	0.18320059776306152
chr1:39284212:G:T	Benign	noncoding	0.12061357498168945	0.07545268535614014	0.06610172986984253	0.1761372983455658
chr1:39309631:A:G	Benign	coding	0.021289527416229248	0.07406055927276611	0.014317899942398071	0.021728157997131348
chr1:39350810:G:A	Benign	coding	0.041947782039642334	0.11895400285720825	0.01039743423461914	0.23951083421707153
chr1:39350840:A:T	Benign	coding	0.20445261895656586	0.043263137340545654	0.004858970642089844	0.23138827085494995
chr1:39350874:G:A	Benign	coding	0.25405293703079224	0.08655908703804016	0.014368176460266113	0.31164610385894775
chr1:39353409:C:G	Benign	noncoding	0.0758330225944519	0.06772655248641968	0.09965580701828003	0.05364644527435303
chr1:39442209:A:G	Benign	coding	0.30857643485069275	0.09535336494445801	0.16994106769561768	0.20710846781730652
chr1:39448691:G:C	Benign	coding	0.40931928157806396	0.26314616203308105	0.05942371487617493	0.04642517864704132
chr1:39448727:A:T	Benign	coding	0.07312089204788208	0.01790553331375122	0.035744309425354004	0.05523425340652466
chr1:39451113:T:C	Benign	coding	0.14372873306274414	0.070698082447052	0.05719190835952759	0.06327486038208008
chr1:40073183:A:G	Benign	noncoding	0.10214316844940186	0.024283409118652344	0.04531806707382202	0.07422500848770142
chr1:40073776:A:C	Benign	noncoding	0.027846187353134155	0.07065397500991821	0.06386631727218628	0.08622908592224121
chr1:40073900:A:G	Benign	noncoding	0.04342389106750488	0.061934709548950195	0.060360461473464966	0.02915334701538086
chr1:40074049:A:G	Benign	noncoding	0.09531641006469727	0.12632399797439575	0.029413342475891113	0.056667983531951904
chr1:40076840:A:G	Pathogenic	noncoding	0.23536553978919983	0.09520971775054932	0.036085307598114014	0.5428543090820312
chr1:40076841:C:T	Pathogenic	noncoding	0.18643224239349365	0.09604978561401367	0.06400910019874573	0.4371548593044281
chr1:40076865:G:A	Pathogenic	noncoding	0.056954383850097656	0.0378301739692688	0.05680352449417114	0.11980032920837402
chr1:40076899:G:T	Pathogenic	noncoding	0.05132704973220825	0.03712618350982666	0.0252951979637146	0.12120139598846436
chr1:40076907:C:T	Pathogenic	coding	0.051662564277648926	0.03522050380706787	0.07439887523651123	0.06064140796661377
chr1:40076912:C:T	Pathogenic	noncoding	0.15601873397827148	0.07588446140289307	0.06027844548225403	0.22929108142852783
chr1:40076914:C:T	Pathogenic	noncoding	0.04670077562332153	0.07490754127502441	0.08042913675308228	0.3216506838798523
chr1:40239850:C:T	Benign	coding	0.017128407955169678	0.07830354571342468	0.042093873023986816	0.04808260500431061
chr1:40290879:T:A	Pathogenic	other	0.13304096460342407	0.17236608266830444	0.05867797136306763	0.11770088970661163
chr1:40290891:T:G	Pathogenic	other	0.23941144347190857	0.06376740336418152	0.1822383999824524	0.08113741874694824
chr1:40290899:C:T	Pathogenic	other	0.11212259531021118	0.10436433553695679	0.08382850885391235	0.14620187878608704
chr1:40293392:C:T	Benign	noncoding	0.08781352639198303	0.03406411409378052	0.05643242597579956	0.017766177654266357
chr1:42752551:G:A	Pathogenic	other	0.0756271481513977	0.12331688404083252	0.020555824041366577	0.5027621984481812
chr1:42752602:G:A	Pathogenic	other	0.035619139671325684	0.1455361545085907	0.03719890117645264	0.2934686839580536
chr1:42752665:C:G	Pathogenic	noncoding	0.08308786153793335	0.18180173635482788	0.07733982801437378	0.6733807921409607
chr1:42752665:C:T	Pathogenic	noncoding	0.04342931509017944	0.14024996757507324	0.060379981994628906	0.39082467555999756
chr1:42926415:C:T	Benign	noncoding	0.07941284775733948	0.06835246086120605	0.017432838678359985	0.018946722149848938
chr1:42926470:G:A	Benign	noncoding	0.1269974410533905	0.09714630246162415	0.026308059692382812	0.09280306100845337
chr1:42926578:A:G	Benign	noncoding	0.05576437711715698	0.06218862533569336	0.02112400531768799	0.5398529767990112
chr1:42926579:C:G	Benign	noncoding	0.03662294149398804	0.058680057525634766	0.11923983693122864	0.49351295828819275
chr1:42926695:C:T	Benign	noncoding	0.2111687958240509	0.0823514461517334	0.05378726124763489	0.17781180143356323
chr1:42926756:G:A	Benign	noncoding	0.22472190856933594	0.13437163829803467	0.03197631239891052	0.07372021675109863
chr1:42927148:G:T	Benign	coding	0.004735410213470459	0.04476165771484375	0.04891976714134216	0.11913442611694336
chr1:42927154:T:A	Pathogenic	other	0.044542163610458374	0.050925374031066895	0.05442759394645691	0.6710051894187927
chr1:42927169:T:A	Pathogenic	other	0.08365625143051147	0.055264830589294434	0.07176938652992249	0.7169737815856934
chr1:42927173:G:T	Pathogenic	other	0.044947683811187744	0.06961554288864136	0.026551276445388794	0.7141885757446289
chr1:43360848:C:T	Pathogenic	other	0.14334052801132202	0.05435919761657715	0.03343075513839722	0.4309246838092804
chr1:43360849:G:A	Pathogenic	coding	0.10820472240447998	0.0513799786567688	0.02524629235267639	0.05452445149421692
chr1:43361197:G:C	Pathogenic	coding	0.031500548124313354	0.026426196098327637	0.03756937384605408	0.16056141257286072
chr1:44636124:G:A	Pathogenic	coding	0.1535060852766037	0.07236242294311523	0.010989367961883545	0.5958348512649536
chr1:44636130:G:A	Pathogenic	coding	0.05307912826538086	0.06198206543922424	0.004586458206176758	0.05822071433067322
chr1:44941521:C:G	Benign	coding	0.08951956033706665	0.09467169642448425	0.09106877446174622	0.27446210384368896
chr1:45015336:G:A	Pathogenic	noncoding	0.013130426406860352	0.06311637163162231	0.031323790550231934	0.3654012978076935
chr1:45511300:C:T	Benign	noncoding	0.2928757667541504	0.14671951532363892	0.04387843608856201	0.07327139377593994
chr1:46267664:G:C	Benign	noncoding	0.09644359350204468	0.04374261945486069	0.02555304765701294	0.046087801456451416
chr1:47224170:C:G	Benign	noncoding	0.17283383011817932	0.19001024961471558	0.06570744514465332	0.20874987542629242
chr1:47225320:C:G	Benign	noncoding	0.115767702460289	0.2342565655708313	0.15739798545837402	0.2551097273826599
chr1:47269608:T:C	Benign	noncoding	0.3150448501110077	0.3109242916107178	0.035241976380348206	0.10813051462173462
chr1:47280819:G:T	Pathogenic	coding	0.11851200461387634	0.09201139211654663	0.10295224189758301	0.102728471159935
chr1:47293489:G:A	Pathogenic	other	0.007672905921936035	0.13229158520698547	0.10216012597084045	0.09572452306747437
chr1:51878485:G:A	Benign	coding	0.06321597099304199	0.03296917676925659	0.037121862173080444	0.06792739033699036
chr1:54849678:T:C	Benign	noncoding	0.04633903503417969	0.0520092248916626	0.10216158628463745	0.38689476251602173
chr1:54849938:C:G	Benign	noncoding	0.1671178638935089	0.07986414432525635	0.05845719575881958	0.11386024951934814
chr1:54850556:A:G	Benign	noncoding	0.09189444780349731	0.09917682409286499	0.033762991428375244	0.9508687853813171
chr1:54850649:A:G	Benign	noncoding	0.021506011486053467	0.047728151082992554	0.013145074248313904	0.004083573818206787
chr1:54850745:G:A	Benign	noncoding	0.021156564354896545	0.048564910888671875	0.025499582290649414	0.22623085975646973
chr1:54851445:T:C	Benign	noncoding	0.1500975489616394	0.03524601459503174	0.030019253492355347	0.07161322236061096
chr1:54852118:G:A	Benign	noncoding	0.06980425119400024	0.040214598178863525	0.017934858798980713	0.03135216236114502
chr1:55040253:C:T	Benign	noncoding	0.09375983476638794	0.045030176639556885	0.07754606008529663	0.08080649375915527
chr1:55058714:T:C	Benign	noncoding	0.013052523136138916	0.009236931800842285	0.013986170291900635	0.028672754764556885
chr1:61082989:T:G	Benign	noncoding	0.17793530225753784	0.02251395583152771	0.0813036561012268	0.07155916094779968
chr1:65395191:T:G	Benign	noncoding	0.1605357527732849	0.08272716403007507	0.09351915121078491	0.07798346877098083
chr1:75724754:T:C	Benign	noncoding	0.022007107734680176	0.06707817316055298	0.013210296630859375	0.04682058095932007
chr1:75724788:A:T	Pathogenic	coding	0.0161474347114563	0.0324363112449646	0.01621556282043457	0.06260061264038086
chr1:75724789:T:G	Pathogenic	coding	0.014323174953460693	0.04372715950012207	0.01323854923248291	0.1490275263786316
chr1:75724818:G:T	Pathogenic	noncoding	0.013085722923278809	0.07146114110946655	0.016639351844787598	0.2207578420639038
chr1:75724819:T:G	Pathogenic	noncoding	0.01278996467590332	0.14897820353507996	0.008783876895904541	0.37406885623931885
chr1:75740083:G:A	Pathogenic	other	0.03691303730010986	0.01986612379550934	0.03934392333030701	0.7268698215484619
chr1:75740084:G:A	Pathogenic	other	0.02539581060409546	0.12299203872680664	0.10511714220046997	0.7398660778999329
chr1:75740094:G:A	Pathogenic	coding	0.0218886137008667	0.08526895940303802	0.02696007490158081	0.09614133834838867
chr1:75740112:T:C	Pathogenic	noncoding	0.1858820617198944	0.2379959523677826	0.059404224157333374	0.8345664739608765
chr1:75740112:T:G	Pathogenic	noncoding	0.156795471906662	0.22197924554347992	0.06036752462387085	0.8318359851837158
chr1:75763435:T:C	Benign	noncoding	0.11916357278823853	0.09949412941932678	0.08215484023094177	0.24844053387641907
chr1:89582767:C:T	Benign	coding	0.04360353946685791	0.047255873680114746	0.017414391040802002	0.023664116859436035
chr1:92833433:C:A	Pathogenic	noncoding	0.1181967556476593	0.043816566467285156	0.018579304218292236	0.24411267042160034
chr1:92833433:C:G	Pathogenic	noncoding	0.15380030870437622	0.026291191577911377	0.04160451889038086	0.2957726716995239
chr1:92833452:C:T	Pathogenic	noncoding	0.12387865781784058	0.050904929637908936	0.023369014263153076	0.07408648729324341
chr1:92833455:C:T	Pathogenic	noncoding	0.23680639266967773	0.15370595455169678	0.07059621810913086	0.13227200508117676
chr1:92833460:T:G	Pathogenic	noncoding	0.016059160232543945	0.043361276388168335	0.060995787382125854	0.3221973180770874
chr1:92833544:G:C	Pathogenic	noncoding	0.056561172008514404	0.1682910919189453	0.0777895450592041	0.10550063848495483
chr1:92833603:C:G	Pathogenic	noncoding	0.026563048362731934	0.07997855544090271	0.08517548441886902	0.30526822805404663
chr1:92833632:G:C	Pathogenic	coding	0.08619117736816406	0.11562705039978027	0.1310752034187317	0.04563897103071213
chr1:92833658:C:T	Pathogenic	noncoding	0.06804037094116211	0.11609965562820435	0.044138818979263306	0.18179363012313843
chr1:92834833:G:T	Pathogenic	noncoding	0.22209924459457397	0.06462046504020691	0.04690366983413696	0.31731462478637695
chr1:92834847:T:C	Benign	coding	0.1557038426399231	0.11726135015487671	0.05483686923980713	0.07062327861785889
chr1:92837585:C:A	Pathogenic	noncoding	0.2155543565750122	0.025719404220581055	0.011987090110778809	0.6071470975875854
chr1:92837592:C:T	Pathogenic	noncoding	0.04132501780986786	0.04561015963554382	0.023693114519119263	0.40229472517967224
chr1:92840587:C:T	Pathogenic	noncoding	0.033052146434783936	0.13762593269348145	0.037895023822784424	4.5359134674072266e-05
chr1:92841745:A:G	Benign	noncoding	0.2743278443813324	0.04457154870033264	0.03090578317642212	0.08690261840820312
chr1:92841757:C:A	Benign	noncoding	0.19917424023151398	0.00623244047164917	0.0042111873626708984	0.0061942338943481445
chr1:92841817:A:G	Benign	coding	0.09911757707595825	0.08094888925552368	0.037749648094177246	0.0015651360154151917
chr1:99879853:C:G	Benign	noncoding	0.13804948329925537	0.12248265743255615	0.04606670141220093	0.11516004800796509
chr1:99900647:T:G	Pathogenic	other	0.06117677688598633	0.09287840127944946	0.04002565145492554	0.164170503616333
chr1:99900712:A:G	Pathogenic	coding	0.026772916316986084	0.05371314287185669	0.028625965118408203	0.12075692415237427
chr1:99900717:C:A	Pathogenic	other	0.10524851083755493	0.034482598304748535	0.012966513633728027	0.15537884831428528
chr1:109228441:T:C	Benign	noncoding	0.24360869824886322	0.1533573716878891	0.03687533736228943	0.11725467443466187
chr1:109250560:A:C	Benign	coding	0.017648756504058838	0.03584498167037964	0.013803571462631226	0.0057258158922195435
chr1:109342153:T:G	Benign	coding	0.10310238599777222	0.1010759174823761	0.016297966241836548	0.060969263315200806
chr1:109627335:A:G	Benign	noncoding	0.008873581886291504	0.02733910083770752	0.05963444709777832	0.08433198928833008
chr1:109627353:G:A	Benign	noncoding	0.020483195781707764	0.011733174324035645	0.04585987329483032	0.054033100605010986
chr1:111118791:T:C	Benign	noncoding	0.10487261414527893	0.04788869619369507	0.036566510796546936	0.026179403066635132
chr1:111118820:G:T	Pathogenic	other	0.11107668280601501	0.059382855892181396	0.06560581922531128	0.1601070761680603
chr1:111118860:C:T	Pathogenic	other	0.09252077341079712	0.023344218730926514	0.04656016826629639	0.05438786745071411
chr1:111118906:T:C	Benign	noncoding	0.08528193831443787	0.08988142013549805	0.041039854288101196	0.09045840799808502
chr1:111119906:G:A	Pathogenic	other	0.07526189088821411	0.0717516839504242	0.14423540234565735	0.48242947459220886
chr1:111131424:C:T	Pathogenic	coding	0.06674465537071228	0.023851364850997925	0.06777474284172058	0.3912726044654846
chr1:111131476:A:G	Pathogenic	coding	0.05072563886642456	0.0286138653755188	0.01359647512435913	0.03158092498779297
chr1:111131550:C:T	Pathogenic	noncoding	0.18549400568008423	0.02066671848297119	0.06073141098022461	0.16501575708389282
chr1:111131552:C:T	Pathogenic	coding	0.06606289744377136	0.05022430419921875	0.32985058426856995	0.06487005949020386
chr1:112917424:G:A	Pathogenic	other	0.04434332251548767	0.01963348686695099	0.033677294850349426	0.060513854026794434
chr1:112917469:G:A	Pathogenic	other	0.016909152269363403	0.088735431432724	0.034340858459472656	0.1156013011932373
chr1:113905767:C:T	Benign	coding	0.12829291820526123	0.05854684114456177	0.02058321237564087	0.012029588222503662
chr1:114421583:G:C	Benign	coding	0.09987354278564453	0.0996902585029602	0.07902204990386963	0.2247369885444641
chr1:114704709:C:T	Benign	noncoding	0.04358094930648804	0.09143084287643433	0.021481037139892578	0.054700374603271484
chr1:114704710:G:A	Benign	noncoding	0.05838000774383545	0.07110106945037842	0.020096898078918457	0.051027536392211914
chr1:114707407:T:C	Benign	noncoding	0.12763318419456482	0.18502236902713776	0.07592859864234924	0.27881520986557007
chr1:114707748:C:T	Benign	noncoding	0.029741093516349792	0.0932111144065857	0.07370807230472565	0.0744054913520813
chr1:114732771:T:A	Pathogenic	other	0.09331211447715759	0.21043488383293152	0.04362046718597412	0.6729307174682617
chr1:114736778:A:G	Benign	coding	0.15293508768081665	0.05100226402282715	0.029920130968093872	0.00025260448455810547
chr1:114739730:G:C	Pathogenic	other	0.22631266713142395	0.18157072365283966	0.13708657026290894	0.33064964413642883
chr1:116389589:T:C	Pathogenic	coding	0.18430110812187195	0.03552180528640747	0.03333684802055359	0.01997317746281624
chr1:116389589:T:G	Pathogenic	coding	0.21807965636253357	0.02813437581062317	0.07401055097579956	0.07168131321668625
chr1:116389591:G:C	Pathogenic	coding	0.07739168405532837	0.12654608488082886	0.06693243980407715	0.022957975044846535
chr1:116389679:T:G	Pathogenic	coding	0.024115025997161865	0.10938772559165955	0.13087552785873413	0.48803529143333435
chr1:116395106:G:A	Benign	noncoding	0.13518574833869934	0.09988322854042053	0.037532418966293335	0.21049660444259644
chr1:116395187:A:G	Benign	coding	0.12333172559738159	0.021001353859901428	0.05167591571807861	0.1695367395877838
chr1:116403938:C:T	Benign	coding	0.10893368721008301	0.10755433142185211	0.00920170545578003	0.09696853160858154
chr1:116403983:T:C	Benign	noncoding	0.13166552782058716	0.09203696250915527	0.03316771984100342	0.06881892681121826
chr1:116404401:C:T	Benign	noncoding	0.16871541738510132	0.06342679262161255	0.024289995431900024	0.5067358613014221
chr1:116404429:G:A	Benign	coding	0.06489628553390503	0.07314079999923706	0.044576942920684814	0.34839579463005066
chr1:117075402:G:C	Benign	coding	0.149692565202713	0.05454659461975098	0.032122790813446045	0.412160187959671
chr1:145926888:T:C	Pathogenic	noncoding	0.11005592346191406	0.06313151121139526	0.032031476497650146	0.7734386920928955
chr1:147291489:T:A	Benign	coding	0.020920395851135254	0.09831827878952026	0.02636575698852539	0.0671921968460083
chr1:149923922:G:A	Pathogenic	other	0.04244953393936157	0.07802209258079529	0.024272620677947998	0.0968468189239502
chr1:149923950:G:T	Benign	coding	0.015574157238006592	0.04407179355621338	0.03282731771469116	0.06334328651428223
chr1:149923959:G:A	Benign	coding	0.08753430843353271	0.18560588359832764	0.025111675262451172	0.041065871715545654
chr1:149924013:C:A	Benign	coding	0.017955586314201355	0.06180192530155182	0.12371477484703064	0.008421480655670166
chr1:150353133:G:A	Benign	noncoding	0.002366498112678528	0.06210517883300781	0.07522913813591003	0.13198494911193848
chr1:150555732:C:T	Benign	noncoding	6.717443466186523e-05	1.5854835510253906e-05	0.011432528495788574	0.0006721019744873047
chr1:150555815:A:G	Benign	noncoding	0.0006777644157409668	5.704164505004883e-05	0.09792101383209229	0.0005283355712890625
chr1:150555833:A:T	Benign	noncoding	0.0004388093948364258	7.981061935424805e-05	0.061434149742126465	0.000740349292755127
chr1:150556766:C:T	Benign	coding	0.09659790992736816	0.07325053215026855	0.03860670328140259	0.018091946840286255
chr1:150560316:G:A	Benign	noncoding	0.04576443135738373	0.036121666431427	0.05511683225631714	0.07962870597839355
chr1:150578834:C:A	Benign	noncoding	0.033573806285858154	0.04683966934680939	0.10486364364624023	0.05874180793762207
chr1:150966842:G:A	Benign	coding	0.09893560409545898	0.05576708912849426	0.05873633921146393	0.11319784820079803
chr1:150967407:A:G	Benign	coding	0.052712708711624146	0.05219721794128418	0.027663588523864746	0.3539964556694031
chr1:150967832:G:A	Benign	coding	0.062290340662002563	0.13754111528396606	0.07101109623908997	0.07965913414955139
chr1:151288713:C:T	Benign	noncoding	0.057819753885269165	0.1862373948097229	0.017936766147613525	0.1171407699584961
chr1:151289257:A:C	Benign	coding	0.08529555797576904	0.07721370458602905	0.022589653730392456	0.048287153244018555
chr1:151289291:C:T	Benign	noncoding	0.024549901485443115	0.0360378623008728	0.059236079454422	0.08360554277896881
chr1:151399571:C:T	Benign	other	0.5862857699394226	0.13700050115585327	0.03241187334060669	0.2110854685306549
chr1:151399605:G:A	Benign	coding	0.11411839723587036	0.1991143524646759	0.05096703767776489	0.10134077072143555
chr1:151401328:C:A	Pathogenic	other	0.035079121589660645	0.08282279968261719	0.018988370895385742	0.305876761674881
chr1:151408216:G:T	Pathogenic	other	0.02813464030623436	0.018423914909362793	0.10027092695236206	0.7354499101638794
chr1:151408249:G:A	Benign	noncoding	0.004658937454223633	0.02657371759414673	0.07407170534133911	0.17191755771636963
chr1:151408250:A:G	Benign	noncoding	0.013639509677886963	0.017118394374847412	0.042715370655059814	0.18777334690093994
chr1:151408251:A:G	Benign	noncoding	0.04245668649673462	0.0314975380897522	0.08575946092605591	0.2552565336227417
chr1:151428149:G:C	Pathogenic	other	0.09967684745788574	0.06392514705657959	0.02792993187904358	0.12299633026123047
chr1:151428249:G:A	Pathogenic	other	0.018775224685668945	0.018357038497924805	0.007164597511291504	0.17065852880477905
chr1:151428270:G:A	Pathogenic	other	0.05529850721359253	0.04290264844894409	0.007334113121032715	0.3680737614631653
chr1:153991107:C:T	Benign	noncoding	0.2445017397403717	0.103610560297966	0.03309822082519531	0.0393296480178833
chr1:153991591:T:C	Benign	coding	0.06573140621185303	0.05774003267288208	0.035752058029174805	0.4313167333602905
chr1:154170417:G:T	Pathogenic	coding	0.19945621490478516	0.09724700450897217	0.02008599042892456	0.0002942681312561035
chr1:154172205:A:T	Benign	noncoding	0.06484036147594452	0.13367265462875366	0.10304555296897888	0.030940905213356018
chr1:154176194:G:T	Pathogenic	coding	0.0503917932510376	0.07323166728019714	0.034006267786026	0.06459206342697144
chr1:154176220:C:G	Pathogenic	coding	0.14804428815841675	0.08199697732925415	0.061381906270980835	0.4465612471103668
chr1:154251068:T:C	Benign	coding	0.0811992883682251	0.1498676836490631	0.030237436294555664	0.017635688185691833
chr1:154254023:C:T	Benign	coding	0.05723869800567627	0.11242669820785522	0.12061077356338501	0.9608030915260315
chr1:154254081:C:T	Pathogenic	other	0.08182775974273682	0.04132956266403198	0.05377161502838135	0.2086750864982605
chr1:154273806:G:T	Pathogenic	other	0.34535783529281616	0.08422231674194336	0.028752148151397705	0.7910531759262085
chr1:154273840:C:G	Pathogenic	other	0.1025068610906601	0.1187075525522232	0.06096649169921875	0.10975583642721176
chr1:154274934:A:G	Benign	noncoding	0.05134660005569458	0.017974793910980225	0.03251779079437256	0.012367606163024902
chr1:154274949:G:C	Pathogenic	noncoding	0.01898282766342163	0.16791287064552307	0.07582646608352661	0.6208149194717407
chr1:154274963:G:A	Pathogenic	other	0.028650104999542236	0.01122349500656128	0.031239211559295654	0.08172351121902466
chr1:154582163:C:T	Benign	noncoding	0.0179520845413208	0.04183220863342285	0.07529065012931824	0.1034015417098999
chr1:154582183:G:A	Benign	noncoding	0.05043363571166992	0.03679490089416504	0.07831639051437378	0.022544503211975098
chr1:154584393:T:A	Benign	noncoding	0.28038620948791504	0.057405903935432434	0.10027971863746643	0.09658366441726685
chr1:154584438:C:T	Benign	noncoding	0.09620177745819092	0.11134792864322662	0.03593093156814575	0.11854121088981628
chr1:154584993:A:G	Pathogenic	coding	0.10654550790786743	0.09231260418891907	0.05903509259223938	0.12153613567352295
chr1:154585345:C:A	Pathogenic	noncoding	0.15116703510284424	0.09603038430213928	0.08694329857826233	0.5848227739334106
chr1:154601491:T:C	Benign	coding	0.06382346153259277	0.017586618661880493	0.018138408660888672	0.08477085828781128
chr1:154602251:G:A	Pathogenic	noncoding	0.037146568298339844	0.04712867736816406	0.03563261032104492	0.283378541469574
chr1:155058704:G:T	Benign	noncoding	0.0203111469745636	0.17067685723304749	0.01686379313468933	0.02706432342529297
chr1:155290305:G:A	Benign	noncoding	0.07962208986282349	0.17231649160385132	0.040324628353118896	0.06962370872497559
chr1:155293295:C:A	Pathogenic	other	0.24565404653549194	0.051023393869400024	0.010422945022583008	0.30451154708862305
chr1:155293314:G:T	Pathogenic	other	0.10285001993179321	0.03639402985572815	0.022238314151763916	0.6244122982025146
chr1:155294233:A:C	Pathogenic	noncoding	0.007981598377227783	0.051252126693725586	0.014138877391815186	0.2304610013961792
chr1:155294260:C:T	Pathogenic	coding	0.05298882722854614	0.07392308115959167	0.02651458978652954	0.023257076740264893
chr1:155294272:C:T	Pathogenic	coding	0.05782186985015869	0.05692178010940552	0.032483577728271484	0.11163181066513062
chr1:155294341:C:T	Pathogenic	coding	0.025706112384796143	0.020638465881347656	0.03827857971191406	0.025311052799224854
chr1:155320440:T:C	Benign	coding	0.05866903066635132	0.11185935139656067	0.0168306827545166	0.047676682472229004
chr1:155756957:C:T	Pathogenic	noncoding	0.03754317760467529	0.12934574484825134	0.07479614019393921	0.7940119504928589
chr1:155910782:C:G	Benign	coding	0.019645214080810547	0.02596968412399292	0.03960251808166504	0.06405705213546753
chr1:156041545:G:A	Benign	coding	0.039499133825302124	0.0957837700843811	0.011047840118408203	0.0271989107131958
chr1:156134820:A:T	Pathogenic	other	0.05955946445465088	0.02915319800376892	0.026024162769317627	0.13206934928894043
chr1:156134853:G:A	Pathogenic	coding	0.13404732942581177	0.025474369525909424	0.010992228984832764	0.019966483116149902
chr1:156134854:A:C	Pathogenic	coding	0.33236202597618103	0.033532679080963135	0.017018377780914307	0.12427663803100586
chr1:156134859:G:C	Pathogenic	coding	0.25181251764297485	0.058766961097717285	0.0076951682567596436	0.15534770488739014
chr1:156134865:C:T	Pathogenic	other	0.046938925981521606	0.09692847728729248	0.07931652665138245	0.1179932951927185
chr1:156138228:C:T	Benign	noncoding	0.02500516176223755	0.06236585974693298	0.01557934284210205	0.10020992159843445
chr1:156138257:T:C	Benign	noncoding	0.02073007822036743	0.05005733668804169	0.012983769178390503	0.056528568267822266
chr1:156139298:A:C	Benign	noncoding	0.07364654541015625	0.009111940860748291	0.01583629846572876	0.020284533500671387
chr1:156139499:T:C	Benign	noncoding	0.04344463348388672	0.044527411460876465	0.1308186650276184	0.047987937927246094
chr1:156139853:G:A	Benign	noncoding	0.03468585014343262	0.03387141227722168	0.014208972454071045	0.029552757740020752
chr1:156594013:G:A	Benign	coding	0.12977856397628784	0.04182915389537811	0.048964112997055054	0.03032812476158142
chr1:156594021:G:A	Benign	coding	0.03088439255952835	0.17546021938323975	0.04045844078063965	0.05695635825395584
chr1:156594042:G:A	Benign	coding	0.05841371417045593	0.04518347978591919	0.046375423669815063	0.09314948320388794
chr1:156594060:C:T	Benign	coding	0.053807809948921204	0.04697299003601074	0.06849455833435059	0.10517793893814087
chr1:156594106:T:C	Benign	noncoding	0.21665164828300476	0.04143589735031128	0.04588767886161804	0.042787790298461914
chr1:156875648:C:T	Pathogenic	other	0.023408830165863037	0.002349257469177246	0.09592080116271973	0.00824791006743908
chr1:158610969:G:A	Benign	noncoding	0.17805242538452148	0.15021273493766785	0.10340303182601929	0.6514833569526672
chr1:158610988:A:G	Benign	noncoding	0.27067267894744873	0.43867745995521545	0.08460777997970581	0.1814776062965393
chr1:158611097:T:C	Benign	noncoding	0.009170331060886383	0.0345003604888916	0.04221068322658539	0.11518307030200958
chr1:158614301:A:G	Benign	coding	0.009304285049438477	0.057103514671325684	0.05132836103439331	0.02348591387271881
chr1:158666411:G:A	Pathogenic	other	0.48758941888809204	0.17378082871437073	0.05726438760757446	0.9231226444244385
chr1:158666434:C:T	Benign	coding	0.12323154509067535	0.06837517023086548	0.08215296268463135	0.09137341380119324
chr1:158666483:C:A	Pathogenic	other	0.09989571571350098	0.1446818709373474	0.11087048053741455	0.5520413517951965
chr1:158677780:A:G	Benign	coding	0.07639631628990173	0.02354031801223755	0.06048712134361267	0.0732787549495697
chr1:158677841:T:A	Benign	noncoding	0.13886933028697968	0.08885526657104492	0.029008448123931885	0.2550259828567505
chr1:160277395:G:C	Benign	noncoding	0.054941266775131226	0.05616164207458496	0.04139751195907593	0.17082685232162476
chr1:160278080:T:A	Benign	noncoding	0.10036623477935791	0.02926534414291382	0.03320224583148956	0.09379248321056366
chr1:160297765:G:A	Benign	noncoding	0.10165002942085266	0.12159419059753418	0.044489145278930664	0.09803652763366699
chr1:160299191:G:A	Benign	coding	0.1313750147819519	0.1389937698841095	0.05730566382408142	0.2584441900253296
chr1:160311939:A:G	Benign	coding	0.10543856024742126	0.19850456714630127	0.0961993932723999	0.051898278295993805
chr1:160323447:C:A	Pathogenic	coding	0.014302372932434082	0.09950459003448486	0.07427415251731873	0.11203557252883911
chr1:160323487:A:G	Benign	coding	0.25350797176361084	0.0761420726776123	0.052746355533599854	0.13873296976089478
chr1:160335314:A:G	Benign	coding	0.0894460678100586	0.06953488290309906	0.08358412981033325	0.30676698684692383
chr1:160358245:C:T	Benign	coding	0.19606724381446838	0.07300430536270142	0.03498929738998413	0.10686340928077698
chr1:161169659:G:A	Pathogenic	noncoding	0.2024577409029007	0.109093576669693	0.10916304588317871	0.4108099341392517
chr1:161169660:G:T	Pathogenic	coding	0.1704440712928772	0.10558311641216278	0.06694728136062622	0.2418997883796692
chr1:161210647:A:G	Pathogenic	coding	0.03919011354446411	0.022728681564331055	0.036090731620788574	0.010042011737823486
chr1:161210723:T:A	Benign	noncoding	0.015021264553070068	0.04146844148635864	0.013927578926086426	0.024323344230651855
chr1:161214307:A:G	Benign	noncoding	0.05201587826013565	0.21402674913406372	0.04049360752105713	0.25217151641845703
chr1:161305115:T:C	Benign	noncoding	0.02668142318725586	0.037277743220329285	0.030771374702453613	0.016029655933380127
chr1:161356783:T:G	Benign	coding	0.05275076627731323	0.1323007345199585	0.07065266370773315	0.26587849855422974
chr1:161356814:C:T	Pathogenic	coding	0.5566798448562622	0.3943839371204376	0.015559583902359009	0.3458651304244995
chr1:161356832:C:T	Pathogenic	noncoding	0.07884922623634338	0.0858534574508667	0.09306371212005615	0.35688507556915283
chr1:161356841:G:A	Pathogenic	noncoding	0.10105165839195251	0.20028084516525269	0.016315221786499023	0.6020534634590149
chr1:161356841:G:C	Pathogenic	noncoding	0.1046660840511322	0.17769557237625122	0.029966533184051514	0.5368927121162415
chr1:161784012:T:C	Benign	coding	0.03829532861709595	0.049559831619262695	0.030209064483642578	0.14539380371570587
chr1:161784051:G:A	Benign	coding	0.09639573097229004	0.03407752513885498	0.0639808177947998	0.05988717079162598
chr1:161802072:C:T	Pathogenic	other	0.031571805477142334	0.05181223154067993	0.008550465106964111	0.029592931270599365
chr1:161802078:A:G	Benign	coding	0.10796904563903809	0.03246637433767319	0.03835204243659973	0.1566430926322937
chr1:161802167:C:T	Benign	coding	0.06457462906837463	0.07688438892364502	0.013637006282806396	0.09440475702285767
chr1:161802196:C:T	Benign	coding	0.06315723061561584	0.12927645444869995	0.024867966771125793	0.19173744320869446
chr1:161802224:C:T	Benign	coding	0.12106454372406006	0.060584962368011475	0.03958955407142639	0.032946523278951645
chr1:161819672:C:T	Pathogenic	other	0.04826781153678894	0.22976237535476685	0.04503679275512695	0.12308931350708008
chr1:161819693:C:T	Pathogenic	coding	0.2295573204755783	0.040728382766246796	0.023773193359375	0.006325714290142059
chr1:162587615:G:A	Benign	coding	0.09319525957107544	0.07062786817550659	0.06408795714378357	0.04969334602355957
chr1:169465789:C:T	Benign	noncoding	0.12350957095623016	0.22310715913772583	0.0211164653301239	0.06477223336696625
chr1:169468154:A:G	Benign	coding	0.005761295557022095	0.027314573526382446	0.056008607149124146	0.08476310968399048
chr1:169468785:C:T	Pathogenic	other	0.09586542844772339	0.03493696451187134	0.013055622577667236	0.12488877773284912
chr1:169468793:C:T	Pathogenic	other	0.042645037174224854	0.1332058608531952	0.023331135511398315	0.38739514350891113
chr1:169468837:C:T	Pathogenic	noncoding	0.13788443803787231	0.057366788387298584	0.1121780276298523	0.7311246395111084
chr1:171784135:G:A	Benign	coding	0.05833637714385986	0.022459805011749268	0.04279962182044983	0.23155707120895386
chr1:172551552:G:A	Benign	coding	0.0098152756690979	0.1243663877248764	0.10058188438415527	0.023787282407283783
chr1:173751930:T:C	Benign	noncoding	0.31693899631500244	0.07514235377311707	0.06971871852874756	0.060417622327804565
chr1:173825235:C:G	Pathogenic	other	0.3479088246822357	0.2635728120803833	0.01494377851486206	0.08174830675125122
chr1:173825249:T:A	Pathogenic	other	0.15858665108680725	0.07846257090568542	0.033420443534851074	0.16857486963272095
chr1:173961865:G:A	Pathogenic	other	0.05620718002319336	0.028069734573364258	0.10487008094787598	0.5332818031311035
chr1:175006836:A:G	Benign	coding	0.10271240770816803	0.0758281946182251	0.05724206566810608	0.3340871036052704
chr1:182382994:G:A	Benign	noncoding	0.12090933322906494	0.11004894971847534	0.061517953872680664	0.2509496808052063
chr1:182383041:C:T	Benign	noncoding	0.0711851716041565	0.07276022434234619	0.04166725277900696	0.6074820160865784
chr1:182383065:G:T	Benign	noncoding	0.14509576559066772	0.16985175013542175	0.08631101250648499	0.7664581537246704
chr1:182383129:G:A	Benign	noncoding	0.06068545579910278	0.00847984105348587	0.09528380632400513	0.16530942916870117
chr1:182383486:T:C	Benign	noncoding	0.104554682970047	0.09419906139373779	0.027371928095817566	0.13847500085830688
chr1:182383858:G:T	Benign	noncoding	0.12017512321472168	0.04198503494262695	0.007936835289001465	0.12579941749572754
chr1:182384063:A:T	Benign	noncoding	0.0431232750415802	0.07149147987365723	0.026661798357963562	0.051721274852752686
chr1:182384702:C:T	Benign	coding	0.1679258942604065	0.1996898055076599	0.052752792835235596	0.20303523540496826
chr1:182385392:G:A	Benign	coding	0.16842254996299744	0.1662786900997162	0.06330248713493347	0.007118105888366699
chr1:182387264:A:G	Benign	coding	0.1898120641708374	0.026658236980438232	0.10208478569984436	0.15453320741653442
chr1:182867044:G:A	Pathogenic	noncoding	0.1343434453010559	0.041966259479522705	0.10606378316879272	0.6364871263504028
chr1:183142906:G:C	Benign	noncoding	0.1621372252702713	0.1407056748867035	0.11024531722068787	0.017373502254486084
chr1:186341106:C:T	Benign	coding	0.01259315013885498	0.09735405445098877	0.058038532733917236	0.08030088245868683
chr1:193236309:G:A	Pathogenic	other	0.03421306610107422	0.038368433713912964	0.052923545241355896	0.3420509696006775
chr1:193236316:G:A	Pathogenic	other	0.05480474233627319	0.09685607254505157	0.05106174945831299	0.17247354984283447
chr1:193236333:C:G	Pathogenic	other	0.05336567759513855	0.02638530731201172	0.0850401520729065	0.1750507354736328
chr1:193253662:A:G	Benign	noncoding	0.15100330114364624	0.1620149314403534	0.13433009386062622	0.18173187971115112
chr1:196692375:G:C	Benign	noncoding	0.01954403519630432	0.09349125623703003	0.17769521474838257	0.04455624148249626
chr1:197091956:A:C	Benign	coding	0.22679656744003296	0.04357057809829712	0.04681098461151123	0.37105923891067505
chr1:197122609:C:A	Benign	noncoding	0.10852386057376862	0.07543635368347168	0.04772913455963135	0.12434858083724976
chr1:197129186:C:T	Pathogenic	noncoding	0.026705533266067505	0.040460169315338135	0.10521730780601501	0.8041982650756836
chr1:198734405:C:T	Pathogenic	other	0.05963927507400513	0.035301268100738525	0.03509977459907532	0.3030439019203186
chr1:202333530:G:A	Pathogenic	other	0.06034271419048309	0.04214867949485779	0.034986019134521484	0.06525400280952454
chr1:202756360:C:A	Pathogenic	other	0.03712886571884155	0.1352415680885315	0.025358498096466064	0.2389686107635498
chr1:202946427:C:T	Benign	noncoding	0.034653425216674805	0.020477280020713806	0.032167211174964905	0.16403263807296753
chr1:204410404:T:C	Benign	coding	0.07368703186511993	0.07856541872024536	0.036947786808013916	0.07607105374336243
chr1:204410489:C:T	Benign	coding	0.1581781506538391	0.08977964520454407	0.06228485703468323	0.11907413601875305
chr1:207325741:A:G	Benign	noncoding	0.035301029682159424	0.1484779417514801	0.07293176651000977	0.10509994626045227
chr1:207326769:C:T	Pathogenic	coding	0.1333681344985962	0.10915428400039673	0.04957965016365051	0.6716561317443848
chr1:207331243:G:C	Pathogenic	coding	0.2300034761428833	0.032453179359436035	0.02828657627105713	0.029994696378707886
chr1:207339389:G:A	Benign	noncoding	0.05861866474151611	0.1465054303407669	0.0497126430273056	0.08849087357521057
chr1:207339413:A:G	Benign	coding	0.04726115241646767	0.06368261575698853	0.0167047381401062	0.08945417404174805
chr1:207761208:A:T	Benign	noncoding	0.03490030765533447	0.23042722046375275	0.061893343925476074	0.03616980463266373
chr1:207761247:A:G	Pathogenic	noncoding	0.2039572298526764	0.08382397890090942	0.04466134309768677	0.33620327711105347
chr1:207761403:T:C	Benign	coding	0.040882408618927	0.09446322917938232	0.026126980781555176	0.08744436502456665
chr1:207767107:C:A	Pathogenic	other	0.1441095471382141	0.2413417100906372	0.012221559882164001	0.7004532217979431
chr1:207767167:G:A	Pathogenic	other	0.09964443743228912	0.028706565499305725	0.08046799898147583	0.23281356692314148
chr1:207767215:T:C	Benign	noncoding	0.0319451242685318	0.021332204341888428	0.01052790880203247	0.03333824872970581
chr1:207767589:C:T	Benign	noncoding	0.17988604307174683	0.16462764143943787	0.056568704545497894	0.17519479990005493
chr1:207767777:A:G	Pathogenic	noncoding	0.2290269136428833	0.1710982322692871	0.03144998848438263	0.569686770439148
chr1:207767846:G:T	Benign	noncoding	0.3357154428958893	0.6052920818328857	0.1374509483575821	0.195449098944664
chr1:207785659:T:A	Pathogenic	coding	0.03882622718811035	0.06641930341720581	0.04828476905822754	0.05759477615356445
chr1:207785684:T:A	Pathogenic	noncoding	0.1020263135433197	0.21928656101226807	0.04072976112365723	0.4072622060775757
chr1:207785725:T:C	Benign	noncoding	0.13422518968582153	0.024867475032806396	0.03930285573005676	0.08087043464183807
chr1:207785791:T:A	Benign	noncoding	0.016261935234069824	0.0409356951713562	0.01997554302215576	0.011939644813537598
chr1:207794374:T:C	Benign	noncoding	0.0354805588722229	0.06461769342422485	0.06363517045974731	0.10295704007148743
chr1:207794395:G:A	Benign	noncoding	0.19811704754829407	0.02995973825454712	0.08747050166130066	0.014624267816543579
chr1:211674304:G:C	Benign	coding	0.044429659843444824	0.021410495042800903	0.04133930802345276	0.021153781563043594
chr1:212887966:T:C	Benign	coding	0.26365727186203003	0.07521873712539673	0.06772029399871826	0.10321822762489319
chr1:212887996:G:C	Benign	coding	0.0857282280921936	0.05711609125137329	0.1311083734035492	0.31414273381233215
chr1:212888020:T:A	Benign	noncoding	0.009858489036560059	0.05081164836883545	0.04954385757446289	0.1384889930486679
chr1:212888571:G:A	Pathogenic	coding	0.08667188882827759	0.15600013732910156	0.03730785846710205	0.10601511597633362
chr1:213104476:C:A	Benign	coding	0.16830456256866455	0.0928468108177185	0.01518934965133667	0.012589648365974426
chr1:213129907:T:C	Benign	noncoding	0.13354888558387756	0.10445338487625122	0.10298788547515869	0.05609893798828125
chr1:214640598:C:G	Benign	coding	0.04918202757835388	0.04297718405723572	0.02206110954284668	0.20827782154083252
chr1:214663993:G:A	Benign	noncoding	0.11542585492134094	0.021155893802642822	0.018071740865707397	0.0030517578125
chr1:219211603:C:G	Benign	coding	0.25382858514785767	0.2602367103099823	0.0729270726442337	0.05241972208023071
chr1:219915173:G:A	Benign	noncoding	0.02273315191268921	0.052907347679138184	0.027878999710083008	0.010156571865081787
chr1:219927660:A:C	Benign	noncoding	0.007404029369354248	0.009525656700134277	0.0029528141021728516	0.06521886587142944
chr1:219927663:A:C	Benign	noncoding	0.007998943328857422	0.004889011383056641	0.001767873764038086	0.040389418601989746
chr1:219927666:A:C	Benign	noncoding	0.0008973479270935059	0.008138120174407959	0.0029320120811462402	0.028443217277526855
chr1:219973332:G:A	Pathogenic	other	0.14072927832603455	0.2923274040222168	0.13792449235916138	0.5998439788818359
chr1:219984215:C:T	Pathogenic	other	0.03446477651596069	0.1528974175453186	0.03368252515792847	0.01400679349899292
chr1:219988662:C:T	Benign	coding	0.05448770523071289	0.15650388598442078	0.031559400260448456	0.1403871476650238
chr1:219988687:G:T	Benign	coding	0.050203919410705566	0.1224810779094696	0.08529861271381378	0.09466816484928131
chr1:220006307:T:C	Benign	coding	0.10005143284797668	0.1017037034034729	0.11820265650749207	0.2856452465057373
chr1:220024283:G:T	Benign	coding	0.07893705368041992	0.06220903992652893	0.012374147772789001	0.07320442795753479
chr1:220024321:C:G	Benign	coding	0.08323562145233154	0.07225066423416138	0.04688006639480591	0.26338255405426025
chr1:220058978:T:G	Pathogenic	coding	0.08330601453781128	0.12034595012664795	0.058904677629470825	0.0840681791305542
chr1:220102352:G:C	Benign	noncoding	0.04732978343963623	0.19585350155830383	0.07297959923744202	0.21441084146499634
chr1:220102355:T:C	Benign	noncoding	0.07167619466781616	0.045667439699172974	0.04123485088348389	0.052106261253356934
chr1:220102404:G:A	Benign	coding	0.024476349353790283	0.05666172504425049	0.035369873046875	0.04133306443691254
chr1:220114398:A:G	Benign	coding	0.04083937406539917	0.0325050950050354	0.05700439214706421	0.5830255746841431
chr1:220150326:G:A	Benign	noncoding	0.0044771283864974976	0.032260581851005554	0.03267890214920044	0.005516348406672478
chr1:224404453:C:A	Pathogenic	other	0.09276598691940308	0.07047241926193237	0.04640507698059082	0.29964619874954224
chr1:224411509:C:T	Pathogenic	other	0.05952030420303345	0.08592134714126587	0.0929286926984787	0.11751443147659302
chr1:224418259:C:T	Pathogenic	noncoding	0.08750736713409424	0.05976027250289917	0.14328604936599731	0.24028867483139038
chr1:225401771:C:T	Benign	noncoding	0.027597874402999878	0.04338645935058594	0.0407862663269043	0.019636213779449463
chr1:225402534:T:A	Benign	noncoding	0.0242576003074646	0.0305325984954834	0.017475247383117676	0.07818949222564697
chr1:225402973:A:C	Benign	noncoding	0.24937701225280762	0.03909015655517578	0.12793657183647156	0.17952290177345276
chr1:225422217:G:A	Pathogenic	other	0.1337566375732422	0.05078291893005371	0.024413585662841797	0.18748804926872253
chr1:225422279:T:C	Pathogenic	noncoding	0.2459796667098999	0.06334102153778076	0.03587907552719116	0.09788426756858826
chr1:225921374:A:G	Benign	noncoding	0.025286108255386353	0.10382342338562012	0.017093002796173096	0.04742211103439331
chr1:225921959:G:A	Pathogenic	noncoding	0.12902718782424927	0.16134735941886902	0.025593578815460205	0.48026108741760254
chr1:225922064:G:A	Pathogenic	noncoding	0.14920449256896973	0.07066798210144043	0.03892099857330322	0.6267516613006592
chr1:226071394:A:T	Pathogenic	coding	0.003780379891395569	0.044388577342033386	0.12361899018287659	0.000638389028608799
chr1:226071403:C:T	Pathogenic	coding	0.014055490493774414	0.044220417737960815	0.078009694814682	0.0016689896583557129
chr1:226186655:T:A	Benign	coding	0.12087202072143555	0.08942025899887085	0.013886183500289917	0.08980733156204224
chr1:226965995:T:C	Benign	noncoding	0.13019907474517822	0.09697610139846802	0.03374961018562317	0.13118985295295715
chr1:226976121:T:G	Benign	noncoding	0.06410360336303711	0.034591615200042725	0.016884207725524902	0.14642059803009033
chr1:226976127:T:C	Benign	noncoding	0.011785745620727539	0.020965576171875	0.012300491333007812	0.27893051505088806
chr1:226982305:G:A	Benign	noncoding	0.027770787477493286	0.043278768658638	0.05425769090652466	0.03753429651260376
chr1:226982597:A:G	Benign	noncoding	0.03709059953689575	0.036678850650787354	0.037904441356658936	0.0748649537563324
chr1:226987201:G:A	Benign	noncoding	0.03537675738334656	0.09096285700798035	0.10558828711509705	0.08082510530948639
chr1:226987552:C:T	Benign	other	0.045078277587890625	0.07940113544464111	0.023939669132232666	0.10240906476974487
chr1:228097344:T:C	Pathogenic	coding	0.042954444885253906	0.03414033353328705	0.049421221017837524	0.0076863765716552734
chr1:228097346:C:A	Pathogenic	coding	0.01621362566947937	0.04675494134426117	0.01241832971572876	0.04349234700202942
chr1:228097859:C:G	Pathogenic	coding	0.03230106830596924	0.08913463354110718	0.0630035400390625	0.1043555736541748
chr1:228097944:C:T	Benign	coding	0.03990042209625244	0.09546345472335815	0.05169433355331421	0.15019601583480835
chr1:229463692:A:C	Benign	noncoding	0.5204393863677979	0.04774129390716553	0.09291428327560425	0.1177753210067749
chr1:231260888:T:C	Benign	noncoding	0.06423449516296387	0.07872510701417923	0.045208871364593506	0.07693701982498169
chr1:231364176:G:C	Benign	noncoding	0.00166243314743042	0.008929550647735596	0.0491357147693634	0.014888405799865723
chr1:231364315:A:G	Benign	noncoding	0.012735426425933838	0.02295154333114624	0.0696558952331543	0.030983582139015198
chr1:231366420:G:A	Benign	coding	0.03660602867603302	0.1544928252696991	0.11712276935577393	0.12323993444442749
chr1:231370589:T:C	Pathogenic	coding	0.06152549386024475	0.06861792504787445	0.021029651165008545	0.07717296481132507
chr1:231370598:C:T	Pathogenic	coding	0.2193150818347931	0.15924909710884094	0.051724329590797424	0.07084453105926514
chr1:231373965:A:G	Benign	noncoding	0.001905202865600586	0.003322790376842022	0.05989271402359009	0.062445417046546936
chr1:231373973:T:C	Benign	noncoding	0.0024994388222694397	0.008499681949615479	0.029944896697998047	0.017441004514694214
chr1:234374119:T:G	Benign	noncoding	0.14238011837005615	0.021122530102729797	0.0288885235786438	0.05357468128204346
chr1:234607391:G:A	Benign	coding	0.21082329750061035	0.02199307084083557	0.035399675369262695	0.04674294590950012
chr1:234607491:G:A	Benign	coding	0.042613476514816284	0.049062758684158325	0.11078044772148132	0.055226147174835205
chr1:235414614:C:T	Pathogenic	noncoding	0.25876373052597046	0.10188058018684387	0.02951657772064209	0.0012083649635314941
chr1:235488976:G:A	Benign	noncoding	0.019365012645721436	0.030132457613945007	0.025221973657608032	0.007703244686126709
chr1:235488988:T:C	Benign	noncoding	0.057420969009399414	0.10130250453948975	0.05569028854370117	0.014159321784973145
chr1:236808886:A:G	Benign	noncoding	0.079073965549469	0.07035541534423828	0.030731067061424255	0.12491768598556519
chr1:236852328:C:T	Benign	noncoding	0.0033880583941936493	0.003301262855529785	0.022159457206726074	0.00584055669605732
chr1:236898504:A:G	Benign	noncoding	0.03424063324928284	0.045741572976112366	0.124895840883255	0.024845868349075317
chr1:236898898:A:C	Benign	noncoding	0.016684889793395996	0.031196117401123047	0.03163731098175049	0.09826743602752686
chr1:236898994:A:G	Benign	noncoding	0.019234955310821533	0.0320284366607666	0.05180329084396362	0.0369223952293396
chr1:236899005:A:G	Benign	noncoding	0.044130921363830566	0.03419458866119385	0.04748117923736572	0.06409546732902527
chr1:236899027:C:T	Benign	noncoding	0.015661664307117462	0.058210164308547974	0.041507065296173096	0.01824546605348587
chr1:241517200:A:G	Benign	coding	0.03433513641357422	0.09619897603988647	0.026358813047409058	0.03292447328567505
chr1:241517229:T:A	Pathogenic	other	0.03384220600128174	0.1019977331161499	0.03295469284057617	0.1988406777381897
chr1:241517233:G:T	Benign	coding	0.042419612407684326	0.1382312774658203	0.02968543767929077	0.06769049167633057
chr1:241517238:G:A	Pathogenic	other	0.042003333568573	0.04090288281440735	0.042577654123306274	0.33994054794311523
chr1:241517245:A:C	Pathogenic	other	0.2684996724128723	0.05631202459335327	0.02980029582977295	0.5211849808692932
chr1:241517245:A:T	Pathogenic	other	0.1862494945526123	0.032600224018096924	0.04618793725967407	0.6107576489448547
chr1:241517248:A:C	Pathogenic	other	0.06361037492752075	0.10461977124214172	0.030804544687271118	0.41357994079589844
chr1:241517248:A:T	Pathogenic	other	0.10003256797790527	0.05419856309890747	0.05065461993217468	0.4850289821624756
chr1:241517274:C:A	Pathogenic	other	0.12126630544662476	0.11637622117996216	0.04663221538066864	0.6893469095230103
chr1:241517292:C:A	Pathogenic	other	0.11202272772789001	0.0736774206161499	0.04386162757873535	0.6779053211212158
chr1:241852289:T:C	Benign	noncoding	0.0045707449316978455	0.014595955610275269	0.05451405048370361	0.3688465356826782
chr1:241852356:G:A	Benign	coding	0.07923698425292969	0.13912802934646606	0.016766339540481567	0.11728417873382568
chr1:244855609:C:A	Pathogenic	noncoding	0.04149901866912842	0.054889559745788574	0.04471898078918457	0.22695010900497437
chr1:244855614:A:T	Benign	noncoding	0.03809911012649536	0.05610764026641846	0.04107502102851868	0.09188467264175415
chr1:244855889:T:G	Benign	noncoding	0.09673202037811279	0.3156835734844208	0.035809218883514404	0.002878546714782715
chr1:244856159:C:T	Pathogenic	noncoding	0.13562560081481934	0.06476429104804993	0.038804709911346436	0.27856510877609253
chr1:244856161:G:A	Benign	noncoding	0.016564488410949707	0.15608429908752441	0.05581384897232056	0.09627014398574829
chr1:244862608:G:A	Benign	noncoding	0.0343451201915741	0.09648525714874268	0.061410367488861084	0.0826486200094223
chr1:244863418:A:G	Benign	noncoding	0.03200721740722656	0.02506399154663086	0.043768465518951416	0.02375692129135132
chr1:244863420:A:G	Benign	noncoding	0.04665517807006836	0.031118452548980713	0.04452556371688843	0.03401339054107666
chr1:244863621:C:T	Benign	coding	0.21462970972061157	0.047962069511413574	0.017685353755950928	0.0003388524055480957
chr1:244863683:G:A	Pathogenic	other	0.06637686491012573	0.011065661907196045	0.03952336311340332	0.17055171728134155
chr1:244863689:G:A	Pathogenic	other	0.0918271541595459	0.014774441719055176	0.018327653408050537	0.15974032878875732
chr1:244863697:C:G	Benign	coding	0.12963885068893433	0.02747628092765808	0.018218040466308594	0.06681913137435913
chr1:244863818:G:A	Pathogenic	other	0.288128525018692	0.05654871463775635	0.022342979907989502	0.07932156324386597
chr1:244863821:G:A	Benign	coding	0.2584002614021301	0.050545454025268555	0.013207733631134033	0.14842480421066284
chr1:244863827:G:A	Pathogenic	other	0.10385864973068237	0.1822521686553955	0.02288803458213806	0.501766562461853
chr1:244863857:C:T	Benign	coding	0.05884891748428345	0.021302521228790283	0.008566021919250488	0.04373699426651001
chr1:244863879:A:G	Benign	coding	0.17284715175628662	0.01531684398651123	0.05513882637023926	0.06427222490310669
chr1:244863949:G:C	Benign	coding	0.15002548694610596	0.10333967208862305	0.035925865173339844	0.10098105669021606
chr1:244863955:G:T	Pathogenic	other	0.08775800466537476	0.0269240140914917	0.0023556947708129883	0.5890614986419678
chr1:244863983:C:A	Pathogenic	other	0.11948102712631226	0.023703336715698242	0.005588948726654053	0.15857023000717163
chr1:244864001:G:A	Pathogenic	other	0.1800658106803894	0.049479663372039795	0.02171960473060608	0.6044307947158813
chr1:244864047:C:T	Benign	coding	0.060976624488830566	0.04097306728363037	0.03542831540107727	0.026538044214248657
chr1:244864059:A:T	Benign	coding	0.04756438732147217	0.028499893844127655	0.052758216857910156	0.041810549795627594
chr1:244864060:T:C	Benign	coding	0.20879676938056946	0.05867007374763489	0.03163743019104004	0.023092120885849
chr1:244864082:G:A	Pathogenic	other	0.010811209678649902	0.1071740984916687	0.042305439710617065	0.617129921913147
chr1:244864085:C:A	Pathogenic	other	0.09890866279602051	0.06269077956676483	0.021864205598831177	0.6057206392288208
chr1:244864088:G:A	Benign	coding	0.09418265521526337	0.08667036890983582	0.024198591709136963	0.08151991665363312
chr1:244864246:T:C	Benign	coding	0.05142849683761597	0.009290099143981934	0.01401868462562561	0.08640116453170776
chr1:244864307:T:G	Pathogenic	coding	0.030011296272277832	0.023250162601470947	0.006925910711288452	0.014597989618778229
chr1:244864348:C:T	Benign	noncoding	0.25066643953323364	0.07441297173500061	0.021917998790740967	0.16595281660556793
chr1:247156803:G:T	Benign	noncoding	0.05372387170791626	0.14493294060230255	0.11144605278968811	0.08180959522724152
chr2:3580608:C:T	Benign	noncoding	0.05250680446624756	0.06720054149627686	0.058532923460006714	0.057952433824539185
chr2:10441645:G:A	Benign	coding	0.04862046241760254	0.1337936818599701	0.024813175201416016	0.10986360907554626
chr2:15218707:C:T	Benign	noncoding	0.025045454502105713	0.04492448270320892	0.030605822801589966	0.009856104850769043
chr2:15275640:C:T	Pathogenic	other	0.07517349720001221	0.12046089768409729	0.1083630919456482	0.4602527916431427
chr2:15275641:C:T	Pathogenic	other	0.09787660837173462	0.08995991945266724	0.0664810836315155	0.5855106115341187
chr2:15275654:G:A	Pathogenic	other	0.16688773036003113	0.110449880361557	0.046367526054382324	0.0908709168434143
chr2:15275659:C:T	Pathogenic	other	0.0743606686592102	0.10275295376777649	0.0267142653465271	0.09475123882293701
chr2:15328412:A:G	Benign	noncoding	0.039160966873168945	0.08422026038169861	0.044767364859580994	0.03643069416284561
chr2:15461759:C:T	Benign	coding	0.057146161794662476	0.03519129753112793	0.008562177419662476	0.12309122085571289
chr2:15461781:C:G	Benign	coding	0.23775261640548706	0.10644185543060303	0.017674386501312256	0.04154175519943237
chr2:15467346:G:A	Pathogenic	other	0.0829799473285675	0.07401099801063538	0.04383525252342224	0.457767128944397
chr2:15467394:G:A	Pathogenic	other	0.23363915085792542	0.14756789803504944	0.098460853099823	0.7876425385475159
chr2:15556799:G:A	Pathogenic	other	0.12879352271556854	0.0071500688791275024	0.03752744197845459	0.01271587610244751
chr2:20251628:G:A	Benign	coding	0.14312410354614258	0.09704142808914185	0.003943026065826416	0.2624494731426239
chr2:21002079:A:T	Benign	coding	0.04287922382354736	0.15667513012886047	0.04853242635726929	0.024689078330993652
chr2:21002202:A:G	Pathogenic	coding	0.06717614829540253	0.028554141521453857	0.0244138240814209	0.006051123142242432
chr2:21002287:G:A	Pathogenic	other	0.06537076830863953	0.13617363572120667	0.05291450023651123	0.02663240395486355
chr2:21002308:G:A	Pathogenic	other	0.07672092318534851	0.054343223571777344	0.04292327165603638	0.9459216594696045
chr2:21003040:C:A	Pathogenic	coding	0.039911553263664246	0.12080317735671997	0.0499667227268219	0.00040538428584113717
chr2:21004369:C:A	Benign	coding	0.21237903833389282	0.042968690395355225	0.16646301746368408	0.6759663820266724
chr2:21004677:T:G	Pathogenic	noncoding	0.04103732109069824	0.09856215119361877	0.03083452582359314	0.20078441500663757
chr2:21004688:G:T	Benign	noncoding	0.10192364454269409	0.06246882677078247	0.024285197257995605	0.6392027735710144
chr2:21005104:G:A	Pathogenic	other	0.039475277066230774	0.14996448159217834	0.025044560432434082	0.9829570651054382
chr2:21005398:G:A	Pathogenic	other	0.09429889917373657	0.0976182222366333	0.05667632818222046	0.9255978465080261
chr2:21005468:A:C	Pathogenic	other	0.12263476848602295	0.08789098262786865	0.09822362661361694	0.6918735504150391
chr2:21005538:G:T	Pathogenic	other	0.08429986238479614	0.044873058795928955	0.0253753662109375	0.5672181844711304
chr2:21005583:T:G	Benign	coding	0.08661842346191406	0.26287609338760376	0.02618268132209778	0.0019726157188415527
chr2:21005585:G:T	Pathogenic	other	0.06501907110214233	0.24496546387672424	0.007101476192474365	0.08087605237960815
chr2:21005599:G:A	Pathogenic	other	0.09640580415725708	0.10747134685516357	0.021493375301361084	0.04802703857421875
chr2:21005748:G:A	Benign	coding	0.17740172147750854	0.1229599118232727	0.009645968675613403	0.44159814715385437
chr2:21005773:T:A	Pathogenic	other	0.04705512523651123	0.11945593357086182	0.06078028678894043	0.492567777633667
chr2:21006085:G:A	Pathogenic	other	0.16311433911323547	0.08647453784942627	0.1165412962436676	0.04435640573501587
chr2:21006235:C:A	Pathogenic	other	0.14102298021316528	0.22374939918518066	0.08348545432090759	0.7492833137512207
chr2:21006282:G:T	Pathogenic	other	0.010955676436424255	0.0900498628616333	0.02001330256462097	0.18877649307250977
chr2:21006686:C:G	Pathogenic	coding	0.06424039602279663	0.12257324159145355	0.15245503187179565	0.03168132156133652
chr2:21007147:C:A	Pathogenic	other	0.1445925235748291	0.15167829394340515	0.06419411301612854	0.9663748145103455
chr2:21007469:A:G	Benign	coding	0.10041055083274841	0.0376012921333313	0.025440990924835205	0.5078324675559998
chr2:21008476:C:A	Pathogenic	other	0.0647960677742958	0.12352430820465088	0.08327329158782959	0.9757105708122253
chr2:21009249:C:T	Benign	coding	0.058804914355278015	0.0624050498008728	0.06957545876502991	0.5833103060722351
chr2:21009263:G:T	Pathogenic	other	0.030466265976428986	0.06311577558517456	0.03525552153587341	0.9708093404769897
chr2:21009268:G:A	Pathogenic	other	0.03683149814605713	0.09496122598648071	0.027058184146881104	0.1996074914932251
chr2:21010834:G:A	Pathogenic	other	0.06794089078903198	0.09506529569625854	0.06372955441474915	0.9337124824523926
chr2:21010846:C:A	Pathogenic	other	0.10899427533149719	0.12992322444915771	0.058965086936950684	0.9577009081840515
chr2:21011030:G:T	Pathogenic	other	0.1277158260345459	0.18963974714279175	0.017066776752471924	0.5763438940048218
chr2:21011046:G:A	Benign	coding	0.11964330077171326	0.12012267112731934	0.02925899624824524	0.12274211645126343
chr2:21011459:G:C	Pathogenic	other	0.11376330256462097	0.1867641806602478	0.03906184434890747	0.595436692237854
chr2:21011565:G:T	Pathogenic	other	0.09129907190799713	0.2116352915763855	0.015662461519241333	0.02500241994857788
chr2:21011753:G:C	Benign	coding	0.12245506048202515	0.20830541849136353	0.04150593280792236	0.07220303267240524
chr2:21012217:G:A	Pathogenic	other	0.0832916796207428	0.12638002634048462	0.11201611161231995	0.7791366577148438
chr2:21012439:G:A	Pathogenic	other	0.02188044786453247	0.1026727557182312	0.02839881181716919	0.2084883153438568
chr2:21013219:C:T	Benign	coding	0.10337609052658081	0.1753864884376526	0.04670172929763794	0.07053253799676895
chr2:21013227:G:A	Benign	coding	0.055422767996788025	0.06897115707397461	0.017451748251914978	0.9878548979759216
chr2:21013287:G:C	Pathogenic	other	0.12159141898155212	0.15268397331237793	0.054461896419525146	0.08010315895080566
chr2:21013287:G:T	Pathogenic	other	0.11532168090343475	0.14010334014892578	0.02714475989341736	0.09752249717712402
chr2:21016481:T:C	Benign	coding	0.07443474233150482	0.10341078042984009	0.08710700273513794	0.051920026540756226
chr2:25742322:T:C	Benign	coding	0.17047777771949768	0.11177876591682434	0.02567422389984131	0.3085406422615051
chr2:25742325:C:T	Benign	coding	0.08323022723197937	0.08138245344161987	0.03265351057052612	0.21391773223876953
chr2:26134940:C:A	Benign	coding	0.1852421760559082	0.04767143726348877	0.007126510143280029	0.07399356365203857
chr2:26191322:A:T	Pathogenic	other	0.06654781103134155	0.09717252850532532	0.04542894661426544	0.8953303694725037
chr2:26191334:A:T	Pathogenic	other	0.014665067195892334	0.07852867245674133	0.042439401149749756	0.8733451962471008
chr2:26191609:G:A	Pathogenic	other	0.2040833681821823	0.0780259370803833	0.05129161477088928	0.5442503690719604
chr2:26192309:C:G	Pathogenic	noncoding	0.14820736646652222	0.11904406547546387	0.11500594019889832	0.5746952891349792
chr2:26194568:A:C	Pathogenic	noncoding	0.056033432483673096	0.1754167377948761	0.046507492661476135	0.8264393210411072
chr2:26194581:G:A	Pathogenic	other	0.08689767122268677	0.08843916654586792	0.04325723648071289	0.3748706579208374
chr2:26204150:G:A	Pathogenic	other	0.11796289682388306	0.09985581040382385	0.06725579500198364	0.6419355273246765
chr2:26209840:A:G	Pathogenic	coding	0.060178011655807495	0.02504710853099823	0.040323495864868164	0.1981019675731659
chr2:26232259:G:A	Benign	coding	0.21618738770484924	0.04179638624191284	0.03453841805458069	0.16969580948352814
chr2:26232264:G:A	Pathogenic	other	0.08501482009887695	0.05538192391395569	0.014975249767303467	0.10859113931655884
chr2:26284208:A:T	Benign	noncoding	0.1291903257369995	0.07500144839286804	0.03370785713195801	0.7669285535812378
chr2:26284908:C:T	Pathogenic	coding	0.0766875147819519	0.06472223997116089	0.06294560432434082	0.042650699615478516
chr2:26284939:C:G	Pathogenic	other	0.3537324070930481	0.12303149700164795	0.05422908067703247	0.0052703022956848145
chr2:26290304:C:G	Benign	noncoding	0.07681238651275635	0.04120916128158569	0.03410285711288452	0.09561353921890259
chr2:28778825:A:G	Benign	coding	0.016009598970413208	0.06895264983177185	0.09862148761749268	0.024372100830078125
chr2:28906450:T:A	Benign	noncoding	0.21722647547721863	0.14767706394195557	0.19280579686164856	0.11040587723255157
chr2:32114689:C:G	Pathogenic	other	0.19107064604759216	0.17092043161392212	0.1527087390422821	0.42434465885162354
chr2:32114701:C:G	Pathogenic	other	0.21322065591812134	0.1835271716117859	0.1758507788181305	0.23429954051971436
chr2:32114703:A:T	Pathogenic	other	0.02562454342842102	0.046842992305755615	0.06190010905265808	0.3780558407306671
chr2:32114735:T:G	Pathogenic	coding	0.03622117638587952	0.07418134808540344	0.22560498118400574	0.14395351707935333
chr2:32114737:C:A	Pathogenic	other	0.08722522854804993	0.1566862016916275	0.01501232385635376	0.42504778504371643
chr2:32114737:C:G	Pathogenic	other	0.14437440037727356	0.25374481081962585	0.049377381801605225	0.4325714409351349
chr2:32114762:C:G	Pathogenic	other	0.04777306318283081	0.07254087924957275	0.08080581575632095	0.17250531911849976
chr2:32114793:C:T	Pathogenic	other	0.020282328128814697	0.0667722225189209	0.02502135932445526	0.1205071210861206
chr2:32114796:G:T	Pathogenic	other	0.07343032956123352	0.06608691811561584	0.12286072969436646	0.12242765724658966
chr2:32485640:T:C	Benign	noncoding	0.06935521960258484	0.03965461254119873	0.042597249150276184	0.20014017820358276
chr2:33188841:T:C	Benign	coding	0.08221131563186646	0.06655627489089966	0.02051520347595215	0.07446569204330444
chr2:37122547:C:T	Benign	coding	0.004110388457775116	0.005369659513235092	0.023365259170532227	0.059461891651153564
chr2:37237883:A:C	Benign	noncoding	0.0088348388671875	0.12373414635658264	0.02176767587661743	0.02785313129425049
chr2:38731813:C:T	Benign	coding	0.17792680859565735	0.0582786500453949	0.07011044025421143	0.049222975969314575
chr2:38985673:G:T	Benign	noncoding	0.0352286696434021	0.13173377513885498	0.028360635042190552	0.14978595077991486
chr2:38985820:G:A	Benign	noncoding	0.030377566814422607	0.03416329622268677	0.03462010622024536	0.02750849723815918
chr2:43225618:A:C	Benign	coding	0.025530695915222168	0.062061697244644165	0.028240501880645752	0.1144997775554657
chr2:43320533:G:A	Benign	coding	0.03837001323699951	0.01583869755268097	0.03650009632110596	0.06394433975219727
chr2:43888044:T:A	Benign	noncoding	0.033814579248428345	0.05423170328140259	0.03771206736564636	0.06454110145568848
chr2:43899493:C:A	Pathogenic	other	0.07056117057800293	0.09716659039258957	0.03318345546722412	0.5407806634902954
chr2:43899580:T:C	Benign	coding	0.08835294842720032	0.17378152906894684	0.13239145278930664	0.2444097399711609
chr2:43899608:G:A	Benign	noncoding	0.19567042589187622	0.18721669912338257	0.07517337799072266	0.3255188465118408
chr2:43901492:G:A	Pathogenic	other	0.11551448702812195	0.17881804704666138	0.09890216588973999	0.6562435626983643
chr2:43905716:G:A	Pathogenic	other	0.2757699489593506	0.12932375073432922	0.07920441031455994	0.13678577542304993
chr2:43943796:T:A	Pathogenic	other	0.16806578636169434	0.0914280116558075	0.07257068157196045	0.5897424221038818
chr2:43943866:T:C	Benign	coding	0.0354653000831604	0.05652904510498047	0.03703099489212036	0.13274037837982178
chr2:43948151:C:A	Pathogenic	other	0.10377195477485657	0.12660443782806396	0.05207955837249756	0.6052318811416626
chr2:43974663:A:T	Pathogenic	other	0.06514281034469604	0.05356484651565552	0.04002821445465088	0.9191420674324036
chr2:43975145:G:C	Pathogenic	other	0.20376604795455933	0.1286320984363556	0.05758136510848999	0.49531352519989014
chr2:43977023:A:T	Pathogenic	other	0.10819071531295776	0.01973515748977661	0.02308899164199829	0.1615167260169983
chr2:46384714:C:T	Benign	noncoding	0.07665616273880005	0.03593331575393677	0.02926349639892578	0.10593539476394653
chr2:46384771:A:G	Benign	noncoding	0.05863642692565918	0.02889150381088257	0.039426982402801514	0.08225250244140625
chr2:46385502:A:C	Benign	noncoding	0.10935577750205994	0.10854697227478027	0.01632106304168701	0.0039231181144714355
chr2:46385513:G:A	Benign	noncoding	0.0379825234413147	0.08222314715385437	0.018843352794647217	0.2276023030281067
chr2:46902363:G:C	Benign	noncoding	0.03271806240081787	0.17333155870437622	0.06393344700336456	0.10801130533218384
chr2:46903009:G:T	Benign	noncoding	0.04111373424530029	0.13160142302513123	0.02891968935728073	0.06603819131851196
chr2:46903675:G:A	Benign	noncoding	0.04427868127822876	0.0203762948513031	0.01652735471725464	0.05049830675125122
chr2:46904117:C:A	Benign	noncoding	0.17199751734733582	0.11278820037841797	0.10231384634971619	0.06043928861618042
chr2:46904196:C:A	Benign	noncoding	0.06891734898090363	0.09209319949150085	0.1575910449028015	0.21159647405147552
chr2:47161705:T:C	Benign	noncoding	0.1248619556427002	0.10894924402236938	0.04908689856529236	0.6350657939910889
chr2:47161730:G:C	Pathogenic	coding	0.11593300104141235	0.2695147395133972	0.03961688280105591	0.03860342875123024
chr2:47161748:A:C	Pathogenic	coding	0.1783497929573059	0.03025362268090248	0.037053436040878296	0.20852446556091309
chr2:47161749:T:C	Pathogenic	coding	0.21652132272720337	0.0391305536031723	0.028883129358291626	0.02003800868988037
chr2:47161750:C:A	Pathogenic	coding	0.07171022891998291	0.04414474964141846	0.04256120324134827	0.03690105676651001
chr2:47161755:T:C	Pathogenic	coding	0.0845881998538971	0.07385390996932983	0.03374996781349182	0.8216676712036133
chr2:47161756:C:T	Pathogenic	coding	0.07068997621536255	0.09249100089073181	0.021462440490722656	0.0751209557056427
chr2:47161804:C:T	Pathogenic	coding	0.1552964746952057	0.08931410312652588	0.007484018802642822	0.06404517590999603
chr2:47161851:T:A	Pathogenic	coding	0.26244136691093445	0.0482478141784668	0.031108498573303223	0.18321627378463745
chr2:47161851:T:C	Pathogenic	coding	0.2561552822589874	0.09531664848327637	0.006111860275268555	0.008045628666877747
chr2:47161857:T:A	Pathogenic	coding	0.2113305777311325	0.036545515060424805	0.03738909959793091	0.4278238117694855
chr2:47373452:T:A	Benign	noncoding	0.08788454532623291	0.034654974937438965	0.01800858974456787	0.03782367706298828
chr2:47373461:A:G	Pathogenic	noncoding	0.03191313147544861	0.027433037757873535	0.011503338813781738	0.01959812641143799
chr2:47373492:G:A	Benign	coding	0.1899292767047882	0.06693822145462036	0.014332175254821777	0.09797298908233643
chr2:47373519:C:T	Pathogenic	other	0.011678457260131836	0.06990370154380798	0.04233962297439575	0.11205601692199707
chr2:47373546:C:T	Pathogenic	other	0.0420808270573616	0.10481074452400208	0.03948494791984558	0.21152901649475098
chr2:47373565:C:G	Pathogenic	other	0.00693163275718689	0.08975085616111755	0.05088174343109131	0.07987779378890991
chr2:47386731:T:C	Benign	other	0.15622636675834656	0.03712880611419678	0.017802290618419647	0.12424719333648682
chr2:47403171:A:G	Benign	noncoding	0.019036829471588135	0.07780200242996216	0.0375370979309082	0.050243377685546875
chr2:47403198:G:T	Benign	coding	0.030971482396125793	0.03551158308982849	0.04873001575469971	0.09002059698104858
chr2:47403214:C:T	Benign	coding	0.1013597846031189	0.10941258072853088	0.07273977994918823	0.02406412363052368
chr2:47403215:G:A	Benign	coding	0.09468218684196472	0.11401981115341187	0.04572969675064087	0.03524273633956909
chr2:47403219:C:T	Pathogenic	noncoding	0.10506829619407654	0.09537312388420105	0.03525158762931824	0.1231757402420044
chr2:47403223:T:A	Pathogenic	noncoding	0.030323565006256104	0.08544382452964783	0.05915817618370056	0.020522713661193848
chr2:47403248:C:A	Benign	coding	0.11844685673713684	0.03865790367126465	0.021163642406463623	0.0853574126958847
chr2:47403273:G:T	Pathogenic	noncoding	0.08549457788467407	0.03214706480503082	0.02900819480419159	0.018067434430122375
chr2:47403278:G:A	Benign	coding	0.04860207438468933	0.062346264719963074	0.04815557599067688	0.036830171942710876
chr2:47476384:A:T	Pathogenic	other	0.2814600467681885	0.03738868236541748	0.02577972412109375	0.2753046452999115
chr2:47476388:C:A	Pathogenic	other	0.057525575160980225	0.04088294506072998	0.04064363241195679	0.38360220193862915
chr2:47476388:C:G	Pathogenic	other	0.16036343574523926	0.06024777889251709	0.05765348672866821	0.3601125478744507
chr2:47476395:T:A	Pathogenic	other	0.19095349311828613	0.10935726761817932	0.03396493196487427	0.42540329694747925
chr2:47476399:C:T	Pathogenic	other	0.0777471661567688	0.1183924674987793	0.03481605648994446	0.36203935742378235
chr2:47476402:C:T	Pathogenic	other	0.029103994369506836	0.11751216650009155	0.04641693830490112	0.3161855638027191
chr2:47476408:G:A	Pathogenic	coding	0.03635966777801514	0.08583897352218628	0.06345701217651367	0.13810601830482483
chr2:47476408:G:C	Pathogenic	coding	0.12662231922149658	0.05919981002807617	0.06280356645584106	0.2919148802757263
chr2:47476424:T:G	Pathogenic	coding	0.15367329120635986	0.036232590675354004	0.0162733793258667	0.2849465012550354
chr2:47476429:C:T	Pathogenic	other	0.06362205743789673	0.05500054359436035	0.03354591131210327	0.3050059378147125
chr2:47476437:G:T	Benign	coding	0.03400951623916626	0.04407006502151489	0.0752139687538147	0.10370847582817078
chr2:47476440:T:A	Pathogenic	other	0.1668909788131714	0.0455668568611145	0.041790515184402466	0.274479478597641
chr2:47476444:G:A	Pathogenic	coding	0.02121073007583618	0.057476580142974854	0.06643521785736084	0.04053586721420288
chr2:47476448:C:T	Pathogenic	coding	0.06825876235961914	0.02497309446334839	0.02038341760635376	0.12685617804527283
chr2:47476450:T:C	Pathogenic	coding	0.20288366079330444	0.07610118389129639	0.049656569957733154	0.07800909876823425
chr2:47476451:G:T	Pathogenic	coding	0.2688014805316925	0.13929066061973572	0.013366937637329102	0.15485268831253052
chr2:47476452:T:A	Pathogenic	other	0.059573471546173096	0.03935760259628296	0.022792816162109375	0.41126713156700134
chr2:47476457:C:A	Pathogenic	other	0.04551512002944946	0.08176356554031372	0.10933828353881836	0.6028543710708618
chr2:47476457:C:G	Pathogenic	other	0.046667635440826416	0.11355310678482056	0.11854606866836548	0.5993210673332214
chr2:47476462:G:T	Pathogenic	other	0.09802421927452087	0.07015013694763184	0.08682698011398315	0.5148323178291321
chr2:47476476:G:A	Benign	coding	0.03769499063491821	0.04130584001541138	0.039661288261413574	0.07581442594528198
chr2:47476487:T:G	Pathogenic	other	0.046070218086242676	0.08063387870788574	0.0156363844871521	0.5889608263969421
chr2:47476492:C:T	Pathogenic	other	0.03296536207199097	0.05514293909072876	0.009809911251068115	0.6005762815475464
chr2:47476513:C:T	Pathogenic	other	0.03936409950256348	0.12796467542648315	0.02014482021331787	0.6055333018302917
chr2:47476522:G:T	Pathogenic	other	0.07084870338439941	0.047758638858795166	0.022695481777191162	0.522885799407959
chr2:47476524:A:G	Benign	coding	0.048144757747650146	0.0643010139465332	0.030204296112060547	0.02917659282684326
chr2:47476530:C:T	Benign	coding	0.22489234805107117	0.04888123273849487	0.07228896021842957	0.048725247383117676
chr2:47476542:T:G	Benign	coding	0.06464922428131104	0.04784432053565979	0.031023532152175903	0.02577829360961914
chr2:47476552:G:T	Pathogenic	other	0.07958537340164185	0.07656389474868774	0.09975749254226685	0.655728280544281
chr2:47476563:T:C	Benign	coding	0.19436237215995789	0.08473289012908936	0.052135169506073	0.1996244192123413
chr2:47478289:C:A	Pathogenic	other	0.27041712403297424	0.13951292634010315	0.0317094624042511	0.5178145170211792
chr2:47478289:C:G	Pathogenic	other	0.350204735994339	0.19227001070976257	0.06489366292953491	0.2969817519187927
chr2:47478292:T:G	Pathogenic	other	0.18652749061584473	0.058489441871643066	0.05375325679779053	0.6324781179428101
chr2:47478306:G:T	Pathogenic	other	0.10211181640625	0.05293262004852295	0.032229483127593994	0.5724491477012634
chr2:47478312:G:A	Pathogenic	coding	0.11009275913238525	0.08897006511688232	0.05660352110862732	0.043186552822589874
chr2:47478312:G:T	Pathogenic	other	0.03904220461845398	0.18188327550888062	0.04140812158584595	0.5566362142562866
chr2:47478315:A:T	Pathogenic	other	0.10081487894058228	0.051087647676467896	0.0236089825630188	0.5203481316566467
chr2:47478318:G:T	Pathogenic	other	0.13444992899894714	0.08099114894866943	0.07946968078613281	0.5680245161056519
chr2:47478332:C:A	Pathogenic	other	0.08895754814147949	0.1044878363609314	0.019784748554229736	0.7296150922775269
chr2:47478332:C:G	Pathogenic	other	0.06049346923828125	0.13548555970191956	0.048177480697631836	0.8710228800773621
chr2:47478336:G:T	Pathogenic	other	0.18236714601516724	0.11244633793830872	0.03396439552307129	0.5915578007698059
chr2:47478346:T:A	Pathogenic	other	0.153375506401062	0.05420798063278198	0.029193997383117676	0.9169504046440125
chr2:47478346:T:G	Pathogenic	other	0.21180367469787598	0.20446056127548218	0.03679400682449341	0.7803610563278198
chr2:47478352:G:A	Pathogenic	other	0.05793440341949463	0.049957290291786194	0.05694258213043213	0.6092532277107239
chr2:47478353:G:A	Pathogenic	other	0.07986259460449219	0.05074983835220337	0.06664133071899414	0.6026056408882141
chr2:47478361:C:G	Pathogenic	other	0.42146703600883484	0.17537549138069153	0.0555209219455719	0.6983405351638794
chr2:47478368:C:A	Pathogenic	other	0.2304515838623047	0.05890586972236633	0.009599894285202026	0.5784026384353638
chr2:47478368:C:G	Pathogenic	other	0.032083749771118164	0.13213399052619934	0.043579161167144775	0.6755461692810059
chr2:47480800:C:T	Pathogenic	other	0.09262824058532715	0.12533307075500488	0.05234581232070923	0.4935077726840973
chr2:47480805:T:A	Pathogenic	other	0.023200929164886475	0.12297254800796509	0.055331408977508545	0.28982484340667725
chr2:47480809:G:T	Pathogenic	other	0.04479086399078369	0.13712400197982788	0.022222965955734253	0.44451090693473816
chr2:47480812:G:T	Pathogenic	other	0.047293126583099365	0.08759212493896484	0.06323051452636719	0.33440810441970825
chr2:47480814:A:G	Benign	coding	0.054486632347106934	0.13309182226657867	0.061239093542099	0.09362253546714783
chr2:47480816:C:A	Pathogenic	other	0.07782906293869019	0.08482491970062256	0.023290663957595825	0.46207061409950256
chr2:47480818:C:T	Pathogenic	other	0.18970760703086853	0.08953766524791718	0.03803899884223938	0.47284457087516785
chr2:47480821:G:T	Pathogenic	other	0.033004820346832275	0.015971004962921143	0.02789035439491272	0.40093332529067993
chr2:47480826:T:A	Pathogenic	other	0.18230271339416504	0.09859490394592285	0.04482963681221008	0.42861407995224
chr2:47480836:G:T	Pathogenic	other	0.17033594846725464	0.08292017877101898	0.06012070178985596	0.5903685092926025
chr2:47480841:A:T	Benign	coding	0.026732027530670166	0.08732256293296814	0.033357977867126465	0.029963195323944092
chr2:47480844:A:T	Benign	coding	0.06226778030395508	0.01665276288986206	0.05259978771209717	0.021255552768707275
chr2:47480859:T:A	Pathogenic	other	0.009098947048187256	0.06953394412994385	0.048967182636260986	0.4373738467693329
chr2:47480863:G:T	Pathogenic	other	0.061759352684020996	0.14991599321365356	0.04959160089492798	0.22213709354400635
chr2:47480869:G:T	Pathogenic	other	0.0848318338394165	0.05438286066055298	0.05553996562957764	0.23194259405136108
chr2:47480871:G:A	Pathogenic	coding	0.046176135540008545	0.08603480458259583	0.0502094030380249	0.3574724793434143
chr2:47480873:T:A	Pathogenic	coding	0.06171756982803345	0.10100099444389343	0.022961795330047607	0.4406304359436035
chr2:47480873:T:C	Pathogenic	coding	0.09508901834487915	0.09614574909210205	0.05746793746948242	0.26456159353256226
chr2:47480873:T:G	Pathogenic	coding	0.07644772529602051	0.05050697922706604	0.03885692358016968	0.4012194871902466
chr2:47480876:G:C	Pathogenic	noncoding	0.16896459460258484	0.09566736221313477	0.04536795616149902	0.3346455693244934
chr2:47482779:C:T	Pathogenic	other	0.08428648114204407	0.21964076161384583	0.11607353389263153	0.41273537278175354
chr2:47482784:T:G	Benign	coding	0.2342354655265808	0.06020158529281616	0.049933284521102905	0.4548574388027191
chr2:47482790:A:G	Benign	coding	0.21513542532920837	0.11441028118133545	0.038922011852264404	0.3239005208015442
chr2:47482797:C:T	Pathogenic	other	0.09283307194709778	0.1617952585220337	0.040533602237701416	0.883863091468811
chr2:47482808:G:A	Benign	coding	0.2601887583732605	0.06654524803161621	0.07290998101234436	0.0808999091386795
chr2:47482812:A:T	Pathogenic	other	0.14390265941619873	0.06899528205394745	0.05152946710586548	0.7833439707756042
chr2:47783234:A:G	Pathogenic	coding	0.04133641719818115	0.033649325370788574	0.021263986825942993	0.2591107189655304
chr2:47783234:A:T	Pathogenic	coding	0.0681716799736023	0.15161103010177612	0.020071029663085938	0.3511468768119812
chr2:47783235:T:C	Pathogenic	coding	0.012377262115478516	0.04535031318664551	0.04661872982978821	0.03835642337799072
chr2:47783236:G:C	Pathogenic	coding	0.03128015995025635	0.04270225763320923	0.0040604472160339355	0.16192513704299927
chr2:47783270:A:T	Pathogenic	noncoding	0.049028635025024414	0.1364169716835022	0.07957276701927185	0.42553025484085083
chr2:47783272:G:A	Benign	coding	0.1003262996673584	0.03495946526527405	0.054904431104660034	0.019544601440429688
chr2:47783305:G:C	Benign	coding	0.02605760097503662	0.010740362107753754	0.007519543170928955	0.058274149894714355
chr2:47783305:G:T	Benign	coding	0.014227688312530518	0.015397682785987854	0.009484559297561646	0.10008871555328369
chr2:47783316:C:G	Pathogenic	coding	0.02306438982486725	0.037228792905807495	0.018756747245788574	0.28560152649879456
chr2:47783515:C:G	Benign	noncoding	0.050144463777542114	0.028867900371551514	0.04143744707107544	0.17460748553276062
chr2:47790999:C:G	Pathogenic	noncoding	0.01755291223526001	0.020081549882888794	0.015238285064697266	0.0373079776763916
chr2:47791014:T:C	Benign	coding	0.042182713747024536	0.09096735715866089	0.016781002283096313	0.017048217356204987
chr2:47791015:G:T	Pathogenic	noncoding	0.027708977460861206	0.11265701055526733	0.0671393871307373	0.06974983215332031
chr2:47791017:A:T	Benign	coding	0.08389332890510559	0.3671327829360962	0.033619582653045654	0.14299096167087555
chr2:47791033:A:T	Pathogenic	noncoding	0.03908678889274597	0.03458172082901001	0.03457200527191162	0.09978385269641876
chr2:47791039:A:T	Pathogenic	noncoding	0.015216708183288574	0.0900152325630188	0.02533438801765442	0.8103668689727783
chr2:47791043:C:G	Pathogenic	noncoding	0.06571069359779358	0.03146839141845703	0.04159533977508545	0.4263748526573181
chr2:47791053:T:G	Benign	coding	0.1292218565940857	0.09696215391159058	0.03661614656448364	0.08883217722177505
chr2:47791060:C:T	Pathogenic	noncoding	0.14298266172409058	0.047226548194885254	0.04129403829574585	0.3582685589790344
chr2:47791071:T:C	Benign	coding	0.04222092032432556	0.08236490190029144	0.04331713914871216	0.15824589133262634
chr2:47791091:G:A	Pathogenic	noncoding	0.0721544623374939	0.10315978527069092	0.022593170404434204	0.6621022820472717
chr2:47791092:G:A	Pathogenic	noncoding	0.05694401264190674	0.07713007926940918	0.025252044200897217	0.1269814372062683
chr2:47791095:T:C	Benign	coding	0.08213618397712708	0.08234328031539917	0.04851171374320984	0.05734095722436905
chr2:47791097:G:T	Benign	coding	0.03275926411151886	0.05670732259750366	0.10164546966552734	0.35210371017456055
chr2:47791099:A:T	Pathogenic	noncoding	0.03664863109588623	0.0290059894323349	0.03460872173309326	0.2596864402294159
chr2:47791101:A:G	Benign	coding	0.03853046894073486	0.07261964678764343	0.010420441627502441	0.09999620914459229
chr2:47791102:A:C	Benign	coding	0.03367716073989868	0.09504866600036621	0.026974797248840332	0.3590330481529236
chr2:47791109:T:G	Pathogenic	noncoding	0.08150291442871094	0.08654770255088806	0.05935436487197876	0.6621436476707458
chr2:47791125:T:A	Pathogenic	coding	0.03741618990898132	0.07759824395179749	0.05052587389945984	0.709496021270752
chr2:47800573:G:T	Pathogenic	other	0.06235435605049133	0.04210895299911499	0.020598769187927246	0.0641028881072998
chr2:47800581:A:G	Benign	coding	0.051426827907562256	0.07571196556091309	0.0141848623752594	0.5859006643295288
chr2:47800591:A:T	Pathogenic	noncoding	0.8749498128890991	0.539858341217041	0.037570178508758545	0.9114205837249756
chr2:47800596:T:A	Benign	coding	0.11448100209236145	0.07174879312515259	0.03431898355484009	0.2299177646636963
chr2:47800599:A:C	Benign	coding	0.10927700996398926	0.10759200155735016	0.006969809532165527	0.04141855239868164
chr2:47800612:G:T	Pathogenic	other	0.04107275605201721	0.052586495876312256	0.02418452501296997	0.14305633306503296
chr2:47800616:T:C	Benign	coding	0.021062016487121582	0.10365879535675049	0.031958818435668945	0.0232771635055542
chr2:47800617:T:A	Benign	coding	0.018771231174468994	0.045595765113830566	0.020361870527267456	0.08093251287937164
chr2:47800619:C:G	Benign	coding	0.022363021969795227	0.08201867341995239	0.022130727767944336	0.017487943172454834
chr2:47800630:A:T	Pathogenic	other	0.014293551445007324	0.02731943130493164	0.020662814378738403	0.07233971357345581
chr2:47800636:A:T	Pathogenic	other	0.03324025869369507	0.06405502557754517	0.022157371044158936	0.19234603643417358
chr2:47800645:A:T	Pathogenic	other	0.009943604469299316	0.024688899517059326	0.04064205288887024	0.03977543115615845
chr2:47800650:G:C	Benign	coding	0.04100143909454346	0.09020304679870605	0.030296146869659424	0.0204850435256958
chr2:47800663:C:T	Pathogenic	other	0.016539081931114197	0.4938282370567322	0.04604595899581909	0.4398461580276489
chr2:47803418:A:G	Pathogenic	noncoding	0.020455271005630493	0.08556357026100159	0.03667835891246796	0.7964673042297363
chr2:47803418:A:T	Pathogenic	noncoding	0.10351307690143585	0.032540351152420044	0.02192479372024536	0.8090700507164001
chr2:47803435:T:G	Pathogenic	coding	0.06478828191757202	0.04193305969238281	0.04987376928329468	0.05784046649932861
chr2:47803442:C:T	Benign	coding	0.06795522570610046	0.08100771903991699	0.03594505786895752	0.18359500169754028
chr2:47803445:T:A	Pathogenic	other	0.15174928307533264	0.03034299612045288	0.041693806648254395	0.18035197257995605
chr2:47803445:T:G	Pathogenic	other	0.07670822739601135	0.06788641214370728	0.02013564109802246	0.19403678178787231
chr2:47803449:C:T	Pathogenic	other	0.1612316370010376	0.03087383508682251	0.05519688129425049	0.1866665482521057
chr2:47803478:A:T	Benign	coding	0.0917879045009613	0.020824134349822998	0.04778754711151123	0.09581011533737183
chr2:47803481:A:C	Benign	coding	0.21565955877304077	0.06159323453903198	0.04036933183670044	0.04210234060883522
chr2:47803493:G:T	Benign	coding	0.14861732721328735	0.03783094882965088	0.033959388732910156	0.04446369409561157
chr2:47803494:G:T	Pathogenic	other	0.10465270280838013	0.08997732400894165	0.0505976676940918	0.3308512568473816
chr2:47803513:T:G	Pathogenic	other	0.2103945016860962	0.13586118817329407	0.03332357108592987	0.23654435575008392
chr2:47803515:G:T	Pathogenic	noncoding	0.20582735538482666	0.12589403986930847	0.03199803829193115	0.738410472869873
chr2:47803524:G:T	Pathogenic	noncoding	0.060002028942108154	0.20111730694770813	0.08081036806106567	0.273054838180542
chr2:47803528:C:A	Pathogenic	other	0.0703335702419281	0.13101693987846375	0.03457418084144592	0.6060266494750977
chr2:47803541:C:A	Pathogenic	other	0.03894847631454468	0.10712277889251709	0.013839513063430786	0.38882577419281006
chr2:47806632:C:T	Pathogenic	other	0.08349394798278809	0.16058659553527832	0.130365252494812	0.608976423740387
chr2:47806641:C:T	Pathogenic	other	0.4244917631149292	0.35416486859321594	0.05446887016296387	0.24430552124977112
chr2:47806645:T:G	Pathogenic	other	0.3404009938240051	0.20587590336799622	0.06865745782852173	0.1558724343776703
chr2:47806651:G:A	Pathogenic	coding	0.13673925399780273	0.11148358881473541	0.08402535319328308	0.32251298427581787
chr2:47806653:T:C	Pathogenic	noncoding	0.133546844124794	0.18086287379264832	0.06479199230670929	0.9492814540863037
chr2:47806806:A:C	Benign	coding	0.08496338129043579	0.07073280215263367	0.017468690872192383	0.0801771879196167
chr2:47834631:T:C	Benign	coding	0.11692118644714355	0.05696403980255127	0.028286516666412354	0.08713871240615845
chr2:47834712:C:T	Pathogenic	noncoding	0.025490224361419678	0.10757327079772949	0.06810370087623596	0.4494911730289459
chr2:47834727:T:C	Benign	noncoding	0.05051088333129883	0.059085965156555176	0.05397313833236694	0.02235734462738037
chr2:54617653:C:T	Benign	coding	0.04975758492946625	0.0270693302154541	0.11169205605983734	0.18201303482055664
chr2:54617655:G:A	Pathogenic	coding	0.033927977085113525	0.026607930660247803	0.05814087390899658	0.005898773670196533
chr2:54626060:C:T	Benign	coding	0.09128175675868988	0.10236050188541412	0.044734105467796326	0.09766796231269836
chr2:55234273:T:C	Benign	noncoding	0.09581965208053589	0.010191857814788818	0.08921265602111816	0.04464316368103027
chr2:55234828:C:A	Benign	noncoding	0.09475243091583252	0.20935693383216858	0.12075203657150269	0.2073841691017151
chr2:55234855:A:C	Benign	coding	0.07242834568023682	0.14931276440620422	0.05905270576477051	0.19433480501174927
chr2:55636166:A:G	Benign	noncoding	0.043681979179382324	0.010294973850250244	0.06424498558044434	0.007791459560394287
chr2:58206240:A:G	Benign	noncoding	0.054541394114494324	0.07854831218719482	0.04449504613876343	0.07132315635681152
chr2:61483031:C:A	Pathogenic	coding	0.028329908847808838	0.031926870346069336	0.03657059371471405	0.09818082302808762
chr2:69320095:G:A	Benign	noncoding	0.057385146617889404	0.14878442883491516	0.009875774383544922	0.16683267056941986
chr2:69320104:G:C	Benign	noncoding	0.07699036598205566	0.04160803556442261	0.07833579182624817	0.10919779539108276
chr2:69323504:T:C	Benign	noncoding	0.23215363919734955	0.07019369304180145	0.028343617916107178	0.022603005170822144
chr2:69323520:G:A	Benign	noncoding	0.0894801914691925	0.03428831696510315	0.04846787452697754	0.02423250675201416
chr2:69323678:A:T	Benign	noncoding	0.0783190131187439	0.015209458768367767	0.055953025817871094	0.0069196224212646484
chr2:69324945:C:A	Benign	noncoding	0.023714661598205566	0.0470174178481102	0.035336315631866455	0.03391748666763306
chr2:69423589:G:C	Pathogenic	coding	0.10289466381072998	0.07951763272285461	0.1348528265953064	0.16625171899795532
chr2:69423598:G:A	Benign	coding	0.09614598751068115	0.1038278341293335	0.035156428813934326	0.15942591428756714
chr2:69423621:A:G	Pathogenic	coding	0.028473317623138428	0.08222362399101257	0.013802707195281982	0.05866509675979614
chr2:69431917:C:A	Benign	coding	0.03267163038253784	0.12465494871139526	0.08151325583457947	0.2611328959465027
chr2:69431994:A:T	Benign	coding	0.040336549282073975	0.09460127353668213	0.017095625400543213	0.028889834880828857
chr2:70087744:A:G	Pathogenic	coding	0.028679579496383667	0.032422930002212524	0.016420602798461914	0.3312980532646179
chr2:70088257:C:T	Pathogenic	other	0.02970331907272339	0.036040276288986206	0.0498986542224884	0.4328618347644806
chr2:70088612:T:G	Pathogenic	other	0.09964373707771301	0.146969273686409	0.11935462057590485	0.6534772515296936
chr2:70088683:A:T	Pathogenic	other	0.039673686027526855	0.1027245819568634	0.02519020438194275	0.963942289352417
chr2:70224652:G:A	Benign	noncoding	0.2346211075782776	0.35032370686531067	0.20487482845783234	0.15630698204040527
chr2:71133527:T:C	Benign	coding	0.006154537200927734	0.11392837762832642	0.016272425651550293	0.0944366455078125
chr2:73252803:C:T	Pathogenic	coding	0.0652180016040802	0.05513352155685425	0.14551368355751038	0.6957053542137146
chr2:74047202:C:T	Benign	coding	0.07027256488800049	0.11323517560958862	0.007876574993133545	0.20451068878173828
chr2:74047266:G:A	Pathogenic	other	0.07789349555969238	0.07236321270465851	0.025248080492019653	0.5179885625839233
chr2:74047288:C:T	Benign	coding	0.026923418045043945	0.08802241086959839	0.02356666326522827	0.0879041850566864
chr2:74370072:G:A	Benign	noncoding	0.06065414845943451	0.04408341646194458	0.04211616516113281	0.5655261278152466
chr2:74371855:A:G	Benign	noncoding	0.0002664327621459961	2.968311309814453e-05	0.00020802021026611328	2.0205974578857422e-05
chr2:74874327:T:C	Benign	coding	0.1003076434135437	0.11226153373718262	0.011857151985168457	0.12894153594970703
chr2:74877202:G:A	Benign	coding	0.02615797519683838	0.06871867179870605	0.025318562984466553	0.024451732635498047
chr2:74877252:G:C	Benign	coding	0.09401977062225342	0.13183146715164185	0.05334469676017761	0.0995657742023468
chr2:84423583:A:G	Benign	noncoding	0.020105063915252686	0.07571935653686523	0.010297305881977081	0.17331016063690186
chr2:84443348:C:G	Pathogenic	coding	0.0598224401473999	0.04235893487930298	0.05131611227989197	0.085476815700531
chr2:84443382:G:A	Pathogenic	other	0.12809771299362183	0.09331905841827393	0.018506407737731934	0.19977310299873352
chr2:84443404:A:G	Benign	noncoding	0.08130687475204468	0.08624887466430664	0.010394871234893799	0.11452615261077881
chr2:85398769:T:C	Benign	coding	0.10769516229629517	0.05141782760620117	0.07208859920501709	0.19637000560760498
chr2:85545094:A:G	Benign	noncoding	0.06145292520523071	0.04986196756362915	0.04462265968322754	0.03803759813308716
chr2:86077803:G:A	Benign	noncoding	0.07189470529556274	0.03719794750213623	0.03965890407562256	0.08127403259277344
chr2:86077811:G:A	Benign	noncoding	0.002122640609741211	0.003020644187927246	0.0952090322971344	0.003795802593231201
chr2:86470243:T:A	Benign	coding	0.04702940583229065	0.019230321049690247	0.013533476740121841	0.0026607513427734375
chr2:86470244:C:T	Benign	coding	0.028211504220962524	0.008507311344146729	0.02336416393518448	0.2099584937095642
chr2:86482581:C:T	Benign	coding	0.06442597508430481	0.05751180648803711	0.02938249707221985	0.19739344716072083
chr2:86491173:T:G	Benign	coding	0.22257232666015625	0.0495782196521759	0.013010144233703613	0.10278376191854477
chr2:96252502:G:A	Benign	noncoding	0.06550014019012451	0.04559987783432007	0.008297264575958252	0.7209073305130005
chr2:96252507:A:G	Benign	noncoding	0.0815502405166626	0.06250715255737305	0.007682085037231445	0.37224453687667847
chr2:96252575:G:A	Benign	noncoding	0.07300728559494019	0.07268810272216797	0.008242666721343994	0.011887848377227783
chr2:96274755:G:C	Benign	noncoding	0.05042135715484619	0.015734747052192688	0.07865411043167114	0.08629971742630005
chr2:96278815:G:A	Benign	coding	0.045094698667526245	0.10368776321411133	0.012410879135131836	0.08061057329177856
chr2:96290415:G:C	Pathogenic	coding	0.19316941499710083	0.14457297325134277	0.08571135997772217	0.47531744837760925
chr2:96298427:A:G	Benign	noncoding	0.11624421179294586	0.0657629668712616	0.08085472881793976	0.026670396327972412
chr2:96298965:G:A	Benign	coding	0.18471652269363403	0.08493828773498535	0.033294081687927246	0.031011253595352173
chr2:96342072:A:G	Benign	coding	0.040506839752197266	0.02580934762954712	0.015830934047698975	0.013584494590759277
chr2:96739883:C:T	Pathogenic	coding	0.11978840827941895	0.17209666967391968	0.027322500944137573	0.07740810513496399
chr2:99364348:G:T	Benign	coding	0.07771879434585571	0.02667522430419922	0.12627151608467102	0.9774301648139954
chr2:99364399:T:C	Benign	coding	0.11252707242965698	0.017851591110229492	0.03446754813194275	0.013782579451799393
chr2:101859759:G:A	Benign	coding	0.09458982944488525	0.04647991061210632	0.024567246437072754	0.11093360185623169
chr2:108731491:T:G	Benign	noncoding	0.043666183948516846	0.06555038690567017	0.11063235998153687	0.10165750980377197
chr2:108751979:A:G	Benign	coding	0.017554879188537598	0.10573399066925049	0.029458969831466675	0.061272621154785156
chr2:108752009:A:G	Benign	noncoding	0.006150782108306885	0.0341600701212883	0.03769111633300781	0.07244160771369934
chr2:110669558:G:A	Benign	noncoding	0.06937257945537567	0.11541932821273804	0.06419724225997925	0.15557223558425903
chr2:117819702:G:A	Benign	coding	0.052645593881607056	0.04828536510467529	0.009082436561584473	0.007829934358596802
chr2:126696088:A:C	Benign	coding	0.15744033455848694	0.10790511965751648	0.012074500322341919	0.07128141820430756
chr2:127292785:A:G	Pathogenic	coding	0.09534615278244019	0.029592692852020264	0.02812647819519043	0.019105859100818634
chr2:127425871:A:G	Benign	noncoding	0.12966617941856384	0.05312299728393555	0.023230165243148804	0.06702041625976562
chr2:130182444:C:A	Benign	coding	0.1475229263305664	0.07225021719932556	0.012884557247161865	0.03143519163131714
chr2:135052482:A:T	Pathogenic	coding	0.055774986743927	0.10202127695083618	0.07828488945960999	0.04866868257522583
chr2:135133944:C:A	Pathogenic	other	0.12235561013221741	0.05464297533035278	0.013074219226837158	0.484342098236084
chr2:135134005:C:T	Pathogenic	other	0.16910171508789062	0.10151390731334686	0.11138862371444702	0.2962789833545685
chr2:135153690:G:A	Pathogenic	other	0.023477673530578613	0.035788655281066895	0.02208101749420166	0.09953486919403076
chr2:135153754:G:T	Pathogenic	other	0.06128448247909546	0.07950723171234131	0.014607131481170654	0.40960875153541565
chr2:135169185:C:T	Benign	noncoding	0.05863073468208313	0.09055539965629578	0.12706702947616577	0.14010515809059143
chr2:135866147:C:T	Benign	coding	0.08509355783462524	0.05476546287536621	0.05345791578292847	0.03239528834819794
chr2:135979383:C:T	Benign	noncoding	0.09254074096679688	0.18643787503242493	0.16472214460372925	0.24051117897033691
chr2:144398983:G:A	Benign	coding	0.010847508907318115	0.01574605703353882	0.015036523342132568	0.06537109613418579
chr2:144398984:G:A	Benign	coding	0.10229939222335815	0.03349006175994873	0.01813417673110962	0.09646368026733398
chr2:144399007:A:T	Pathogenic	other	0.012890160083770752	0.020210623741149902	0.013450264930725098	0.45605984330177307
chr2:149575754:C:T	Pathogenic	other	0.06119585037231445	0.08462062478065491	0.08252125978469849	0.21909405291080475
chr2:149575775:G:T	Pathogenic	coding	0.048238605260849	0.15203985571861267	0.06666058301925659	0.010578691959381104
chr2:149575782:G:A	Pathogenic	other	0.07171326875686646	0.10396558046340942	0.03675037622451782	0.6441476941108704
chr2:151464068:T:C	Benign	coding	0.002485334873199463	0.08012494444847107	0.029252588748931885	0.052670806646347046
chr2:152664205:T:C	Benign	coding	0.198720782995224	0.06751000881195068	0.047789961099624634	0.10694992542266846
chr2:157780569:G:A	Benign	coding	0.064289391040802	0.140920490026474	0.021442294120788574	0.18198218941688538
chr2:157780592:G:A	Benign	coding	0.04215371608734131	0.008628249168395996	0.020578302443027496	0.001102447509765625
chr2:157780625:A:G	Benign	noncoding	0.01668727397918701	0.08238524198532104	0.02711927890777588	0.005340993404388428
chr2:157780626:A:G	Benign	noncoding	0.007702171802520752	0.10578799247741699	0.05578035116195679	0.004342019557952881
chr2:161231523:C:T	Benign	coding	0.0016401968896389008	0.08163106441497803	0.017940521240234375	0.08157479763031006
chr2:168860907:C:T	Benign	coding	0.13788223266601562	0.08208441734313965	0.04685065150260925	0.10215914249420166
chr2:169606064:T:A	Benign	coding	0.029134690761566162	0.06630295515060425	0.09951090812683105	0.15918679535388947
chr2:169821942:C:T	Pathogenic	noncoding	0.13682621717453003	0.12783876061439514	0.023396849632263184	0.46616244316101074
chr2:169822026:A:G	Benign	coding	0.0604555606842041	0.1301385760307312	0.06634831428527832	0.03499996289610863
chr2:170965849:C:T	Benign	coding	0.05738884210586548	0.04372227191925049	0.006482720375061035	0.11465030908584595
chr2:170965956:C:T	Benign	coding	0.04042673110961914	0.03402465581893921	0.012119114398956299	0.08337503671646118
chr2:170966015:C:T	Benign	coding	0.06650727987289429	0.2339935004711151	0.02362602949142456	0.14719060063362122
chr2:170966066:C:T	Benign	coding	0.03314672410488129	0.18506518006324768	0.0853729248046875	0.1713511049747467
chr2:171484943:G:A	Benign	noncoding	0.05074423551559448	0.05743175745010376	0.014525175094604492	0.021234452724456787
chr2:172504503:A:G	Benign	noncoding	0.08691319823265076	0.058477044105529785	0.01980149745941162	0.0452045202255249
chr2:172504663:C:T	Benign	noncoding	0.08040556311607361	0.155184805393219	0.028474628925323486	0.049031827598810196
chr2:173191138:C:T	Benign	coding	0.15741786360740662	0.026126205921173096	0.03546774387359619	0.10379773378372192
chr2:173198034:G:A	Pathogenic	other	0.09968328475952148	0.022245168685913086	0.06481069326400757	0.3893052339553833
chr2:173954946:T:C	Benign	coding	0.10896182060241699	0.0617523193359375	0.12184882164001465	0.12394839525222778
chr2:173956022:T:C	Benign	coding	0.06015276908874512	0.058329641819000244	0.05210807919502258	0.07540857791900635
chr2:175179135:C:A	Pathogenic	coding	0.30003565549850464	0.1075507402420044	0.038294970989227295	0.24245953559875488
chr2:177231257:C:T	Benign	coding	0.11339524388313293	0.06120070815086365	0.09028849005699158	0.19341370463371277
chr2:177231265:A:C	Benign	coding	0.14144787192344666	0.11516153812408447	0.0601600706577301	0.22822320461273193
chr2:177231638:A:G	Benign	coding	0.042801082134246826	0.030375957489013672	0.044385552406311035	0.1941051483154297
chr2:177231805:C:G	Benign	coding	0.14621701836585999	0.11132091283798218	0.18530625104904175	0.42054125666618347
chr2:177231906:G:T	Benign	coding	0.07012096047401428	0.03754261136054993	0.061447978019714355	0.10701984167098999
chr2:177231911:G:C	Benign	coding	0.18305745720863342	0.13313151895999908	0.0968686044216156	0.16140088438987732
chr2:177232457:A:C	Benign	coding	0.0477260947227478	0.026143133640289307	0.1735905408859253	0.07730342447757721
chr2:177232532:C:T	Benign	coding	0.06784439086914062	0.08264237642288208	0.04341566562652588	0.030155718326568604
chr2:177232546:A:G	Benign	coding	0.057559460401535034	0.03387409448623657	0.05582612752914429	0.0404336079955101
chr2:177232570:G:A	Benign	coding	0.05956614017486572	0.0688510537147522	0.045087456703186035	0.06418605893850327
chr2:177232576:G:A	Benign	coding	0.03003746271133423	0.051496297121047974	0.06481805443763733	0.09075367450714111
chr2:177233994:G:A	Benign	noncoding	0.07243740558624268	0.028074204921722412	0.10810263454914093	0.04075098782777786
chr2:177234076:C:T	Pathogenic	coding	0.033386439085006714	0.042141616344451904	0.047072768211364746	0.1041724681854248
chr2:177234078:G:T	Pathogenic	coding	0.09141606092453003	0.17897149920463562	0.06427150964736938	0.1035652756690979
chr2:177234082:C:T	Pathogenic	coding	0.10558384656906128	0.22426468133926392	0.10245126485824585	0.09508627653121948
chr2:177505573:C:T	Pathogenic	other	0.06401747465133667	0.13713020086288452	0.035077258944511414	0.11014878749847412
chr2:177539060:A:G	Benign	noncoding	0.054523542523384094	0.06861817836761475	0.05797094479203224	0.010881789028644562
chr2:177539914:G:A	Benign	noncoding	0.1535230576992035	0.21264195442199707	0.10315197706222534	0.27416446805000305
chr2:177540743:A:G	Benign	noncoding	0.14812999963760376	0.1969553530216217	0.04815763235092163	0.16495072841644287
chr2:177540831:G:C	Benign	noncoding	0.03836889564990997	0.036206722259521484	0.03143590688705444	0.1400071382522583
chr2:177542089:A:G	Benign	noncoding	0.20261183381080627	0.03107517957687378	0.05211605131626129	0.07454806566238403
chr2:178431899:G:A	Benign	noncoding	0.11019015312194824	0.03307837247848511	0.06406068801879883	0.1577814817428589
chr2:178432244:G:A	Benign	coding	0.06908485293388367	0.11309582740068436	0.04334568977355957	0.2742551565170288
chr2:178542001:A:G	Benign	noncoding	0.047740161418914795	0.0053784847259521484	0.08257225155830383	0.0029590725898742676
chr2:182967356:A:C	Pathogenic	other	0.1703939437866211	0.05666553974151611	0.2968376874923706	0.21740159392356873
chr2:186625496:G:C	Pathogenic	coding	0.13216334581375122	0.07771950960159302	0.09700456261634827	0.1348876953125
chr2:186625505:G:A	Benign	coding	0.2278025895357132	0.19079726934432983	0.06348863244056702	0.2758161425590515
chr2:187496871:A:G	Benign	noncoding	0.07979947328567505	0.07017350196838379	0.03597700595855713	0.08574733138084412
chr2:189563854:A:G	Benign	coding	0.18285131454467773	0.09648221731185913	0.0939575731754303	0.06105506420135498
chr2:189563937:G:T	Pathogenic	coding	0.2098866105079651	0.12681013345718384	0.029700666666030884	0.10382483899593353
chr2:189564009:C:T	Pathogenic	coding	0.15621671080589294	0.034339725971221924	0.05721348524093628	0.026708751916885376
chr2:189564018:C:A	Pathogenic	coding	0.25425201654434204	0.03971351683139801	0.015565693378448486	0.026357848197221756
chr2:190969926:T:C	Benign	noncoding	0.02490389347076416	0.012688934803009033	0.028990507125854492	0.026486575603485107
chr2:190970042:A:G	Benign	noncoding	0.024622619152069092	0.058176495134830475	0.12271559238433838	0.015680253505706787
chr2:197400802:A:G	Benign	coding	0.15440186858177185	0.279501348733902	0.03382784128189087	0.8605170249938965
chr2:197418542:A:G	Benign	coding	0.028831422328948975	0.03982949256896973	0.007588386535644531	0.008711325004696846
chr2:197418581:T:C	Benign	coding	0.07595205307006836	0.21031630039215088	0.015210799872875214	0.07055461406707764
chr2:197489077:G:A	Benign	coding	0.12826700508594513	0.035191357135772705	0.05334758758544922	0.047367095947265625
chr2:199308563:C:T	Benign	noncoding	0.0017573833465576172	0.0009732842445373535	0.08421105146408081	0.003167092800140381
chr2:199308589:T:C	Benign	noncoding	0.05660134553909302	0.043235838413238525	0.04616755247116089	0.023032724857330322
chr2:199368610:A:G	Benign	coding	0.015954293310642242	0.06680293381214142	0.03360128402709961	0.028790712356567383
chr2:199368647:G:A	Pathogenic	other	0.07637807726860046	0.06727027893066406	0.17304518818855286	0.3425807058811188
chr2:199368653:T:A	Pathogenic	other	0.0027506276965141296	0.13430583477020264	0.04430276155471802	0.18697363138198853
chr2:201761837:A:T	Benign	noncoding	0.2510525584220886	0.17246252298355103	0.07527372241020203	0.01277017593383789
chr2:206126766:G:A	Pathogenic	other	0.09116226434707642	0.22627601027488708	0.11904025077819824	0.3124523460865021
chr2:206161480:G:A	Benign	noncoding	0.1850898265838623	0.029621779918670654	0.015247821807861328	0.05829501152038574
chr2:208243577:T:C	Benign	coding	0.005576344206929207	0.013808049261569977	0.014741137623786926	0.010402441024780273
chr2:208243593:C:T	Benign	coding	0.005296468734741211	0.010096315294504166	0.045718371868133545	0.090638667345047
chr2:208248388:C:A	Pathogenic	coding	0.07622021436691284	0.07288585603237152	0.060949862003326416	0.12571442127227783
chr2:208248389:G:T	Pathogenic	coding	0.0864153504371643	0.08665305376052856	0.017274945974349976	0.24805641174316406
chr2:208312219:G:A	Benign	noncoding	0.11842712759971619	0.08982479572296143	0.04291331768035889	0.07252836227416992
chr2:208312246:T:A	Benign	coding	0.013382156379520893	0.26072168350219727	0.10579943656921387	0.025149181485176086
chr2:208356567:T:G	Benign	noncoding	0.054788053035736084	0.06447413563728333	0.020345866680145264	0.034786224365234375
chr2:208358629:A:G	Benign	noncoding	0.018636465072631836	0.023343980312347412	0.031142711639404297	0.010391592979431152
chr2:215364969:A:G	Benign	coding	0.03352409601211548	0.0484544038772583	0.06093791127204895	0.021698713302612305
chr2:215364975:C:T	Benign	coding	0.04311800003051758	0.06505882740020752	0.08227604627609253	0.045664429664611816
chr2:215367930:T:C	Benign	coding	0.03498399257659912	0.09281229972839355	0.04670596122741699	0.0019097661133855581
chr2:215391708:A:G	Benign	coding	0.030796527862548828	0.05674336850643158	0.15500077605247498	0.011550605297088623
chr2:215391720:G:A	Benign	coding	0.04144531488418579	0.07681030035018921	0.028139710426330566	0.06834082305431366
chr2:218275565:G:C	Benign	coding	0.04799151420593262	0.16301819682121277	0.06993982195854187	0.30014508962631226
chr2:218748884:C:T	Benign	coding	0.019680917263031006	0.05400094389915466	0.017142832279205322	0.029002726078033447
chr2:219225104:G:A	Benign	coding	0.09919506311416626	0.037787675857543945	0.05397915840148926	0.022198498249053955
chr2:219231956:A:C	Benign	coding	0.0017120838165283203	0.004989326000213623	0.03737775981426239	0.0160788893699646
chr2:219231959:G:A	Benign	coding	0.0028345687314867973	0.004281804896891117	0.014439940452575684	0.012313306331634521
chr2:219465894:C:T	Benign	noncoding	3.814697265625e-05	1.2636184692382812e-05	0.00469738245010376	0.00027942657470703125
chr2:219466002:C:T	Benign	noncoding	0.010983705520629883	0.01174384355545044	0.09114468097686768	0.018867433071136475
chr2:224513600:A:C	Pathogenic	other	0.04903435707092285	0.06819194555282593	0.020034492015838623	0.10549527406692505
chr2:229802292:G:A	Pathogenic	other	0.02229154109954834	0.025263935327529907	0.027427971363067627	0.33875107765197754
chr2:230877483:G:T	Benign	coding	0.17846736311912537	0.0818752646446228	0.01664912700653076	0.15579736232757568
chr2:230877499:C:T	Benign	coding	0.1200309693813324	0.05193597078323364	0.062478721141815186	0.03658139705657959
chr2:231455391:C:T	Benign	noncoding	0.2204703390598297	0.07868367433547974	0.03989905118942261	0.06716716289520264
chr2:231460754:A:G	Benign	coding	0.0799134373664856	0.013971209526062012	0.012720286846160889	0.021500587463378906
chr2:239352670:G:A	Benign	noncoding	0.06774795055389404	0.044847190380096436	0.03246372938156128	0.11524689197540283
chr2:240005129:A:G	Benign	noncoding	0.009202808141708374	0.08578631281852722	0.02587336301803589	0.027659475803375244
chr2:240021232:T:C	Pathogenic	coding	0.03090888261795044	0.055346012115478516	0.04337075352668762	0.053781986236572266
chr2:241239892:G:A	Benign	noncoding	0.05042058229446411	0.10457703471183777	0.020205974578857422	0.059270620346069336
chr2:241264600:T:C	Benign	coding	0.15471041202545166	0.06839168071746826	0.00419771671295166	0.11934685707092285
chr2:241768062:T:C	Benign	noncoding	0.010917484760284424	0.09269112348556519	0.03255057334899902	0.053743720054626465
chr2:241768396:G:A	Benign	noncoding	0.017638862133026123	0.009007751941680908	0.030912041664123535	0.03486591577529907
chr2:241768402:G:T	Benign	noncoding	0.05830252170562744	0.03274911642074585	0.028053641319274902	0.024259746074676514
chr2:241768418:C:T	Benign	noncoding	0.14536833763122559	0.1478518843650818	0.045596182346343994	0.1803746223449707
chr3:4846346:G:C	Benign	noncoding	0.00378495454788208	0.009536206722259521	0.019216328859329224	0.001437366008758545
chr3:9434501:A:G	Benign	noncoding	0.1678512692451477	0.16315442323684692	0.06316797435283661	0.02533090114593506
chr3:9445464:T:C	Benign	noncoding	0.17279645800590515	0.057003557682037354	0.0980849415063858	0.05216291546821594
chr3:9448083:T:C	Benign	noncoding	0.046482592821121216	0.016388706862926483	0.02189026027917862	0.02637237310409546
chr3:9464586:G:T	Pathogenic	other	0.04429800808429718	0.13043415546417236	0.039677172899246216	0.22529304027557373
chr3:9464601:T:C	Benign	coding	0.07300421595573425	0.07612296938896179	0.026995867490768433	0.18252617120742798
chr3:9470615:A:T	Pathogenic	other	0.023531019687652588	0.03812052309513092	0.037436604499816895	0.2075284719467163
chr3:9470689:T:G	Pathogenic	other	0.09395977854728699	0.16566574573516846	0.05693089962005615	0.1864110231399536
chr3:9474656:G:A	Benign	noncoding	0.14070147275924683	0.03963707387447357	0.030378758907318115	0.12571513652801514
chr3:9474902:T:C	Benign	noncoding	0.14085596799850464	0.03870856761932373	0.038006097078323364	0.04696325957775116
chr3:9475678:G:T	Benign	coding	0.052928030490875244	0.03812301158905029	0.02384623885154724	0.06819039583206177
chr3:9475685:C:T	Benign	coding	0.059173405170440674	0.04134714603424072	0.03704172372817993	0.33527660369873047
chr3:9475691:C:G	Benign	coding	0.062277406454086304	0.09943242371082306	0.029502511024475098	0.2305392622947693
chr3:9475692:G:A	Benign	coding	0.1382220983505249	0.07376892864704132	0.022721558809280396	0.0943821370601654
chr3:9475827:G:A	Benign	coding	0.1454818844795227	0.05688995122909546	0.03371116518974304	0.09556949138641357
chr3:9475893:C:T	Benign	coding	0.0527876615524292	0.015210866928100586	0.020896494388580322	0.05012869834899902
chr3:9475971:C:T	Benign	coding	0.06417146325111389	0.07035213708877563	0.07294094562530518	0.2155534029006958
chr3:9475977:A:G	Benign	coding	0.0778733491897583	0.05273592472076416	0.10461102426052094	0.18405959010124207
chr3:9924029:T:A	Benign	noncoding	0.10377827286720276	0.10570640116930008	0.07024052739143372	0.13023090362548828
chr3:9924216:T:G	Benign	noncoding	0.08968177437782288	0.05780059099197388	0.11314225196838379	0.03641688823699951
chr3:9924243:G:C	Benign	coding	0.07619526982307434	0.03551459312438965	0.09079325199127197	0.009728670120239258
chr3:9943412:G:A	Benign	coding	0.046277761459350586	0.022741615772247314	0.03562849760055542	0.017312705516815186
chr3:9943445:C:A	Benign	coding	0.027043968439102173	0.04213130474090576	0.02440500259399414	0.015766620635986328
chr3:10119143:C:A	Benign	noncoding	0.010582240298390388	0.02739885449409485	0.001999594271183014	0.037331193685531616
chr3:10150259:G:A	Benign	noncoding	0.09726138412952423	0.032934606075286865	0.016907989978790283	0.04546278715133667
chr3:10150268:A:T	Benign	noncoding	0.057904720306396484	0.0415976345539093	0.020671427249908447	0.12001830339431763
chr3:10150539:T:C	Benign	noncoding	0.07837235927581787	0.011287212371826172	0.0197371244430542	0.029820740222930908
chr3:10150678:T:C	Benign	noncoding	0.04368311166763306	0.2650505602359772	0.07440781593322754	0.1944599747657776
chr3:10150683:T:C	Benign	noncoding	0.08547809720039368	0.17158356308937073	0.0774087905883789	0.17763465642929077
chr3:10150689:T:G	Benign	noncoding	0.082355797290802	0.09990289807319641	0.11174726486206055	0.14630967378616333
chr3:10150785:A:G	Benign	noncoding	0.15997180342674255	0.15157178044319153	0.018493324518203735	0.1354946494102478
chr3:10151645:T:C	Benign	noncoding	0.33049046993255615	0.08696776628494263	0.022080957889556885	0.1635197401046753
chr3:10151686:C:G	Benign	noncoding	0.015063643455505371	0.09628289937973022	0.05709254741668701	0.06157076358795166
chr3:12505246:T:C	Benign	noncoding	0.07476222515106201	0.019867807626724243	0.07725304365158081	0.02032339572906494
chr3:12505248:T:C	Benign	noncoding	0.0984085202217102	0.08891314268112183	0.09485480189323425	0.07817167043685913
chr3:12505265:G:A	Benign	noncoding	0.13080240786075592	0.21199265122413635	0.029121562838554382	0.14473015069961548
chr3:12605958:A:G	Benign	noncoding	0.0993340015411377	0.04888838529586792	0.032045960426330566	0.12042540311813354
chr3:12605959:A:T	Benign	noncoding	0.20919570326805115	0.0703393816947937	0.05627712607383728	0.2636294960975647
chr3:12605968:T:C	Benign	noncoding	0.09663081169128418	0.08732843399047852	0.03644603490829468	0.14051386713981628
chr3:12663665:A:G	Benign	noncoding	0.04793649911880493	0.08503090590238571	0.030038803815841675	0.06527107954025269
chr3:12663674:A:G	Benign	noncoding	0.10445329546928406	0.09809154272079468	0.03922760486602783	0.19782274961471558
chr3:12663709:G:A	Benign	noncoding	0.07991713285446167	0.034678101539611816	0.03707355260848999	0.10200095176696777
chr3:12901211:C:T	Benign	coding	0.03389263153076172	0.043478190898895264	0.009327709674835205	0.030004262924194336
chr3:12901261:C:G	Benign	coding	0.041349053382873535	0.05943220853805542	0.08958011865615845	0.17027795314788818
chr3:12901289:C:T	Benign	coding	0.04041355848312378	0.08474832773208618	0.024264156818389893	0.08580589294433594
chr3:14148732:C:G	Pathogenic	noncoding	0.40384384989738464	0.1515980064868927	0.05534160137176514	0.4548870921134949
chr3:14148733:T:C	Pathogenic	noncoding	0.06709051132202148	0.03547745943069458	0.04112112522125244	0.32481515407562256
chr3:14148737:T:G	Benign	noncoding	0.04697728157043457	0.04541441798210144	0.021091341972351074	0.04504472017288208
chr3:14158640:G:A	Pathogenic	other	0.09762978553771973	0.01871374249458313	0.0514693558216095	0.6389298439025879
chr3:14168330:G:A	Pathogenic	noncoding	0.11296099424362183	0.087857186794281	0.009280234575271606	0.4338645935058594
chr3:14168389:A:T	Pathogenic	noncoding	0.17315039038658142	0.07813948392868042	0.01676344871520996	0.5628373622894287
chr3:14170451:C:T	Pathogenic	noncoding	0.030153930187225342	0.023835957050323486	0.04099076986312866	0.01088184118270874
chr3:14170452:C:T	Pathogenic	noncoding	0.06291919946670532	0.050905704498291016	0.014898836612701416	0.11537843942642212
chr3:14170518:T:A	Benign	coding	0.19183486700057983	0.03706982731819153	0.018706798553466797	0.006283864378929138
chr3:14665062:C:T	Benign	coding	0.15410590171813965	0.06486079096794128	0.006763339042663574	0.0002837181091308594
chr3:19984917:C:G	Benign	noncoding	0.1036081612110138	0.11920145153999329	0.30201125144958496	0.2898348569869995
chr3:20119604:A:G	Benign	coding	0.04357677698135376	0.013708710670471191	0.07380446791648865	0.08461304754018784
chr3:20171129:T:G	Benign	coding	0.09986677765846252	0.0649871826171875	0.05392017960548401	0.21790319681167603
chr3:23889189:T:C	Benign	coding	0.03832274675369263	0.13837909698486328	0.0875643789768219	0.19616177678108215
chr3:23917888:T:C	Pathogenic	coding	0.05310456454753876	0.06353414058685303	0.04395231604576111	0.8335605263710022
chr3:23918422:G:A	Benign	noncoding	0.049095213413238525	0.04822266101837158	0.012228697538375854	0.08266287297010422
chr3:23918436:G:A	Benign	noncoding	0.598422646522522	0.21878677606582642	0.0109291672706604	0.27088475227355957
chr3:23918444:C:T	Benign	coding	0.13363724946975708	0.01895233988761902	0.02469596266746521	0.13615131378173828
chr3:23918478:C:T	Pathogenic	noncoding	0.04415285587310791	0.02395978569984436	0.032885849475860596	0.0474812388420105
chr3:23919194:A:G	Pathogenic	noncoding	0.04011791944503784	0.07593631744384766	0.016135692596435547	0.5083377361297607
chr3:23919225:G:C	Benign	coding	0.043160974979400635	0.11966100335121155	0.045862436294555664	0.15480171144008636
chr3:23919726:G:A	Benign	noncoding	0.12094205617904663	0.045566558837890625	0.043875038623809814	0.1200619637966156
chr3:25606141:A:G	Benign	noncoding	0.10777926445007324	0.24700582027435303	0.017194509506225586	0.3646036982536316
chr3:25624700:C:A	Benign	coding	0.11130648851394653	0.022260963916778564	0.03518107533454895	0.06263077259063721
chr3:25624775:T:C	Benign	coding	0.13405120372772217	0.0942697525024414	0.07764819264411926	0.023059308528900146
chr3:25635978:C:T	Benign	coding	0.02632737159729004	0.0635291337966919	0.029616236686706543	0.22466272115707397
chr3:25643761:A:G	Benign	coding	0.028329014778137207	0.056383371353149414	0.029175758361816406	0.01986515522003174
chr3:25736046:C:T	Pathogenic	noncoding	0.03223472833633423	0.02055734395980835	0.05386123061180115	0.3124614357948303
chr3:25736086:T:C	Pathogenic	coding	0.10590916872024536	0.08350872993469238	0.06337311863899231	0.04786038398742676
chr3:25737338:G:T	Pathogenic	other	0.00783926248550415	0.06182593107223511	0.04745018482208252	0.12596732378005981
chr3:31579862:A:G	Benign	coding	0.027592241764068604	0.02889036014676094	0.08760577440261841	0.008613348007202148
chr3:33051753:C:T	Pathogenic	noncoding	0.09295728802680969	0.08870154619216919	0.014547765254974365	0.5382291674613953
chr3:33051756:A:T	Pathogenic	noncoding	0.009470850229263306	0.026595890522003174	0.013240456581115723	0.49511080980300903
chr3:33051775:T:C	Pathogenic	coding	0.01929938793182373	0.022797226905822754	0.00858423113822937	0.03528660535812378
chr3:33051791:A:G	Pathogenic	coding	0.2828616499900818	0.05611824989318848	0.019767463207244873	0.22531509399414062
chr3:33051895:G:A	Pathogenic	coding	0.03317183256149292	0.061893343925476074	0.13571763038635254	0.2830375134944916
chr3:33068912:G:C	Pathogenic	coding	0.08887684345245361	0.178412526845932	0.022051453590393066	0.08216813206672668
chr3:33114079:T:C	Pathogenic	coding	0.04615005850791931	0.018198132514953613	0.014257848262786865	0.025003373622894287
chr3:33114134:C:A	Pathogenic	other	0.017918288707733154	0.013701856136322021	0.047869205474853516	0.055657029151916504
chr3:33120406:C:T	Benign	coding	0.11962220072746277	0.15371298789978027	0.03777271509170532	0.06109130382537842
chr3:33120407:G:T	Pathogenic	noncoding	0.15788805484771729	0.07529860734939575	0.032313257455825806	0.23992985486984253
chr3:33120430:A:G	Benign	coding	0.09909515082836151	0.1171945333480835	0.07234454154968262	0.08837473392486572
chr3:33120433:T:G	Pathogenic	noncoding	0.2477845549583435	0.09291911125183105	0.10932448506355286	0.6471208930015564
chr3:33129971:C:T	Pathogenic	noncoding	0.09262442588806152	0.11109238862991333	0.05729961395263672	0.2198144793510437
chr3:33130033:C:T	Benign	coding	0.04733419418334961	0.03983740508556366	0.025899231433868408	0.024494469165802002
chr3:33130049:C:T	Pathogenic	noncoding	0.060885146260261536	0.05046752095222473	0.040090739727020264	0.687900960445404
chr3:33142392:C:G	Pathogenic	noncoding	0.09037691354751587	0.04247283935546875	0.038174986839294434	0.13895583152770996
chr3:33865365:G:A	Benign	coding	0.15273335576057434	0.0378204882144928	0.03526359796524048	0.08837151527404785
chr3:37050659:G:A	Benign	noncoding	0.21326011419296265	0.05143707990646362	0.039668142795562744	0.05644512176513672
chr3:37050661:T:A	Benign	noncoding	0.10004425048828125	0.07551515102386475	0.0203779935836792	0.05674690008163452
chr3:38454574:C:T	Benign	noncoding	0.19767779111862183	0.3243751525878906	0.07244008779525757	0.17048373818397522
chr3:38485724:T:C	Benign	noncoding	0.34384647011756897	0.27543535828590393	0.05176299810409546	0.1880006194114685
chr3:38485757:G:A	Benign	noncoding	0.03028056025505066	0.034987032413482666	0.024137139320373535	0.016246870160102844
chr3:38487288:A:G	Benign	noncoding	0.09543687105178833	0.029110431671142578	0.05889520049095154	0.07416930794715881
chr3:38489233:C:T	Benign	noncoding	0.030506346374750137	0.048798203468322754	0.030763208866119385	0.0589408278465271
chr3:38491473:C:A	Benign	noncoding	0.11541074514389038	0.1334477663040161	0.02877664566040039	0.1492464542388916
chr3:38491519:G:A	Benign	noncoding	0.04701918363571167	0.06282031536102295	0.0628003478050232	0.07059723138809204
chr3:39396437:C:G	Pathogenic	coding	0.15091079473495483	0.05916672945022583	0.05223149061203003	0.14171665906906128
chr3:39396484:T:G	Pathogenic	coding	0.10464942455291748	0.05419445037841797	0.03388434648513794	0.47364822030067444
chr3:39396518:T:C	Pathogenic	coding	0.02646613121032715	0.08596879243850708	0.04211816191673279	0.45703449845314026
chr3:41233640:A:T	Pathogenic	other	0.1546899676322937	0.018477939069271088	0.016739189624786377	0.5210217833518982
chr3:42217117:T:A	Benign	noncoding	0.016670584678649902	0.027426481246948242	0.05943220853805542	0.011660724878311157
chr3:43549642:C:A	Benign	noncoding	0.08577486872673035	0.022218763828277588	0.06520330905914307	0.11620455980300903
chr3:43549650:G:A	Benign	noncoding	0.09546785056591034	0.046318113803863525	0.16604353487491608	0.009841561317443848
chr3:43549835:G:A	Benign	coding	0.1260107457637787	0.130558043718338	0.03216654062271118	0.1376078724861145
chr3:43555300:G:C	Pathogenic	other	0.1813971996307373	0.07362255454063416	0.06497499346733093	0.5902401208877563
chr3:43580459:G:A	Benign	coding	0.06864696741104126	0.07953387498855591	0.10840845108032227	0.04543668031692505
chr3:43699294:T:C	Benign	coding	0.005808413028717041	0.02101820707321167	0.004505792632699013	0.06387346982955933
chr3:43699326:C:G	Pathogenic	noncoding	0.0033859009854495525	0.01790863275527954	0.025596559047698975	0.056641317903995514
chr3:43702213:A:G	Pathogenic	noncoding	0.23556247353553772	0.06993517279624939	0.025977090001106262	0.5281035304069519
chr3:43711708:G:A	Pathogenic	noncoding	0.13176867365837097	0.07200273871421814	0.11545434594154358	0.23951907455921173
chr3:43711752:C:T	Pathogenic	other	0.09449803829193115	0.10984671115875244	0.08396279811859131	0.05712646245956421
chr3:45394475:T:C	Benign	coding	0.09118109941482544	0.08579117059707642	0.04857820272445679	0.07489663362503052
chr3:45500441:G:T	Pathogenic	noncoding	0.022160202264785767	0.028937160968780518	0.05758967995643616	0.4358760118484497
chr3:45500472:G:A	Pathogenic	other	0.01839679479598999	0.02027784287929535	0.020994365215301514	0.25900110602378845
chr3:45500489:A:G	Pathogenic	coding	0.8623223304748535	0.3066079616546631	0.014883041381835938	0.6551195383071899
chr3:47057060:C:T	Benign	coding	0.02709507942199707	0.01517835259437561	0.018734514713287354	0.061825573444366455
chr3:47057120:G:A	Benign	coding	0.028577417135238647	0.04358634352684021	0.039329200983047485	0.04335242509841919
chr3:47057180:G:C	Benign	coding	0.06884288787841797	0.061994075775146484	0.0675121545791626	0.14998075366020203
chr3:47106062:G:A	Pathogenic	other	0.07683300971984863	0.05259144306182861	0.00909389741718769	0.28633368015289307
chr3:47106069:A:G	Benign	coding	0.047344088554382324	0.011273488402366638	0.04564580321311951	0.0025521516799926758
chr3:47122234:T:C	Benign	coding	0.06979654729366302	0.11082158982753754	0.0696645975112915	0.008933259174227715
chr3:47122309:T:G	Benign	coding	0.07846730947494507	0.07654985785484314	0.03376898169517517	0.005319070070981979
chr3:47122324:G:C	Benign	coding	0.03956383466720581	0.16732698678970337	0.06149163842201233	0.008434472605586052
chr3:47410628:G:A	Benign	coding	0.056376516819000244	0.056424736976623535	0.007286548614501953	0.0584719181060791
chr3:47410733:C:T	Pathogenic	other	0.03435856103897095	0.031316518783569336	0.003194868564605713	0.0268784761428833
chr3:47412888:C:G	Benign	coding	0.05977332592010498	0.040973275899887085	0.04563900828361511	0.08618989586830139
chr3:47412908:C:T	Benign	coding	0.02418583631515503	0.03314858675003052	0.0037580132484436035	0.06587135791778564
chr3:47412909:G:A	Benign	coding	0.06835591793060303	0.037528157234191895	0.014295637607574463	0.025874555110931396
chr3:47412929:T:C	Benign	coding	0.07124412059783936	0.027222633361816406	0.003861665725708008	0.17461854219436646
chr3:47413184:G:A	Benign	coding	0.06409412622451782	0.06603538990020752	0.03475826978683472	0.19841760396957397
chr3:47676680:T:C	Benign	coding	0.13110028207302094	0.046450018882751465	0.05286532640457153	0.017885565757751465
chr3:47998750:A:G	Benign	coding	0.12996715307235718	0.15227729082107544	0.05167260766029358	0.10829167068004608
chr3:47998793:C:T	Benign	coding	0.0927014946937561	0.02571602165699005	0.09017398953437805	0.14226707816123962
chr3:48627040:C:T	Benign	coding	0.007591217756271362	0.07893890142440796	0.025578320026397705	0.044422686100006104
chr3:48627096:G:A	Benign	noncoding	0.08312997221946716	0.054309189319610596	0.02401939034461975	0.025434017181396484
chr3:49028810:C:T	Benign	noncoding	0.1096617579460144	0.0895533561706543	0.018765747547149658	0.03905859589576721
chr3:49057668:G:A	Pathogenic	other	0.05938005447387695	0.03394182026386261	0.066651850938797	0.5639206767082214
chr3:49057800:G:A	Pathogenic	other	0.06170475482940674	0.03477543592453003	0.015486955642700195	0.08118438720703125
chr3:49098660:C:T	Pathogenic	other	0.047590166330337524	0.11814278364181519	0.038549453020095825	0.4214295744895935
chr3:49100414:G:A	Pathogenic	other	0.0679652988910675	0.04947173595428467	0.036331117153167725	0.19033807516098022
chr3:49100421:A:G	Benign	coding	0.21079811453819275	0.04642629623413086	0.036478519439697266	0.002669394016265869
chr3:49100471:G:T	Benign	noncoding	0.08132925629615784	0.06882992386817932	0.036344826221466064	0.19326543807983398
chr3:49100579:C:T	Pathogenic	other	0.053271591663360596	0.09053564071655273	0.0624316930770874	0.06709182262420654
chr3:49128787:G:A	Benign	coding	0.11082255840301514	0.0569385290145874	0.04085001349449158	0.03709450364112854
chr3:49375540:C:A	Pathogenic	coding	0.051505088806152344	0.03125578165054321	0.050508588552474976	0.26742419600486755
chr3:49375563:C:T	Benign	coding	0.042305171489715576	0.10381364822387695	0.021650612354278564	0.0239107608795166
chr3:49533449:T:C	Benign	noncoding	0.1182180643081665	0.0641477108001709	0.11316001415252686	0.20494991540908813
chr3:50299991:G:A	Benign	noncoding	0.0694398283958435	0.06506243348121643	0.007582485675811768	0.23589131236076355
chr3:50349279:C:G	Benign	noncoding	0.02096080780029297	0.06955590844154358	0.054862648248672485	0.0626632571220398
chr3:52401124:C:G	Benign	noncoding	0.0006005764007568359	0.0025798678398132324	0.021483242511749268	0.0008187294006347656
chr3:53225838:T:C	Benign	coding	0.051920950412750244	0.06631410121917725	0.03154611587524414	0.23796501755714417
chr3:53225846:T:C	Benign	coding	0.041888654232025146	0.09036591649055481	0.036009907722473145	0.06436076760292053
chr3:53230612:G:A	Pathogenic	coding	0.09347125887870789	0.03085869550704956	0.05060991644859314	0.14640671014785767
chr3:56673673:A:G	Benign	coding	0.7013764381408691	0.6148731112480164	0.021522104740142822	0.25538480281829834
chr3:58171343:C:T	Benign	noncoding	0.06617653369903564	0.036563754081726074	0.035283297300338745	0.028889775276184082
chr3:58171354:C:G	Benign	noncoding	0.1566627025604248	0.1948845088481903	0.04560306668281555	0.05415385961532593
chr3:58171419:T:C	Benign	noncoding	0.09967893362045288	0.036874353885650635	0.03273725509643555	0.17372792959213257
chr3:93884755:C:A	Pathogenic	other	0.13265562057495117	0.09018760919570923	0.1458122432231903	0.17343199253082275
chr3:93884796:C:A	Pathogenic	coding	0.020455092191696167	0.04668532311916351	0.08150780200958252	0.045596420764923096
chr3:98580004:C:T	Benign	noncoding	0.12961500883102417	0.08832687139511108	0.10776644945144653	0.09034103155136108
chr3:98580088:G:T	Benign	noncoding	0.14924609661102295	0.11703652143478394	0.14535725116729736	0.21095815300941467
chr3:98580302:G:A	Benign	noncoding	0.03148975968360901	0.06737381219863892	0.0465320348739624	0.11518290638923645
chr3:98580588:C:T	Benign	noncoding	0.06974619626998901	0.08122527599334717	0.06649547815322876	0.03181564807891846
chr3:98580610:A:G	Benign	noncoding	0.0475122332572937	0.028137147426605225	0.03651250898838043	0.08751660585403442
chr3:98585623:T:C	Benign	coding	0.1360720694065094	0.16354525089263916	0.025360554456710815	0.02116956189274788
chr3:98585631:G:A	Pathogenic	coding	0.07284355163574219	0.08879482746124268	0.0846814513206482	0.08488300442695618
chr3:98585633:T:C	Pathogenic	coding	0.11899441480636597	0.2434626817703247	0.054882705211639404	0.4278278350830078
chr3:98593472:G:A	Benign	coding	0.05658537149429321	0.05239713191986084	0.02532339096069336	0.06276631355285645
chr3:99849441:G:A	Benign	coding	0.21312427520751953	0.04617480933666229	0.021758615970611572	0.053572893142700195
chr3:100719965:T:C	Benign	noncoding	0.0458294153213501	0.17856234312057495	0.06012393534183502	0.05306672677397728
chr3:100728874:A:G	Benign	noncoding	0.025172844529151917	0.11369174718856812	0.18997395038604736	0.4340864419937134
chr3:100732722:G:A	Benign	noncoding	0.02385854721069336	0.08614197373390198	0.03343278169631958	0.02019953727722168
chr3:100744807:T:G	Benign	noncoding	0.11607575416564941	0.09486109018325806	0.04377090930938721	0.030152276158332825
chr3:100744825:G:T	Benign	noncoding	0.056888461112976074	0.08736664056777954	0.040184199810028076	0.03927522897720337
chr3:100748174:T:C	Benign	coding	0.06318706274032593	0.12031930685043335	0.014634966850280762	0.29362115263938904
chr3:100748418:A:C	Benign	coding	0.08667868375778198	0.07318854331970215	0.03642740845680237	0.10593152046203613
chr3:107801219:C:T	Benign	coding	0.13867035508155823	0.08390003442764282	0.036951929330825806	0.107703298330307
chr3:113809431:C:T	Benign	noncoding	0.002272769808769226	0.03590232878923416	0.034722745418548584	0.0323411226272583
chr3:121770148:C:G	Benign	noncoding	0.035463765263557434	0.04120016098022461	0.033065617084503174	0.10250827670097351
chr3:124731522:G:A	Benign	noncoding	0.053204238414764404	0.019613683223724365	0.06315630674362183	0.00897890329360962
chr3:124746802:C:T	Benign	noncoding	0.00010591745376586914	0.0230330228805542	0.04383647441864014	0.06524503231048584
chr3:127616905:C:T	Benign	coding	0.07140707969665527	0.16962170600891113	0.03621792793273926	0.047144412994384766
chr3:127619192:G:A	Benign	coding	0.17691323161125183	0.02529430389404297	0.0476585328578949	0.056697964668273926
chr3:128060598:A:G	Pathogenic	coding	0.0286903977394104	0.04534488916397095	0.06938183307647705	0.3584110736846924
chr3:128060669:C:T	Benign	noncoding	0.01151740550994873	0.06472647190093994	0.030882209539413452	0.016549646854400635
chr3:128065275:T:C	Benign	noncoding	0.2779749631881714	0.07624709606170654	0.05425079166889191	0.04301351308822632
chr3:128065298:G:A	Benign	noncoding	0.12691539525985718	0.06361079216003418	0.05949687957763672	0.7764660120010376
chr3:128068067:G:A	Benign	noncoding	0.04116940498352051	0.08789211511611938	0.07257643342018127	0.04119473695755005
chr3:128068067:G:T	Benign	noncoding	0.1710544228553772	0.04496031999588013	0.0534895658493042	0.07957136631011963
chr3:128069578:C:T	Benign	coding	0.049294352531433105	0.0762624740600586	0.02002742886543274	0.0496254563331604
chr3:128479790:T:C	Benign	noncoding	0.17383894324302673	0.25628840923309326	0.0466957688331604	0.13856616616249084
chr3:128480919:G:T	Benign	noncoding	0.09826633334159851	0.051761746406555176	0.016922712326049805	0.05419027805328369
chr3:128480925:G:A	Benign	noncoding	0.08810317516326904	0.09904724359512329	0.04143884778022766	0.24272310733795166
chr3:128481577:C:G	Benign	noncoding	0.08295628428459167	0.0749056339263916	0.02530086040496826	0.039851412177085876
chr3:128485385:G:A	Benign	noncoding	0.0198172926902771	0.06822425127029419	0.11110031604766846	0.03959367424249649
chr3:128492907:G:A	Benign	noncoding	0.14102059602737427	0.060185790061950684	0.08699458837509155	0.2982201874256134
chr3:128492959:A:C	Benign	noncoding	0.10970079898834229	0.07277810573577881	0.034519314765930176	0.1431671679019928
chr3:128493129:A:C	Benign	noncoding	0.0728137195110321	0.06647157669067383	0.0685434341430664	0.18807834386825562
chr3:128814047:T:C	Benign	noncoding	0.06176714599132538	0.12115931510925293	0.29309776425361633	0.1226317435503006
chr3:128814419:T:C	Benign	noncoding	0.0879843533039093	0.05842947959899902	0.05588585138320923	0.07504802942276001
chr3:129252270:T:C	Benign	noncoding	0.030523478984832764	0.018277227878570557	0.01699000597000122	0.17556476593017578
chr3:129265740:C:T	Benign	coding	0.1165921688079834	0.10911057889461517	0.049747973680496216	0.037804119288921356
chr3:129275276:C:T	Benign	coding	0.017596840858459473	0.07283630967140198	0.08351358771324158	0.06390035152435303
chr3:129432502:C:A	Pathogenic	coding	0.044574618339538574	0.017856571823358536	0.04954826831817627	0.5506937503814697
chr3:129432505:G:A	Pathogenic	noncoding	0.02299615740776062	0.0671209990978241	0.012915626168251038	0.31184765696525574
chr3:129433905:A:C	Benign	coding	0.3002138137817383	0.1857399046421051	0.09064754843711853	0.3860877752304077
chr3:129433916:G:A	Pathogenic	other	0.08442449569702148	0.06733408570289612	0.0815732479095459	0.7769261598587036
chr3:129436672:A:T	Pathogenic	noncoding	0.11221086978912354	0.10562580823898315	0.021025851368904114	0.041346609592437744
chr3:129436688:G:T	Pathogenic	noncoding	0.03836806118488312	0.05734342336654663	0.07271203398704529	0.08070138096809387
chr3:129436697:G:C	Pathogenic	noncoding	0.02104794979095459	0.055435121059417725	0.02300754189491272	0.051031291484832764
chr3:129436697:G:T	Pathogenic	noncoding	0.01558375358581543	0.057537615299224854	0.02488929033279419	0.09575775265693665
chr3:129436705:T:C	Benign	coding	0.04988151788711548	0.009362995624542236	0.029687613248825073	0.07831466197967529
chr3:129436713:T:A	Pathogenic	noncoding	0.09622156620025635	0.0821334719657898	0.04927188158035278	0.3799173831939697
chr3:129436777:G:A	Benign	coding	0.08057451248168945	0.10262653231620789	0.06792059540748596	0.15568774938583374
chr3:129436786:T:C	Benign	coding	0.019780278205871582	0.045312993228435516	0.01239246129989624	0.10367926955223083
chr3:129436806:G:A	Pathogenic	noncoding	0.023947693407535553	0.0934963971376419	0.03521052002906799	0.2732500731945038
chr3:129560727:T:C	Benign	noncoding	0.004132799804210663	0.013774633407592773	0.008342452347278595	0.06816130876541138
chr3:130941275:T:C	Benign	noncoding	0.00204390287399292	0.0009155869483947754	0.012842059135437012	0.0034470558166503906
chr3:130941327:C:A	Benign	noncoding	0.005688905715942383	0.002967545762658119	0.004381559789180756	0.09209421277046204
chr3:130994105:T:A	Benign	noncoding	0.15848010778427124	0.07294154167175293	0.04071378707885742	0.023544371128082275
chr3:130994116:G:A	Benign	noncoding	0.04504036903381348	0.08421468734741211	0.03366069495677948	0.17575670778751373
chr3:131462825:T:C	Benign	coding	0.08411356806755066	0.114800363779068	0.11761876940727234	0.05587853491306305
chr3:136195047:C:A	Pathogenic	other	0.023533344268798828	0.06780171394348145	0.04777127504348755	0.6751155257225037
chr3:136195113:T:C	Pathogenic	coding	0.08715391159057617	0.06335681676864624	0.03251540660858154	0.09024429321289062
chr3:136316965:G:T	Pathogenic	other	0.21344101428985596	0.18767094612121582	0.052145957946777344	0.7800567746162415
chr3:136316982:T:G	Pathogenic	other	0.028663933277130127	0.1077989935874939	0.03573930263519287	0.16280366480350494
chr3:136330012:A:G	Pathogenic	coding	0.07706940174102783	0.09540306031703949	0.17514577507972717	0.28578877449035645
chr3:138682038:T:C	Benign	coding	0.03306296467781067	0.07692617177963257	0.022826552391052246	0.041536808013916016
chr3:138707258:T:C	Benign	coding	0.1324937641620636	0.15894943475723267	0.023197978734970093	0.03723883628845215
chr3:139352793:G:T	Pathogenic	noncoding	0.1650918871164322	0.48733627796173096	0.027206987142562866	0.5495233535766602
chr3:139368152:G:C	Benign	coding	0.08733206987380981	0.11400701105594635	0.1344219446182251	0.12336570024490356
chr3:139368155:T:A	Benign	coding	0.20494306087493896	0.055234313011169434	0.03410524129867554	0.31579458713531494
chr3:139373274:C:T	Benign	coding	0.11778402328491211	0.12013214826583862	0.06905126571655273	0.07421046495437622
chr3:141553838:C:T	Benign	noncoding	0.03745144605636597	0.09389394521713257	0.09339189529418945	0.24703890085220337
chr3:141586785:T:C	Benign	noncoding	0.3116230070590973	0.16581207513809204	0.02879256010055542	0.10887306928634644
chr3:150742261:G:A	Benign	coding	0.04704248905181885	0.060490936040878296	0.03808939456939697	0.09357625246047974
chr3:150742270:C:G	Benign	coding	0.11460813879966736	0.03502365201711655	0.05864840745925903	0.152325838804245
chr3:155910873:G:A	Benign	coding	0.1026686429977417	0.07506033778190613	0.14098331332206726	0.09623479843139648
chr3:155914549:C:T	Benign	coding	0.01869989186525345	0.05229133367538452	0.04360772669315338	0.09119623899459839
chr3:156548976:A:G	Benign	coding	0.00043743662536144257	0.0014365315437316895	0.10716436803340912	0.0007805824279785156
chr3:156548985:C:T	Benign	coding	0.0035149287432432175	0.053299061954021454	0.019864685833454132	0.05723851919174194
chr3:167734716:A:G	Benign	noncoding	0.07105588912963867	0.08626008033752441	0.08218169212341309	0.07868534326553345
chr3:169764653:G:C	Pathogenic	other	0.07261498272418976	0.053326040506362915	0.03120802342891693	0.016247227787971497
chr3:169764849:G:C	Pathogenic	other	0.011691123247146606	0.017813444137573242	0.10976248979568481	0.013933643698692322
chr3:169764857:G:C	Pathogenic	other	0.061668068170547485	0.025920242071151733	0.028466403484344482	0.10676994919776917
chr3:169764881:G:A	Pathogenic	other	0.01334373652935028	0.009020388126373291	0.026461154222488403	0.011050283908843994
chr3:169764883:C:T	Pathogenic	other	0.03090563416481018	0.052191391587257385	0.021191447973251343	0.01590428501367569
chr3:169764918:C:T	Pathogenic	other	0.02332243323326111	0.0560096800327301	0.11350739002227783	0.03238514065742493
chr3:169764944:T:G	Pathogenic	other	0.08292804658412933	0.12889057397842407	0.07545086741447449	0.09461115300655365
chr3:169764961:A:T	Pathogenic	other	0.007150150835514069	0.12565413117408752	0.1122080385684967	0.08111880719661713
chr3:169764963:C:T	Pathogenic	other	0.02934373915195465	0.07355606555938721	0.060773879289627075	0.031949594616889954
chr3:169764989:G:C	Pathogenic	other	0.02082204818725586	0.0904858410358429	0.08080422878265381	0.015595175325870514
chr3:169765013:T:C	Pathogenic	other	0.09416589140892029	0.13749074935913086	0.058115094900131226	0.07862024009227753
chr3:169765059:C:G	Pathogenic	other	0.03700464963912964	0.025074362754821777	0.07578609883785248	0.04474024474620819
chr3:171188803:G:A	Pathogenic	other	0.07755929231643677	0.017110109329223633	0.05156320333480835	0.08489539474248886
chr3:177032946:G:C	Benign	noncoding	0.04998058080673218	0.02157801389694214	0.040981680154800415	0.06616395711898804
chr3:177033047:C:T	Pathogenic	coding	0.045392975211143494	0.03615332394838333	0.0350799560546875	0.02661345899105072
chr3:177033050:T:C	Pathogenic	coding	0.02059967815876007	0.024872273206710815	0.018447160720825195	0.044799089431762695
chr3:177038395:A:G	Pathogenic	coding	0.028076112270355225	0.1128949522972107	0.03344583511352539	0.2583470940589905
chr3:177038442:G:A	Benign	noncoding	0.08208027482032776	0.08623293042182922	0.061520546674728394	0.1369965672492981
chr3:180961539:T:C	Benign	coding	0.18643662333488464	0.13420376181602478	0.12136340141296387	0.07078954577445984
chr3:184164937:G:A	Benign	noncoding	0.08026546239852905	0.06840348243713379	0.0335574746131897	0.034643471240997314
chr3:184167993:T:G	Benign	coding	0.1405903398990631	0.01849307119846344	0.07486295700073242	0.09639684855937958
chr3:184168044:A:G	Benign	coding	0.14151710271835327	0.017869308590888977	0.017911136150360107	0.01085120439529419
chr3:184170122:C:G	Benign	coding	0.032969653606414795	0.03563970327377319	0.02971649169921875	0.12416145205497742
chr3:184181001:G:A	Benign	noncoding	0.04366979002952576	0.04851961135864258	0.04282046854496002	0.017562463879585266
chr3:184181092:G:A	Benign	coding	0.05176049470901489	0.02575230598449707	0.03126838803291321	0.0537257194519043
chr3:184181980:C:G	Benign	coding	0.029219985008239746	0.07741005718708038	0.058902204036712646	0.08496758341789246
chr3:184181991:G:A	Benign	coding	0.022036433219909668	0.18739953637123108	0.06972801685333252	0.04158315062522888
chr3:184182044:C:T	Benign	coding	0.04666101932525635	0.09713643789291382	0.0486929714679718	0.18393415212631226
chr3:184182050:G:A	Benign	noncoding	0.18204903602600098	0.10265159606933594	0.06489914655685425	0.0886467695236206
chr3:184182057:G:A	Benign	noncoding	0.07891392707824707	0.06652694940567017	0.03846210241317749	0.022187411785125732
chr3:184242568:C:T	Pathogenic	other	0.06386327743530273	0.07765084505081177	0.0459572970867157	0.5258258581161499
chr3:184242643:C:T	Pathogenic	other	0.022945165634155273	0.10627788305282593	0.029910266399383545	0.3485279083251953
chr3:184242813:C:G	Pathogenic	coding	0.09658074378967285	0.11142942309379578	0.06125199794769287	0.9926229119300842
chr3:184242930:T:C	Pathogenic	coding	0.02443850040435791	0.07681500911712646	0.030481815338134766	0.12422209978103638
chr3:184243864:G:A	Pathogenic	other	0.04877960681915283	0.09793922305107117	0.007700920104980469	0.7031173706054688
chr3:184243927:G:A	Pathogenic	coding	0.08656054735183716	0.038630276918411255	0.02712637186050415	0.056455060839653015
chr3:184321516:A:G	Benign	coding	0.09514102339744568	0.08268705010414124	0.03496813774108887	0.08361446857452393
chr3:184321878:A:G	Benign	coding	0.23426595330238342	0.101042240858078	0.012761324644088745	0.17772188782691956
chr3:184322631:C:T	Benign	coding	0.22666633129119873	0.19835194945335388	0.0701327919960022	0.0757005512714386
chr3:186582708:C:G	Benign	noncoding	0.040546029806137085	0.08546429872512817	0.02529597282409668	0.05927562713623047
chr3:186582757:C:T	Pathogenic	other	0.014015138149261475	0.07650607824325562	0.04070901870727539	0.09879922866821289
chr3:186582763:A:T	Pathogenic	other	0.02362346649169922	0.09266465902328491	0.0605027973651886	0.5004639625549316
chr3:186583914:A:G	Benign	coding	0.021966755390167236	0.05791616439819336	0.03095877170562744	0.009383022785186768
chr3:186583996:C:T	Benign	noncoding	0.11018216609954834	0.12344333529472351	0.08185556530952454	0.10990235209465027
chr3:186786157:C:T	Benign	noncoding	0.09641885757446289	0.09451079368591309	0.058096885681152344	0.244065523147583
chr3:186786618:A:G	Benign	coding	0.07460734248161316	0.11249089241027832	0.07399711012840271	0.07935267686843872
chr3:186787124:C:T	Benign	noncoding	0.17596623301506042	0.07442247867584229	0.06812602281570435	0.04883527755737305
chr3:193637968:A:G	Pathogenic	coding	0.01907724142074585	0.035653650760650635	0.027572154998779297	0.07244926691055298
chr3:193637969:T:A	Pathogenic	coding	0.052414119243621826	0.0316394567489624	0.022187232971191406	0.08393633365631104
chr3:193637980:G:A	Pathogenic	coding	0.033589720726013184	0.08641636371612549	0.0401647686958313	0.06212073564529419
chr3:193638015:C:T	Pathogenic	other	0.04961812496185303	0.06320524215698242	0.01698899269104004	0.2297196388244629
chr3:193638049:C:T	Pathogenic	coding	0.03792828321456909	0.08066904544830322	0.047835588455200195	0.03781500458717346
chr3:193638064:A:G	Pathogenic	coding	0.014952421188354492	0.04418134689331055	0.038265347480773926	0.13020819425582886
chr3:193638065:G:A	Pathogenic	coding	0.06603419780731201	0.1361491084098816	0.03647357225418091	0.18013405799865723
chr3:193638066:G:A	Pathogenic	noncoding	0.03315269947052002	0.08246958255767822	0.05849432945251465	0.2918315529823303
chr3:193638066:G:C	Pathogenic	noncoding	0.03297525644302368	0.16923457384109497	0.04632169008255005	0.3318060040473938
chr3:193638067:T:G	Pathogenic	noncoding	0.10951000452041626	0.076443612575531	0.04718595743179321	0.3114491105079651
chr3:193662821:G:A	Pathogenic	noncoding	0.058483242988586426	0.04619854688644409	0.01870894432067871	0.502960205078125
chr3:193662873:G:T	Pathogenic	other	0.1407402753829956	0.13074108958244324	0.01721501350402832	0.1851615309715271
chr3:193662962:G:A	Pathogenic	coding	0.08626383543014526	0.03735235333442688	0.009376347064971924	0.8826596736907959
chr3:193662963:G:A	Pathogenic	noncoding	0.1387750506401062	0.07970920205116272	0.021321862936019897	0.8341703414916992
chr3:193695713:C:T	Benign	noncoding	0.07575678825378418	0.042333245277404785	0.1191304624080658	0.06884080171585083
chr3:193697473:A:T	Benign	noncoding	0.006262499839067459	0.08392876386642456	0.01791548728942871	0.06688255071640015
chr3:194419878:C:A	Pathogenic	noncoding	0.07962548732757568	0.058561861515045166	0.08342823386192322	0.5970661640167236
chr3:194427078:G:A	Benign	coding	0.02217814326286316	0.194922536611557	0.035538434982299805	0.40200087428092957
chr3:194427130:C:T	Benign	coding	0.060341715812683105	0.015007436275482178	0.057195067405700684	0.18585026264190674
chr3:194427182:A:G	Benign	coding	0.02482089400291443	0.061106204986572266	0.02289062738418579	0.10414671897888184
chr3:194428933:T:C	Benign	noncoding	0.07193750143051147	0.04724133014678955	0.0924341082572937	0.21633204817771912
chr3:194448494:G:A	Benign	coding	0.03995543718338013	0.2165527194738388	0.06904096901416779	0.01477232575416565
chr3:194454093:C:A	Benign	noncoding	0.10504775494337082	0.09511345624923706	0.1894114911556244	0.21704748272895813
chr3:194454296:T:C	Benign	coding	0.052470266819000244	0.06426370143890381	0.15630260109901428	0.06647706031799316
chr3:196052101:C:T	Benign	coding	0.056837692856788635	0.08030101656913757	0.01020115613937378	0.024432353675365448
chr3:196062837:G:T	Benign	noncoding	0.25268232822418213	0.11998540163040161	0.036445438861846924	0.17949607968330383
chr3:196062935:C:T	Benign	coding	0.21243250370025635	0.09270572662353516	0.07719284296035767	0.15531828999519348
chr3:196064369:C:T	Benign	coding	0.10010111331939697	0.059721700847148895	0.05106893181800842	0.10449159145355225
chr3:196067669:A:C	Benign	noncoding	0.2272624969482422	0.3285587430000305	0.15366791188716888	0.171769917011261
chr3:196071076:G:C	Benign	noncoding	0.03542935848236084	0.03568154573440552	0.02576342225074768	0.038776278495788574
chr3:196472251:T:C	Benign	coding	0.0353797972202301	0.05600255727767944	0.09945313632488251	0.04026087373495102
chr3:196472257:G:A	Benign	coding	0.03238436579704285	0.08632856607437134	0.05842319130897522	0.2167222499847412
chr3:196472260:A:C	Benign	coding	0.052286699414253235	0.19869780540466309	0.14903798699378967	0.1759592890739441
chr3:196487458:C:T	Benign	coding	0.15150076150894165	0.051670610904693604	0.011732488870620728	0.04312741756439209
chr3:197044683:T:C	Benign	coding	0.036997079849243164	0.01801067218184471	0.03569552302360535	0.05713546276092529
chr3:197951244:G:A	Pathogenic	coding	0.0671769380569458	0.10583612322807312	0.08605867624282837	0.08636926114559174
chr3:197954050:G:A	Pathogenic	noncoding	0.04189058393239975	0.030245080590248108	0.02416360378265381	0.24051719903945923
chr4:952438:T:C	Benign	coding	0.01941859722137451	0.014755666255950928	0.021223902702331543	0.053885430097579956
chr4:1000880:A:G	Pathogenic	noncoding	0.024096518754959106	0.025479793548583984	0.019313275814056396	0.2674577236175537
chr4:1000881:G:A	Pathogenic	noncoding	0.027110695838928223	0.05507016181945801	0.07367509603500366	0.18403929471969604
chr4:1000901:C:T	Benign	coding	0.014753490686416626	0.10102444887161255	0.0744178295135498	0.03670614957809448
chr4:1000953:A:T	Pathogenic	other	0.016788750886917114	0.056025147438049316	0.022266775369644165	0.3038015365600586
chr4:1000990:G:T	Pathogenic	noncoding	0.014284610748291016	0.07815742492675781	0.07634773850440979	0.40589243173599243
chr4:1001194:G:A	Benign	noncoding	0.014472723007202148	0.0376814603805542	0.03473556041717529	0.1675037145614624
chr4:1001319:C:G	Benign	noncoding	0.011970937252044678	0.09144100546836853	0.04439419507980347	0.06731246411800385
chr4:1003210:G:T	Benign	noncoding	0.015397965908050537	0.010120391845703125	0.014412790536880493	0.06557756662368774
chr4:1003307:T:C	Benign	noncoding	0.013941526412963867	0.038831621408462524	0.031858742237091064	0.03335261344909668
chr4:1003418:C:G	Pathogenic	coding	0.1308664083480835	0.04722839593887329	0.027735620737075806	0.09209901094436646
chr4:1022218:C:T	Benign	coding	0.2515692114830017	0.06514108180999756	0.023118913173675537	0.05211193859577179
chr4:1024483:T:C	Benign	coding	0.12319612503051758	0.1336992383003235	0.06476947665214539	0.060702502727508545
chr4:1025306:G:A	Benign	coding	0.12009483575820923	0.03790736198425293	0.04572182893753052	0.04075378179550171
chr4:1799815:A:G	Benign	noncoding	0.14043837785720825	0.050224125385284424	0.10172566771507263	0.14342927932739258
chr4:1801837:C:T	Pathogenic	coding	0.030168205499649048	0.0342118963599205	0.014613896608352661	0.028026580810546875
chr4:1801841:C:G	Pathogenic	coding	0.021948277950286865	0.09666162729263306	0.046053916215896606	0.04444069415330887
chr4:1802097:C:G	Benign	noncoding	0.1065809428691864	0.15024077892303467	0.09942740201950073	0.12690815329551697
chr4:1802199:T:C	Benign	noncoding	0.19626621901988983	0.05032312870025635	0.041441887617111206	0.10645966231822968
chr4:1802243:G:A	Benign	noncoding	0.08552473783493042	0.077889084815979	0.05011644959449768	0.10196611285209656
chr4:1802549:G:A	Benign	noncoding	0.07175803184509277	0.015919923782348633	0.035105228424072266	0.08545289933681488
chr4:1802650:G:A	Benign	noncoding	0.09035229682922363	0.08225825428962708	0.055715352296829224	0.3706132173538208
chr4:1803569:G:A	Benign	noncoding	0.012131929397583008	0.05586880445480347	0.05463695526123047	0.08359113335609436
chr4:1804072:T:C	Benign	noncoding	0.08274352550506592	0.08716262876987457	0.047313570976257324	0.03421592712402344
chr4:1805107:G:C	Benign	noncoding	0.2780044674873352	0.11054152250289917	0.07071340084075928	0.01759248971939087
chr4:1807446:C:T	Benign	noncoding	0.024875104427337646	0.011814236640930176	0.09492456912994385	0.021608471870422363
chr4:1814554:T:C	Benign	coding	0.06553632020950317	0.058151841163635254	0.00995132327079773	0.045424818992614746
chr4:1814582:G:C	Pathogenic	noncoding	0.2285083532333374	0.05673360824584961	0.029709994792938232	0.006422311067581177
chr4:1836471:G:A	Benign	coding	0.23118597269058228	0.09188956022262573	0.07623061537742615	0.04069739580154419
chr4:1900808:C:T	Pathogenic	other	0.0749533474445343	0.04128366708755493	0.04657372832298279	0.7531731128692627
chr4:1900853:G:A	Benign	coding	0.11683443188667297	0.035270869731903076	0.0508255660533905	0.18293392658233643
chr4:1900870:C:G	Benign	coding	0.2057187557220459	0.06523030996322632	0.04641991853713989	0.3070477545261383
chr4:1918260:G:C	Benign	coding	0.13209819793701172	0.14038845896720886	0.06552314758300781	0.08438308537006378
chr4:1918267:C:T	Pathogenic	other	0.07719588279724121	0.10621386766433716	0.046296149492263794	0.5338762998580933
chr4:1951092:C:T	Benign	coding	0.0490989089012146	0.07833991199731827	0.193475604057312	0.010017871856689453
chr4:2820714:C:T	Benign	coding	0.09346973896026611	0.034763216972351074	0.04934701323509216	0.042505502700805664
chr4:2820740:G:T	Benign	coding	0.13047975301742554	0.0212857723236084	0.007216095924377441	0.055925458669662476
chr4:2894692:G:A	Benign	coding	0.07495486736297607	0.12241554260253906	0.02171763777732849	0.08146774768829346
chr4:2904796:T:A	Benign	coding	0.010000690817832947	0.07833242416381836	0.06154686212539673	0.0027189254760742188
chr4:7772958:C:T	Benign	coding	0.05157202482223511	0.0673413872718811	0.004009544849395752	0.027643203735351562
chr4:10097653:G:A	Benign	noncoding	0.020490720868110657	0.07433512806892395	0.11045795679092407	0.05020737648010254
chr4:39456390:G:C	Benign	noncoding	0.05331042408943176	0.1349881887435913	0.05888161063194275	0.2144966721534729
chr4:39456431:A:G	Benign	coding	0.03744399547576904	0.18289554119110107	0.07341083884239197	0.058044224977493286
chr4:48382602:G:A	Benign	coding	0.07690879702568054	0.06082266569137573	0.04395684599876404	0.252810001373291
chr4:48542082:T:C	Benign	coding	0.30637237429618835	0.21351486444473267	0.05830344557762146	0.038974106311798096
chr4:55370161:C:T	Benign	noncoding	0.025969743728637695	0.1075868010520935	0.03507053852081299	0.12305253744125366
chr4:55417826:T:C	Benign	coding	0.04055893421173096	0.10599225759506226	0.061991482973098755	0.05395007133483887
chr4:55966007:C:T	Benign	noncoding	0.0584874153137207	0.08900672197341919	0.1884426474571228	0.07396090030670166
chr4:56502000:G:A	Benign	noncoding	0.35536542534828186	0.13443699479103088	0.05991944670677185	0.12453186511993408
chr4:56502034:T:C	Benign	noncoding	0.029324620962142944	0.041656553745269775	0.04558652639389038	0.1501597762107849
chr4:73091040:T:C	Benign	coding	0.10320311784744263	0.07875677943229675	0.05552440881729126	0.06765598058700562
chr4:73091639:G:A	Pathogenic	other	0.12513107061386108	0.08070152997970581	0.10097920894622803	0.8658362627029419
chr4:73091703:T:C	Benign	coding	0.12574556469917297	0.20048680901527405	0.07091715931892395	0.5443240404129028
chr4:73151484:C:T	Benign	coding	0.007460117340087891	0.10830307006835938	0.05458861589431763	0.036398351192474365
chr4:73406657:C:T	Pathogenic	other	0.05851227045059204	0.1192961037158966	0.08399388194084167	0.5786063075065613
chr4:73413596:C:A	Pathogenic	other	0.03927622735500336	0.05431714653968811	0.13288193941116333	0.7901264429092407
chr4:73418267:T:C	Benign	coding	0.1415272355079651	0.10319089889526367	0.10539129376411438	0.19729852676391602
chr4:73419522:C:T	Benign	coding	0.01950588822364807	0.033033907413482666	0.02647516131401062	0.0017480850219726562
chr4:73419547:A:G	Pathogenic	coding	0.045656800270080566	0.019561104476451874	0.0596727579832077	0.000484466552734375
chr4:73442356:G:A	Pathogenic	other	0.07780836522579193	0.17633628845214844	0.027503788471221924	0.28135472536087036
chr4:73447452:T:C	Benign	noncoding	0.10081082582473755	0.07238942384719849	0.010627567768096924	0.6486599445343018
chr4:73447476:C:T	Benign	coding	0.06555241346359253	0.017490744590759277	0.12234389781951904	0.07853978872299194
chr4:73452612:C:T	Benign	coding	0.08073437213897705	0.08524572849273682	0.029504776000976562	0.002120625926181674
chr4:73452613:A:G	Benign	coding	0.03038337454199791	0.0286443829536438	0.0032708346843719482	0.03144622594118118
chr4:78541627:T:C	Benign	noncoding	0.08806514739990234	0.10775697231292725	0.004984915256500244	0.1976051926612854
chr4:80033497:G:A	Benign	coding	0.38440585136413574	0.16098353266716003	0.06428411602973938	0.05802617967128754
chr4:80036011:C:A	Pathogenic	other	0.12371861934661865	0.0912405252456665	0.026441335678100586	0.056477367877960205
chr4:82429700:C:T	Benign	noncoding	0.04263971745967865	0.08880448341369629	0.048788368701934814	0.04580705612897873
chr4:82827568:G:A	Benign	coding	0.03639984130859375	0.043206751346588135	0.04378652572631836	0.11568838357925415
chr4:82844490:G:A	Benign	coding	0.09775084257125854	0.09120917320251465	0.045448899269104004	0.1911284327507019
chr4:88278245:G:A	Benign	coding	0.22526779770851135	0.12796670198440552	0.039798200130462646	0.08874213695526123
chr4:94575789:G:A	Benign	coding	0.07497459650039673	0.032584309577941895	0.005553066730499268	0.037596166133880615
chr4:98928975:A:G	Benign	noncoding	0.17185696959495544	0.08801370859146118	0.07472860813140869	0.07473987340927124
chr4:102304356:T:C	Benign	coding	0.016130387783050537	0.08903232216835022	0.11385808885097504	0.08309823274612427
chr4:102885221:G:C	Pathogenic	coding	0.12376302480697632	0.10596874356269836	0.053372085094451904	0.13237625360488892
chr4:105235802:C:G	Pathogenic	other	0.09287595748901367	0.12253400683403015	0.04526171088218689	0.22693520784378052
chr4:105235826:G:A	Benign	coding	0.06484377384185791	0.1216011643409729	0.06640693545341492	0.06491059064865112
chr4:105423968:A:G	Benign	noncoding	0.003809332847595215	0.0007480382919311523	0.00037682056427001953	0.0018488168716430664
chr4:106331906:C:T	Benign	noncoding	0.023100417107343674	0.025663256645202637	0.007098525762557983	0.14727091789245605
chr4:106347648:G:A	Pathogenic	coding	0.08203233778476715	0.014557361602783203	0.07137423753738403	0.057226717472076416
chr4:112657453:C:T	Benign	noncoding	0.11531324684619904	0.018775522708892822	0.020153343677520752	0.0026589632034301758
chr4:121816718:A:G	Benign	noncoding	0.15594810247421265	0.06575578451156616	0.05009472370147705	0.04987984895706177
chr4:121816810:G:C	Benign	coding	0.01692795753479004	0.04432958364486694	0.01220792531967163	0.08688551187515259
chr4:121822482:C:T	Benign	coding	0.195989191532135	0.08355380594730377	0.06530216336250305	0.007830176502466202
chr4:139361723:G:A	Pathogenic	noncoding	0.08682352304458618	0.06747704744338989	0.09739261865615845	0.07043087482452393
chr4:139361733:G:T	Pathogenic	other	0.14223438501358032	0.14820486307144165	0.04004424810409546	0.6491318345069885
chr4:139703502:T:C	Benign	coding	0.04534417390823364	0.0032990574836730957	0.019485831260681152	0.010692596435546875
chr4:150435575:A:C	Benign	noncoding	0.10897642374038696	0.04916238784790039	0.05596458911895752	0.012643635272979736
chr4:150435621:G:A	Pathogenic	other	0.23293328285217285	0.22884082794189453	0.06430935859680176	0.1545543074607849
chr4:150435623:C:T	Pathogenic	other	0.08111852407455444	0.19334042072296143	0.08155620098114014	0.14688324928283691
chr4:150435651:G:A	Pathogenic	other	0.09662550687789917	0.29098010063171387	0.053743839263916016	0.6010520458221436
chr4:150436736:C:T	Pathogenic	other	0.07454216480255127	0.1116076111793518	0.10810157656669617	0.5498866438865662
chr4:150436793:T:C	Benign	coding	0.07905924320220947	0.218680739402771	0.10528630018234253	0.11159306764602661
chr4:153414812:T:C	Benign	coding	0.009573161602020264	0.03309932351112366	0.04670602083206177	0.02304747700691223
chr4:159331475:C:T	Benign	coding	0.05633580684661865	0.13944083452224731	0.0836707353591919	0.020923912525177002
chr4:165342061:A:G	Benign	noncoding	0.20969009399414062	0.1198258250951767	0.05660755932331085	0.1853693425655365
chr4:185418616:A:G	Benign	coding	0.06407532095909119	0.15677699446678162	0.02930089831352234	0.0201873779296875
chr4:185418625:A:G	Benign	coding	0.07919347286224365	0.12599992752075195	0.022049903869628906	0.13055697083473206
chr4:186588769:G:A	Benign	coding	0.025404587388038635	0.042432963848114014	0.03402072191238403	0.28539687395095825
chr4:186598052:C:G	Benign	coding	0.025151580572128296	0.037142395973205566	0.021470606327056885	0.009825050830841064
chr4:186598134:G:T	Benign	noncoding	0.0047356002032756805	0.12863151729106903	0.004642069339752197	0.17805087566375732
chr4:186619481:T:G	Benign	coding	0.0246085524559021	0.08936131000518799	0.023440003395080566	0.16832125186920166
chr4:186619500:T:A	Benign	coding	0.04749637842178345	0.07276102900505066	0.018407881259918213	0.10555838793516159
chr4:186619536:G:A	Benign	coding	0.1561262011528015	0.03658479452133179	0.027964115142822266	0.14396554231643677
chr4:186619842:C:T	Benign	coding	0.059103190898895264	0.07620081305503845	0.025845497846603394	0.4405171871185303
chr4:186708742:G:A	Benign	coding	0.14041221141815186	0.11311309039592743	0.010235965251922607	0.17061901092529297
chr5:218356:A:C	Pathogenic	coding	0.09165006875991821	0.03849560022354126	0.031549274921417236	0.1509605348110199
chr5:218357:T:A	Pathogenic	coding	0.08057314157485962	0.05431634187698364	0.02002108097076416	0.1460968255996704
chr5:218358:G:A	Pathogenic	coding	0.138667494058609	0.052328526973724365	0.01161283254623413	0.05311042070388794
chr5:218358:G:C	Pathogenic	coding	0.12373042106628418	0.09084102511405945	0.008664131164550781	0.06596201658248901
chr5:218358:G:T	Pathogenic	coding	0.10874074697494507	0.07794374227523804	0.02005559206008911	0.044557154178619385
chr5:218360:C:A	Pathogenic	other	0.2064976692199707	0.1111103892326355	0.02124565839767456	0.10333806276321411
chr5:218378:C:A	Pathogenic	other	0.06105750799179077	0.04291844367980957	0.018437623977661133	0.09074106812477112
chr5:218413:A:T	Pathogenic	other	0.047464966773986816	0.06063193082809448	0.01655060052871704	0.0705791711807251
chr5:223483:G:A	Pathogenic	other	0.03991824388504028	0.057830631732940674	0.07511112093925476	0.13106966018676758
chr5:223484:G:A	Pathogenic	other	0.12171275913715363	0.04205271601676941	0.065741628408432	0.10726752877235413
chr5:223497:C:T	Pathogenic	other	0.036465056240558624	0.1505453884601593	0.0510963499546051	0.3831319510936737
chr5:223535:G:C	Benign	coding	0.24871662259101868	0.17945551872253418	0.06399029493331909	0.10403800010681152
chr5:224453:G:T	Pathogenic	other	0.03478425741195679	0.031005918979644775	0.05492079257965088	0.19799327850341797
chr5:224476:T:A	Pathogenic	other	0.02274954319000244	0.01957869529724121	0.03744219243526459	0.20249128341674805
chr5:224518:A:G	Benign	coding	0.028444409370422363	0.04195240139961243	0.06460303068161011	0.11755543947219849
chr5:224519:C:T	Pathogenic	other	0.04416680335998535	0.03883799910545349	0.022793442010879517	0.06856924295425415
chr5:225934:C:T	Pathogenic	other	0.013899564743041992	0.0589105486869812	0.04263252019882202	0.13640320301055908
chr5:225952:C:T	Pathogenic	other	0.03774440288543701	0.06448620557785034	0.042313605546951294	0.10927999019622803
chr5:225979:C:T	Pathogenic	other	0.041922688484191895	0.13208508491516113	0.06056696176528931	0.30554673075675964
chr5:225993:C:A	Pathogenic	other	0.11208111047744751	0.1498003602027893	0.03563249111175537	0.08818250894546509
chr5:226035:C:G	Benign	coding	0.0370292067527771	0.11190646886825562	0.05571848154067993	0.06769657135009766
chr5:226041:T:A	Pathogenic	other	0.13346540927886963	0.08526492118835449	0.03777235746383667	0.0849260687828064
chr5:226045:A:C	Benign	coding	0.09890013933181763	0.0740506649017334	0.015848636627197266	0.18918275833129883
chr5:256417:C:T	Benign	coding	0.006074428558349609	0.06501281261444092	0.020665287971496582	0.014146566390991211
chr5:256424:G:C	Benign	noncoding	0.01454174518585205	0.025152474641799927	0.042258113622665405	0.0037731993943452835
chr5:256426:C:A	Benign	noncoding	0.0027033165097236633	0.06743838638067245	0.009769797325134277	0.0033306479454040527
chr5:256429:G:A	Benign	noncoding	0.011063620448112488	0.03208130598068237	0.07110178470611572	0.00868052989244461
chr5:256429:G:C	Benign	noncoding	0.004887044429779053	0.016533732414245605	0.08860445022583008	0.005742810666561127
chr5:256430:A:G	Benign	noncoding	0.007187187671661377	0.05973917245864868	0.018167495727539062	0.29360657930374146
chr5:256430:A:T	Benign	noncoding	0.006274685263633728	0.06263354420661926	0.027578771114349365	0.006413161754608154
chr5:1278469:C:T	Benign	noncoding	0.000967860221862793	0.00038558244705200195	0.014897584915161133	0.00041240453720092773
chr5:1802376:T:A	Pathogenic	noncoding	0.04722505807876587	0.060954391956329346	0.03350090980529785	0.09301453828811646
chr5:1814468:A:G	Benign	noncoding	0.10335046052932739	0.09813910722732544	0.053956180810928345	0.04516831040382385
chr5:1815836:T:C	Benign	noncoding	0.010372057557106018	0.13250237703323364	0.03287115693092346	0.14619135856628418
chr5:6604674:C:T	Benign	coding	0.20966047048568726	0.08081704378128052	0.006268560886383057	0.05304610729217529
chr5:6606694:G:A	Benign	noncoding	0.20241248607635498	0.03377330303192139	0.08983635902404785	0.10037988424301147
chr5:10255937:C:G	Benign	noncoding	0.033095717430114746	0.15427860617637634	0.03592026233673096	0.3893592357635498
chr5:10262628:C:A	Benign	noncoding	0.02665078639984131	0.03331863880157471	0.04132187366485596	0.006302773952484131
chr5:10263166:G:A	Benign	coding	0.12112462520599365	0.05988126993179321	0.050788044929504395	0.3850005269050598
chr5:10264850:A:G	Benign	noncoding	0.2017122507095337	0.03197169303894043	0.056516408920288086	0.09889423847198486
chr5:10264964:C:T	Benign	noncoding	0.12850666046142578	0.11943596601486206	0.16575998067855835	0.06628072261810303
chr5:10282221:A:G	Benign	coding	0.04335075616836548	0.09181433916091919	0.049026548862457275	0.026693284511566162
chr5:14710617:G:A	Benign	noncoding	0.01830345392227173	0.01864445209503174	0.023518383502960205	0.026415525004267693
chr5:14710636:G:A	Benign	noncoding	0.040646135807037354	0.04783064126968384	0.0330163836479187	0.006710624322295189
chr5:14710687:G:A	Benign	noncoding	0.12984782457351685	0.028297334909439087	0.05282241106033325	0.033086396753787994
chr5:31515114:C:T	Benign	coding	0.057336270809173584	0.0373988151550293	0.009687304496765137	0.015473663806915283
chr5:32395185:T:C	Benign	coding	0.07089045643806458	0.05082017183303833	0.027839720249176025	0.28643882274627686
chr5:32406766:G:A	Benign	noncoding	0.043261587619781494	0.11349526047706604	0.017387986183166504	0.12319707870483398
chr5:32417679:C:T	Benign	coding	0.07683330774307251	0.0733346939086914	0.04688692092895508	0.020759940147399902
chr5:32444218:G:A	Benign	noncoding	0.03231555223464966	0.011097192764282227	0.07500478625297546	0.05354231595993042
chr5:32444343:A:C	Benign	noncoding	0.00864499807357788	0.03221753239631653	0.10160362720489502	0.05325520038604736
chr5:33453311:G:A	Benign	coding	0.04030375927686691	0.017925366759300232	0.028707444667816162	0.024207472801208496
chr5:33455016:C:T	Benign	coding	0.12834560871124268	0.16306385397911072	0.04252217710018158	0.06015431880950928
chr5:34908772:T:C	Benign	coding	0.04469561576843262	0.09019351005554199	0.020510196685791016	0.047572553157806396
chr5:34945789:C:T	Pathogenic	other	0.039568036794662476	0.07947272062301636	0.07551604509353638	0.19352835416793823
chr5:34953974:C:G	Benign	coding	0.37707602977752686	0.07244759798049927	0.00990384817123413	0.00010508298873901367
chr5:36955552:G:T	Pathogenic	other	0.17189547419548035	0.06922197341918945	0.15269184112548828	0.3418055772781372
chr5:36955568:T:A	Pathogenic	other	0.037759482860565186	0.03526496887207031	0.032269954681396484	0.31244784593582153
chr5:36955595:C:A	Pathogenic	other	0.02915993332862854	0.07620352506637573	0.0423751175403595	0.2567572593688965
chr5:36955642:G:A	Pathogenic	noncoding	0.036924004554748535	0.07231423258781433	0.08838430047035217	0.30323296785354614
chr5:36961498:C:T	Pathogenic	other	0.06252756714820862	0.16094368696212769	0.056538522243499756	0.443607896566391
chr5:36961585:T:G	Pathogenic	noncoding	0.03788024187088013	0.036481425166130066	0.30285587906837463	0.16051429510116577
chr5:36962121:A:G	Pathogenic	noncoding	0.05887126922607422	0.060318171977996826	0.060708194971084595	0.11761057376861572
chr5:36962249:C:G	Pathogenic	other	0.101345956325531	0.09941524267196655	0.05940857529640198	0.03535425662994385
chr5:36962262:C:T	Pathogenic	other	0.07526415586471558	0.11325174570083618	0.019671261310577393	0.03742647171020508
chr5:36962275:G:A	Pathogenic	noncoding	0.0574587881565094	0.1892583966255188	0.0735815167427063	0.8529598712921143
chr5:36971037:G:A	Pathogenic	noncoding	0.03179951012134552	0.07663685083389282	0.08763951063156128	0.15705716609954834
chr5:36976090:C:T	Pathogenic	other	0.10740041732788086	0.044384509325027466	0.1122458279132843	0.08200538158416748
chr5:36976204:C:T	Pathogenic	other	0.17478549480438232	0.10384887456893921	0.041467636823654175	0.5171242952346802
chr5:37291881:T:C	Benign	noncoding	0.0566534698009491	0.15701457858085632	0.01721513271331787	0.0967976450920105
chr5:37364341:C:T	Benign	coding	0.04954636096954346	0.037501752376556396	0.03968542814254761	0.07997393608093262
chr5:41730285:C:A	Benign	noncoding	0.027125775814056396	0.05540108680725098	0.059079356491565704	0.13476234674453735
chr5:41730295:C:G	Benign	noncoding	0.01128336787223816	0.024448156356811523	0.08255597949028015	0.0665808916091919
chr5:42801176:T:C	Benign	coding	0.13633185625076294	0.09611645340919495	0.04949653148651123	0.30412620306015015
chr5:43294090:C:T	Benign	coding	0.1185634434223175	0.08990597724914551	0.06654155254364014	0.03242102265357971
chr5:53093322:G:C	Benign	noncoding	0.06232637166976929	0.046691641211509705	0.05374687910079956	0.14694547653198242
chr5:53683267:G:A	Benign	noncoding	0.0958855152130127	0.10770067572593689	0.03068813681602478	0.10355263948440552
chr5:55956082:T:A	Pathogenic	coding	0.03255593776702881	0.07124137878417969	0.06412741541862488	0.1653316617012024
chr5:55956168:G:C	Pathogenic	noncoding	0.22404474020004272	0.31884312629699707	0.192421555519104	0.235498309135437
chr5:55969694:T:C	Benign	coding	0.03915417194366455	0.03910630941390991	0.03196924924850464	0.034135401248931885
chr5:66012096:A:G	Benign	coding	0.03748708963394165	0.07778453826904297	0.06667590141296387	0.033029377460479736
chr5:66054174:C:T	Benign	coding	0.048676997423172	0.05053521692752838	0.022053688764572144	0.36798295378685
chr5:66054216:A:G	Benign	coding	0.04154524207115173	0.0708986222743988	0.03094017505645752	0.0803864598274231
chr5:71644033:A:G	Benign	noncoding	0.20893537998199463	0.035429537296295166	0.09009049832820892	0.137628436088562
chr5:71644072:C:T	Benign	noncoding	0.0007030367851257324	0.0003387331962585449	0.04083794355392456	0.001293480396270752
chr5:71644074:C:T	Benign	noncoding	0.0008602738380432129	0.0008491277694702148	0.05887728929519653	0.0018947124481201172
chr5:71657453:G:T	Benign	noncoding	0.221206933259964	0.04401880502700806	0.08968353271484375	0.010671377182006836
chr5:71658241:A:C	Benign	noncoding	0.03554290533065796	0.06995469331741333	0.008316516876220703	0.04499417543411255
chr5:71658326:T:C	Benign	noncoding	0.03444695472717285	0.027027666568756104	0.022325217723846436	0.0599437952041626
chr5:71658433:C:G	Benign	noncoding	0.1844017505645752	0.20471704006195068	0.16190743446350098	0.4183945655822754
chr5:72193976:A:G	Benign	coding	0.028367996215820312	0.021209418773651123	0.03597289323806763	0.17257174849510193
chr5:72195484:A:G	Benign	coding	0.27750182151794434	0.07425513863563538	0.011346697807312012	0.12213295698165894
chr5:72195741:G:A	Benign	coding	0.17517220973968506	0.04813486337661743	0.014364123344421387	0.09104800224304199
chr5:72195742:C:T	Benign	coding	0.027041390538215637	0.04410997033119202	0.025568842887878418	0.24136313796043396
chr5:72896531:A:G	Benign	coding	0.03570147603750229	0.04058128595352173	0.10564857721328735	0.001838088035583496
chr5:74685445:T:C	Benign	coding	0.19898143410682678	0.024342603981494904	0.04052305221557617	0.0472840815782547
chr5:74705256:G:A	Pathogenic	other	0.09317895770072937	0.03483617305755615	0.029260337352752686	0.2043292224407196
chr5:74715545:C:T	Pathogenic	other	0.05458325147628784	0.05142688751220703	0.04501533508300781	0.12960144877433777
chr5:74718337:C:T	Pathogenic	other	0.1910124123096466	0.12908387184143066	0.07416248321533203	0.6925670504570007
chr5:74718364:G:A	Pathogenic	noncoding	0.03698687255382538	0.07025700807571411	0.021211326122283936	0.7006846070289612
chr5:74718933:G:A	Pathogenic	other	0.06309902667999268	0.019152164459228516	0.04589885473251343	0.33761221170425415
chr5:74718943:C:G	Pathogenic	other	0.046141207218170166	0.03291308879852295	0.040976107120513916	0.3328585624694824
chr5:74720491:A:G	Pathogenic	coding	0.13255268335342407	0.05217990279197693	0.05368375778198242	0.13972687721252441
chr5:74720619:G:A	Benign	noncoding	0.2677258849143982	0.1385766863822937	0.05774044990539551	0.0448724627494812
chr5:74720648:G:A	Pathogenic	coding	0.07292765378952026	0.0462038516998291	0.03157484531402588	0.07983523607254028
chr5:74720712:T:G	Pathogenic	other	0.049171626567840576	0.053251683712005615	0.06886324286460876	0.22778105735778809
chr5:75382083:G:A	Benign	noncoding	0.045523494482040405	0.03811788558959961	0.06510552763938904	0.04543173313140869
chr5:78128091:A:C	Pathogenic	other	0.08371388912200928	0.050919607281684875	0.044847190380096436	0.13467469811439514
chr5:78780460:G:T	Pathogenic	other	0.037878334522247314	0.03775507211685181	0.009440779685974121	0.06632798910140991
chr5:87268153:T:G	Benign	noncoding	0.10043466091156006	0.05424146354198456	0.04781055450439453	0.0740019679069519
chr5:90679810:A:G	Benign	noncoding	0.023237504065036774	0.25087863206863403	0.11477798223495483	0.0219535231590271
chr5:90679812:T:A	Benign	noncoding	0.0728897750377655	0.3332251012325287	0.008053846657276154	0.05625718832015991
chr5:90778280:G:T	Benign	noncoding	0.1080089807510376	0.1613388955593109	0.02002483606338501	0.159488707780838
chr5:95522257:G:T	Pathogenic	other	0.2037835717201233	0.09415751695632935	0.030479848384857178	0.30861225724220276
chr5:95522261:C:A	Pathogenic	other	0.18832112848758698	0.17324846982955933	0.036290913820266724	0.3297165632247925
chr5:95524467:T:A	Pathogenic	other	0.15463075041770935	0.046968311071395874	0.023644044995307922	0.6892271637916565
chr5:95917404:C:G	Benign	noncoding	0.015568137168884277	0.11652863025665283	0.015412330627441406	0.04252314567565918
chr5:96737924:A:G	Benign	coding	0.050516486167907715	0.03886827826499939	0.021146178245544434	0.05410623550415039
chr5:96741272:A:C	Benign	coding	0.12927840650081635	0.08179682493209839	0.008927404880523682	0.023397505283355713
chr5:96741310:C:T	Benign	coding	0.10921591520309448	0.09094172716140747	0.0407792329788208	0.002709686756134033
chr5:96750599:G:A	Benign	coding	0.09972214698791504	0.09445968270301819	0.011081397533416748	0.030227482318878174
chr5:96750630:G:C	Benign	coding	0.02985358238220215	0.053199946880340576	0.02108025550842285	0.054682791233062744
chr5:96757434:C:T	Benign	noncoding	0.0849716067314148	0.05742931365966797	0.056902676820755005	0.0026630163192749023
chr5:96757518:G:A	Benign	noncoding	0.13337695598602295	0.15416496992111206	0.03286591172218323	0.03619009256362915
chr5:96795133:T:C	Benign	coding	0.0561869740486145	0.05002647638320923	0.03294086456298828	0.2017846703529358
chr5:103201546:T:A	Benign	coding	0.13432744145393372	0.1559883952140808	0.029457271099090576	0.14836174249649048
chr5:103201547:T:A	Benign	coding	0.015438973903656006	0.08502155542373657	0.04603910446166992	0.08478653430938721
chr5:103201584:A:G	Benign	coding	0.025433093309402466	0.10236099362373352	0.11635389924049377	0.07123255729675293
chr5:103201597:C:T	Benign	coding	0.03459480404853821	0.04640030115842819	0.2038787603378296	0.10142388939857483
chr5:110761216:C:T	Pathogenic	noncoding	0.0572589635848999	0.089061439037323	0.07590395212173462	0.5906331539154053
chr5:110761239:G:A	Benign	coding	0.007079362869262695	0.07937294244766235	0.028173446655273438	0.0386371910572052
chr5:111097122:C:T	Benign	coding	0.07846854627132416	0.019387707114219666	0.1110333800315857	0.132371723651886
chr5:111097143:T:C	Benign	coding	0.03581112623214722	0.061379194259643555	0.0597265362739563	0.09250456094741821
chr5:112844212:C:A	Benign	noncoding	0.01348268985748291	0.08455854654312134	0.00651136040687561	0.08759087324142456
chr5:115524700:G:A	Benign	coding	0.00820469856262207	0.11246728897094727	0.023486286401748657	0.052570879459381104
chr5:119116178:T:G	Benign	coding	0.04923093318939209	0.04686276614665985	0.021597623825073242	0.16243258118629456
chr5:119116201:G:A	Benign	coding	0.02422410249710083	0.07867217063903809	0.024315491318702698	0.024718284606933594
chr5:119116244:C:T	Benign	coding	0.25899386405944824	0.10558654367923737	0.04617461562156677	0.0234537273645401
chr5:119499491:C:T	Pathogenic	other	0.028758525848388672	0.051794350147247314	0.05134207010269165	0.5585892200469971
chr5:119499536:T:C	Benign	coding	0.07402610778808594	0.029213756322860718	0.06134980916976929	0.26077425479888916
chr5:119542254:A:G	Benign	noncoding	0.017069578170776367	0.07414558529853821	0.10251867771148682	0.07708251476287842
chr5:126819073:T:C	Pathogenic	coding	0.27300548553466797	0.056431323289871216	0.007805287837982178	0.07972836494445801
chr5:126836279:T:C	Benign	noncoding	0.011408060789108276	0.03170371055603027	0.031812965869903564	0.04736846685409546
chr5:126836282:C:T	Benign	noncoding	0.0078046321868896484	0.02646392583847046	0.01999470591545105	0.015340328216552734
chr5:126836307:T:C	Benign	noncoding	0.03093135356903076	0.03776639699935913	0.024596691131591797	0.05979490280151367
chr5:126836955:A:G	Benign	noncoding	0.07749760150909424	0.20835325121879578	0.0624450147151947	0.14890140295028687
chr5:131159578:A:G	Pathogenic	coding	0.09171837568283081	0.10249385237693787	0.04526740312576294	0.12407028675079346
chr5:131162590:T:C	Benign	coding	0.03312450647354126	0.06318676471710205	0.03819645196199417	0.02335488796234131
chr5:131162604:G:A	Pathogenic	other	0.06415104866027832	0.10594707727432251	0.061506032943725586	0.16734755039215088
chr5:131162636:T:C	Pathogenic	coding	0.10619175434112549	0.18617010116577148	0.09568190574645996	0.11073148250579834
chr5:131165096:C:G	Pathogenic	coding	0.043650269508361816	0.026700764894485474	0.04528561234474182	0.004439949989318848
chr5:131165106:C:A	Pathogenic	other	0.06679260730743408	0.15187615156173706	0.040785133838653564	0.7333638072013855
chr5:132486441:T:C	Benign	noncoding	0.09362232685089111	0.2239949107170105	0.1482125222682953	0.2519373893737793
chr5:132867593:C:T	Benign	noncoding	0.041176795959472656	0.11725586652755737	0.020033806562423706	0.05975353717803955
chr5:132934255:C:T	Benign	coding	0.13628140091896057	0.10278528928756714	0.06658691167831421	0.32075223326683044
chr5:132934282:G:A	Benign	coding	0.0732463002204895	0.169022798538208	0.02408808469772339	0.22073820233345032
chr5:132934288:G:A	Benign	coding	0.07072249054908752	0.06848359107971191	0.03943586349487305	0.21008144319057465
chr5:132934305:T:C	Pathogenic	coding	0.16473761200904846	0.09254992008209229	0.04091346263885498	0.11059391498565674
chr5:132934511:T:A	Benign	coding	0.029693603515625	0.05072832107543945	0.03609800338745117	0.10276040434837341
chr5:133099561:C:G	Benign	coding	0.155451238155365	0.09215426445007324	0.03631848096847534	0.42987507581710815
chr5:134606993:C:A	Pathogenic	coding	0.12005677819252014	0.04927438497543335	0.07868021726608276	0.08490413427352905
chr5:136063493:C:A	Benign	noncoding	0.018987417221069336	0.07042109966278076	0.040805041790008545	0.005581557750701904
chr5:138189633:A:G	Benign	coding	0.10039180517196655	0.10329687595367432	0.03017425537109375	0.0684158205986023
chr5:138352808:G:A	Benign	coding	0.040628671646118164	0.019398778676986694	0.02793574333190918	0.0358702689409256
chr5:138393368:C:T	Pathogenic	coding	0.2067469358444214	0.06845688819885254	0.06560513377189636	0.15758585929870605
chr5:138393369:G:A	Pathogenic	coding	0.09269297122955322	0.029774438589811325	0.05613917112350464	0.21861422061920166
chr5:138398191:C:T	Pathogenic	other	0.17972731590270996	0.0691831111907959	0.05816119909286499	0.049404025077819824
chr5:138398202:A:G	Benign	coding	0.05231809616088867	0.05176776647567749	0.030829131603240967	0.1039654016494751
chr5:138399908:A:T	Pathogenic	coding	0.11720854043960571	0.060670673847198486	0.05402606725692749	0.11013388633728027
chr5:138424218:G:T	Benign	coding	0.12126147747039795	0.038305431604385376	0.03836637735366821	0.029175877571105957
chr5:138424308:G:A	Pathogenic	other	0.05566602945327759	0.1054709255695343	0.0709737241268158	0.09279090166091919
chr5:138431545:G:A	Pathogenic	coding	0.05081462860107422	0.11493080854415894	0.059244632720947266	0.1286202073097229
chr5:138567106:C:T	Benign	coding	0.04409700632095337	0.07507333159446716	0.03140529990196228	0.19650474190711975
chr5:138575243:G:A	Benign	coding	0.02443641424179077	0.022327721118927002	0.03692007064819336	0.44307586550712585
chr5:138783289:T:A	Pathogenic	noncoding	0.1612059473991394	0.06630611419677734	0.039996206760406494	0.5107322931289673
chr5:138783294:A:T	Pathogenic	noncoding	0.12554779648780823	0.08903093636035919	0.0572943389415741	0.5506927967071533
chr5:138783363:C:T	Pathogenic	noncoding	0.04693502187728882	0.1609799861907959	0.039177775382995605	0.4776362180709839
chr5:138783365:A:G	Benign	coding	0.015105068683624268	0.08762729167938232	0.056784629821777344	0.0070656538009643555
chr5:138810049:A:T	Pathogenic	noncoding	0.017255008220672607	0.10871201753616333	0.03487199544906616	0.3809159994125366
chr5:138810064:G:T	Pathogenic	noncoding	0.02774226665496826	0.05068385601043701	0.03192800283432007	0.27216291427612305
chr5:138810084:C:A	Pathogenic	noncoding	0.04010498523712158	0.05569988489151001	0.03604072332382202	0.4648285210132599
chr5:138810090:T:A	Benign	coding	0.03341585397720337	0.11317908763885498	0.010953009128570557	0.4161693751811981
chr5:138810096:G:A	Benign	coding	0.19788223505020142	0.22560304403305054	0.03934204578399658	0.2422770857810974
chr5:138810121:C:T	Pathogenic	other	0.015384972095489502	0.16657575964927673	0.046520769596099854	0.71254962682724
chr5:138887944:A:G	Benign	noncoding	0.010738193988800049	0.17567461729049683	0.21886280179023743	0.11323079466819763
chr5:138925330:G:T	Pathogenic	other	0.33795759081840515	0.07213052362203598	0.03351803123950958	0.4276157021522522
chr5:138925371:C:T	Benign	coding	0.12458193302154541	0.26898515224456787	0.03245893120765686	0.037675172090530396
chr5:138925395:G:C	Benign	coding	0.15601995587348938	0.15404635667800903	0.046403706073760986	0.04566854238510132
chr5:138929266:C:T	Benign	coding	0.11469031870365143	0.1398342251777649	0.03776860237121582	0.09318357706069946
chr5:138929302:C:T	Benign	coding	0.14082863926887512	0.1525261104106903	0.06486645340919495	0.04716867208480835
chr5:138929315:C:T	Pathogenic	other	0.18300864100456238	0.08209708333015442	0.01756298542022705	0.7089799642562866
chr5:138929321:G:T	Pathogenic	other	0.09834602475166321	0.07034581899642944	0.01492929458618164	0.321175754070282
chr5:138929345:C:T	Pathogenic	other	0.07286942005157471	0.067811518907547	0.06729486584663391	0.7486438751220703
chr5:138934089:A:G	Benign	coding	0.07356315851211548	0.13256102800369263	0.03543674945831299	0.025185346603393555
chr5:138934090:G:A	Benign	noncoding	0.14957916736602783	0.08820390701293945	0.05601498484611511	0.053843021392822266
chr5:138934092:C:T	Benign	noncoding	0.08361202478408813	0.09851323068141937	0.08814689517021179	0.010217428207397461
chr5:138934093:T:C	Benign	noncoding	0.08409953117370605	0.05342942476272583	0.05050313472747803	0.007534503936767578
chr5:138934093:T:G	Benign	noncoding	0.1265818178653717	0.07626086473464966	0.07172828912734985	0.022814452648162842
chr5:138934094:G:A	Benign	noncoding	0.10673290491104126	0.10929709672927856	0.053010404109954834	0.01752328872680664
chr5:138934096:C:T	Benign	noncoding	0.043372541666030884	0.04039663076400757	0.018472135066986084	0.010008752346038818
chr5:138934097:C:T	Benign	noncoding	0.07045495510101318	0.09849220514297485	0.07475410401821136	0.010107100009918213
chr5:138934099:G:A	Benign	noncoding	0.04399172216653824	0.032020747661590576	0.019464433193206787	0.009301543235778809
chr5:138934099:G:C	Benign	noncoding	0.07881307601928711	0.05127096176147461	0.030369102954864502	0.012584328651428223
chr5:139294274:T:G	Benign	noncoding	0.11572913825511932	0.0999835953116417	0.06513026356697083	0.055850014090538025
chr5:139325482:T:C	Benign	coding	0.29147523641586304	0.03453052043914795	0.05134710669517517	0.3700401484966278
chr5:139325574:C:T	Benign	coding	0.14066091179847717	0.055468201637268066	0.028968334197998047	0.029420286417007446
chr5:139325575:G:A	Benign	coding	0.14853507280349731	0.05576255917549133	0.010071396827697754	0.0236244797706604
chr5:139478334:T:C	Benign	coding	0.02738708257675171	0.030094042420387268	0.04393041133880615	0.0020076148211956024
chr5:140648046:A:G	Benign	noncoding	0.0009118318557739258	0.002810537815093994	0.035805657505989075	0.015202343463897705
chr5:141528926:G:A	Pathogenic	other	0.06962519884109497	0.08807607740163803	0.02855578064918518	0.8503746390342712
chr5:141584136:G:A	Benign	coding	0.1043824553489685	0.09172159433364868	0.0719904899597168	0.0983436107635498
chr5:141588184:A:G	Benign	noncoding	0.03389957547187805	0.1261776238679886	0.028260886669158936	0.024651408195495605
chr5:143278056:T:C	Benign	noncoding	0.03231479227542877	0.08981040120124817	0.01062437891960144	0.042258262634277344
chr5:143279701:T:C	Benign	noncoding	0.009690575301647186	0.012638550251722336	0.011713385581970215	0.0018168415408581495
chr5:144162287:G:A	Pathogenic	coding	0.11086595058441162	0.03856933116912842	0.03140658140182495	0.3587888479232788
chr5:146132827:G:C	Benign	noncoding	0.11053311824798584	0.02119547128677368	0.03869682550430298	0.14855298399925232
chr5:146135783:C:T	Benign	noncoding	0.12215003371238708	0.034308284521102905	0.01990629732608795	0.02847743034362793
chr5:146142902:T:C	Benign	coding	0.11505740880966187	0.05233180522918701	0.06392151117324829	0.030963391065597534
chr5:146144313:G:A	Benign	coding	0.11889022588729858	0.09411132335662842	0.05145561695098877	0.003252984955906868
chr5:146144506:T:A	Pathogenic	other	0.10883986949920654	0.062390536069869995	0.043234288692474365	0.38040512800216675
chr5:146144519:T:C	Benign	coding	0.20316576957702637	0.1232450008392334	0.008390843868255615	0.018972158432006836
chr5:146149607:T:C	Benign	noncoding	0.017245829105377197	0.03760862350463867	0.02836918830871582	0.10120081901550293
chr5:146152008:G:A	Benign	noncoding	0.10216936469078064	0.014630354940891266	0.10608455538749695	0.2884044051170349
chr5:150367843:G:A	Pathogenic	noncoding	0.13223975896835327	0.03715038299560547	0.053581297397613525	0.5999419689178467
chr5:150368857:G:T	Pathogenic	other	0.31289368867874146	0.07200711965560913	0.026303619146347046	0.57776939868927
chr5:150368860:G:T	Pathogenic	other	0.3660539984703064	0.11326241493225098	0.0123404860496521	0.6619551777839661
chr5:150393391:T:A	Benign	coding	0.11069342494010925	0.04096031188964844	0.011124730110168457	0.1708657145500183
chr5:150393396:C:T	Benign	coding	0.06060373783111572	0.0819118320941925	0.00841456651687622	0.014076709747314453
chr5:150399004:G:A	Benign	noncoding	0.108273446559906	0.09249883890151978	0.04498884081840515	0.03925997018814087
chr5:150399036:G:A	Benign	coding	0.09433555603027344	0.06359797716140747	0.008742451667785645	0.002066373825073242
chr5:150399049:C:T	Benign	noncoding	0.03871572017669678	0.10672648251056671	0.06829667091369629	0.00023323297500610352
chr5:150399096:A:G	Benign	noncoding	0.19200128316879272	0.055045485496520996	0.012657374143600464	0.050175249576568604
chr5:150540177:G:C	Benign	coding	0.06614698469638824	0.1321200281381607	0.03766709566116333	0.03946546092629433
chr5:150540216:G:A	Benign	coding	0.07646417617797852	0.14310458302497864	0.025498151779174805	0.29968157410621643
chr5:151267595:T:C	Benign	coding	0.11389541625976562	0.07903504371643066	0.0377141535282135	0.14297273755073547
chr5:151267678:A:G	Benign	noncoding	0.050107598304748535	0.13238942623138428	0.10230886936187744	0.09025317430496216
chr5:151267852:G:A	Benign	noncoding	0.09508991241455078	0.06824541091918945	0.046638309955596924	0.09048742055892944
chr5:151267987:G:T	Benign	noncoding	0.03311210870742798	0.03442037105560303	0.06087541580200195	0.07130515575408936
chr5:154811250:T:C	Benign	coding	0.17863595485687256	0.14674630761146545	0.05453747510910034	0.087521493434906
chr5:168497118:T:C	Benign	noncoding	0.01892688125371933	0.08987252414226532	0.04842612147331238	0.06064403057098389
chr5:168497169:T:G	Benign	noncoding	0.022659078240394592	0.040910959243774414	0.018383324146270752	0.008953332901000977
chr5:168506055:A:G	Benign	coding	0.13105005025863647	0.04554787278175354	0.024200439453125	0.059084296226501465
chr5:169695944:G:A	Benign	noncoding	0.03088963031768799	0.09286075830459595	0.013332962989807129	0.10503804683685303
chr5:170045884:T:C	Benign	coding	0.057102859020233154	0.15600177645683289	0.032264500856399536	0.001729130744934082
chr5:170047513:C:T	Pathogenic	other	0.18775200843811035	0.042197227478027344	0.05769985914230347	0.3038160800933838
chr5:171388121:G:T	Benign	noncoding	0.13246357440948486	0.06638842821121216	0.05867946147918701	0.007899284362792969
chr5:171392976:A:G	Benign	coding	0.06559115648269653	0.06178706884384155	0.04057621955871582	0.05344963073730469
chr5:172932506:G:T	Benign	coding	0.10627660155296326	0.12227335572242737	0.036689698696136475	0.029947936534881592
chr5:175492180:A:G	Benign	coding	0.0667467713356018	0.049346551299095154	0.03531429171562195	0.011747658252716064
chr5:175492244:G:A	Benign	coding	0.23591724038124084	0.12800902128219604	0.10895213484764099	0.024493515491485596
chr5:177211053:C:A	Pathogenic	other	0.08746010065078735	0.1446477174758911	0.05837070941925049	0.20734737813472748
chr5:177515208:G:A	Pathogenic	other	0.12077915668487549	0.1066851019859314	0.010362029075622559	0.5252203941345215
chr5:177515672:A:C	Benign	noncoding	0.30174875259399414	0.09881633520126343	0.009195774793624878	0.4008134603500366
chr5:177515709:A:T	Pathogenic	coding	0.2490679919719696	0.05187195539474487	0.009249210357666016	0.048864781856536865
chr5:177515710:G:T	Benign	coding	0.17617744207382202	0.0722154974937439	0.004929065704345703	0.1532108187675476
chr5:177515781:G:A	Pathogenic	other	0.10151225328445435	0.04306155443191528	0.010862916707992554	0.744982123374939
chr5:177515818:C:T	Pathogenic	other	0.12927520275115967	0.027070283889770508	0.014211535453796387	0.09984086453914642
chr5:177516167:G:A	Pathogenic	noncoding	0.057814210653305054	0.07557159662246704	0.029875636100769043	0.0006648898124694824
chr5:177516188:T:A	Pathogenic	noncoding	0.03881925344467163	0.04940176010131836	0.00865405797958374	0.021161377429962158
chr5:177516672:C:T	Benign	noncoding	0.09235703945159912	0.05893820524215698	0.03324836492538452	0.09493410587310791
chr5:178149799:C:T	Pathogenic	coding	0.4009228050708771	0.3437429368495941	0.03716874122619629	0.29789549112319946
chr5:179617615:A:T	Pathogenic	coding	0.03317159414291382	0.06441211700439453	0.1536538004875183	0.020817041397094727
chr5:179618269:T:C	Benign	coding	0.09829570353031158	0.05357801914215088	0.021551907062530518	0.3208008110523224
chr5:179821257:G:A	Benign	noncoding	0.06514197587966919	0.1524256467819214	0.03553280234336853	0.08021986484527588
chr5:179833020:C:G	Benign	noncoding	0.1176871657371521	0.05913156270980835	0.09229743480682373	0.2893977761268616
chr5:179833097:G:T	Pathogenic	other	0.07081004232168198	0.04030179977416992	0.03946423530578613	0.6919149160385132
chr5:179833115:G:T	Pathogenic	other	0.15322905778884888	0.09345901012420654	0.027742773294448853	0.4361269176006317
chr5:179833590:C:T	Pathogenic	other	0.020632505416870117	0.03252953290939331	0.03645378351211548	0.04642146825790405
chr5:179833612:C:G	Pathogenic	other	0.07780617475509644	0.13451752066612244	0.05269104242324829	0.3708206117153168
chr5:179833661:G:A	Benign	coding	0.19832739233970642	0.02638956904411316	0.03577911853790283	0.10356038808822632
chr5:179837132:T:G	Benign	noncoding	0.05311936140060425	0.14481139183044434	0.06578850746154785	0.13556233048439026
chr5:179966867:T:C	Benign	coding	0.16691511869430542	0.1565713882446289	0.029555976390838623	0.034817203879356384
chr6:598095:T:C	Benign	coding	0.23961231112480164	0.15887761116027832	0.04592865705490112	0.043622080236673355
chr6:2948696:C:A	Pathogenic	other	0.22506535053253174	0.05431315302848816	0.051244884729385376	0.6435074806213379
chr6:2953160:C:T	Benign	coding	0.10422864556312561	0.02633635699748993	0.03339719772338867	0.16071975231170654
chr6:3012539:G:A	Benign	noncoding	0.0972675085067749	0.04987126588821411	0.06465086340904236	0.0147552490234375
chr6:3157208:C:G	Benign	noncoding	0.029401302337646484	0.06859791278839111	0.078602135181427	0.03997910022735596
chr6:3157379:C:T	Benign	noncoding	0.02156922221183777	0.05697855353355408	0.02847278118133545	0.12092649936676025
chr6:4117373:G:A	Benign	coding	0.07535374164581299	0.06412321329116821	0.08370852470397949	0.08282838761806488
chr6:7229741:A:C	Benign	coding	0.1244148313999176	0.1359541416168213	0.013074934482574463	0.3715370297431946
chr6:7229758:A:G	Benign	coding	0.016669154167175293	0.08234621584415436	0.07587325572967529	0.09234619140625
chr6:7571494:A:T	Pathogenic	other	0.05581998825073242	0.095131516456604	0.07664915919303894	0.5495527982711792
chr6:7571512:C:T	Pathogenic	other	0.10276031494140625	0.03631340712308884	0.23888778686523438	0.8440170884132385
chr6:7571527:C:T	Pathogenic	other	0.09023928642272949	0.03563891351222992	0.04095101356506348	0.9489837884902954
chr6:7571528:A:C	Pathogenic	coding	0.15268981456756592	0.016463205218315125	0.02861475944519043	0.1915191113948822
chr6:7571538:C:A	Pathogenic	other	0.025024592876434326	0.05837912857532501	0.06256628036499023	0.9895973801612854
chr6:7571546:T:C	Pathogenic	coding	0.041860878467559814	0.018683552742004395	0.0608462393283844	0.3617793917655945
chr6:7571578:C:T	Pathogenic	other	0.11641818284988403	0.0348171591758728	0.029763102531433105	0.01814061403274536
chr6:7571591:T:C	Benign	noncoding	0.06407880783081055	0.08904492855072021	0.010750293731689453	0.4178312420845032
chr6:7586075:C:T	Benign	noncoding	0.0928000807762146	0.117320716381073	0.06814509630203247	0.8824374675750732
chr6:7883235:C:T	Benign	coding	0.03452247381210327	0.05865126848220825	0.03598088026046753	0.13649290800094604
chr6:13316655:C:T	Benign	coding	0.14286154508590698	0.03346027433872223	0.07539859414100647	0.1371300220489502
chr6:15487352:A:C	Benign	coding	0.15490147471427917	0.0547814667224884	0.06665778160095215	0.1283801645040512
chr6:15496431:C:T	Benign	coding	0.009406417608261108	0.04772558808326721	0.044404685497283936	0.05970877408981323
chr6:15662887:T:C	Benign	noncoding	0.18337303400039673	0.10482251644134521	0.004088699817657471	0.14881014823913574
chr6:16290511:G:A	Benign	coding	0.013323068618774414	0.04559507966041565	0.0446774959564209	0.11563962697982788
chr6:16290530:T:A	Benign	coding	0.14051759243011475	0.149824857711792	0.08626878261566162	0.04038029909133911
chr6:24781491:G:C	Benign	coding	0.1166379451751709	0.09634411334991455	0.10551795363426208	0.31531670689582825
chr6:24781507:C:T	Benign	coding	0.15222033858299255	0.11916312575340271	0.01208910346031189	0.42797356843948364
chr6:24781633:T:C	Benign	noncoding	0.06511768698692322	0.19690290093421936	0.06208902597427368	0.09536111354827881
chr6:24785777:C:T	Benign	coding	0.12714949250221252	0.03599965572357178	0.019350647926330566	0.041345417499542236
chr6:24786043:C:T	Benign	noncoding	0.053130388259887695	0.07837307453155518	0.025890618562698364	0.06779290735721588
chr6:26026947:G:A	Benign	coding	0.08622503280639648	0.06293308734893799	0.025456368923187256	0.034729957580566406
chr6:26027058:G:A	Benign	coding	0.025748252868652344	0.1143384575843811	0.040607571601867676	0.06683403253555298
chr6:26104218:C:T	Benign	coding	0.19254127144813538	0.07487645745277405	0.015548020601272583	0.04800450801849365
chr6:26104220:A:G	Benign	coding	0.08677098155021667	0.10036838054656982	0.029177188873291016	0.05940300226211548
chr6:26104221:A:C	Pathogenic	coding	0.11861041188240051	0.14849483966827393	0.01200076937675476	0.11382240056991577
chr6:26104221:A:G	Pathogenic	coding	0.16480359435081482	0.13253986835479736	0.018498480319976807	0.1679389476776123
chr6:26156558:C:A	Benign	coding	0.10476978123188019	0.11942031979560852	0.012995988130569458	0.0773882269859314
chr6:26156615:G:A	Benign	coding	0.12538358569145203	0.05386507511138916	0.05272406339645386	0.17489969730377197
chr6:26156762:C:T	Benign	coding	0.10519763827323914	0.044029176235198975	0.05780792236328125	0.24203336238861084
chr6:26156765:G:T	Benign	coding	0.059401147067546844	0.07307460904121399	0.009593963623046875	0.09276121854782104
chr6:30705287:C:T	Benign	coding	0.15451014041900635	0.0978575348854065	0.11162799596786499	0.3083077073097229
chr6:30723688:A:G	Pathogenic	coding	0.08155374228954315	0.06959763169288635	0.06861245632171631	0.0451163649559021
chr6:30723921:C:T	Pathogenic	coding	0.1758619248867035	0.09519070386886597	0.04909271001815796	0.2410590946674347
chr6:30723931:C:T	Pathogenic	coding	0.044533610343933105	0.03858684003353119	0.037457168102264404	0.1493457555770874
chr6:30723957:A:G	Pathogenic	coding	0.07650184631347656	0.056046128273010254	0.022520840167999268	0.38688504695892334
chr6:30723959:G:C	Pathogenic	coding	0.10030677914619446	0.09771457314491272	0.05639997124671936	0.06498059630393982
chr6:31509891:T:C	Benign	coding	0.058505743741989136	0.030379265546798706	0.020902365446090698	0.07660695910453796
chr6:31629679:A:C	Benign	coding	0.012530982494354248	0.026299357414245605	0.018258869647979736	0.07904940843582153
chr6:31629685:G:C	Benign	coding	0.035148173570632935	0.0217629075050354	0.02545297145843506	0.11977183818817139
chr6:31630712:A:G	Benign	coding	0.04312223196029663	0.08076512813568115	0.01359286904335022	0.46786126494407654
chr6:31630746:C:T	Benign	coding	0.068997323513031	0.07196369767189026	0.0506804883480072	0.04993182420730591
chr6:31631484:C:G	Benign	coding	0.08360499143600464	0.029474250972270966	0.042464375495910645	0.11952334642410278
chr6:31635993:A:G	Benign	coding	0.1018294095993042	0.05447357892990112	0.020534098148345947	0.034170687198638916
chr6:31636058:C:T	Benign	noncoding	0.07300928235054016	0.09945438802242279	0.0535351037979126	0.09081675857305527
chr6:31636233:C:G	Benign	coding	0.1211109459400177	0.06717422604560852	0.02553945779800415	0.04669821262359619
chr6:31636267:T:G	Benign	coding	0.1176462471485138	0.07491850852966309	0.06625649333000183	0.1797155737876892
chr6:31636297:T:C	Benign	coding	0.1301167607307434	0.09580427408218384	0.027766883373260498	0.40692687034606934
chr6:31636814:C:T	Benign	coding	0.05046653747558594	0.06747353076934814	0.00928032398223877	0.09740078449249268
chr6:31669317:A:G	Pathogenic	noncoding	0.07651102542877197	0.04189659655094147	0.03139215707778931	0.042607784271240234
chr6:31669319:G:A	Pathogenic	coding	0.04933658242225647	0.06253550946712494	0.06290832161903381	0.004961967468261719
chr6:31669325:C:G	Pathogenic	noncoding	0.0751398503780365	0.09351688623428345	0.03382915258407593	0.09564375877380371
chr6:31669834:A:G	Pathogenic	noncoding	0.07916590571403503	0.0530407577753067	0.07729935646057129	0.9310961961746216
chr6:31669838:T:C	Pathogenic	coding	0.10191473364830017	0.06975904107093811	0.03886580467224121	0.04857313632965088
chr6:31669957:A:T	Benign	noncoding	0.1020226776599884	0.10923269391059875	0.058313190937042236	0.12778514623641968
chr6:31670030:C:T	Benign	noncoding	0.10197989642620087	0.08640076220035553	0.02855786681175232	0.03681796416640282
chr6:31741268:C:T	Benign	coding	0.0787731409072876	0.03592473268508911	0.048185110092163086	0.04230208694934845
chr6:31782361:C:G	Pathogenic	coding	0.07753807306289673	0.04148644208908081	0.04205894470214844	0.12665581703186035
chr6:31792877:G:A	Benign	coding	0.14779114723205566	0.06603163480758667	0.05923271179199219	0.3443986475467682
chr6:31859509:A:T	Benign	noncoding	0.038193464279174805	0.03988516330718994	0.05321770906448364	0.06738996505737305
chr6:31966772:C:T	Pathogenic	other	0.2925039231777191	0.1879727840423584	0.028437644243240356	0.8765824437141418
chr6:32042495:T:A	Benign	coding	0.0413946807384491	0.044422149658203125	0.03523913025856018	0.10331407189369202
chr6:32829390:C:T	Benign	noncoding	0.023209989070892334	0.02297668159008026	0.03246349096298218	0.05271083116531372
chr6:32829391:G:A	Benign	noncoding	0.02571767568588257	0.03300952911376953	0.025528788566589355	0.06733128428459167
chr6:32829970:T:C	Benign	coding	0.0837399959564209	0.040858328342437744	0.049365460872650146	0.06607013940811157
chr6:32829996:T:C	Benign	coding	0.02028834819793701	0.05967354774475098	0.034317970275878906	0.032657742500305176
chr6:32976246:C:G	Benign	noncoding	0.15754961967468262	0.21676766872406006	0.02409583330154419	0.07326292991638184
chr6:32976260:C:T	Benign	coding	0.04081909358501434	0.06108090281486511	0.020315468311309814	0.14426128566265106
chr6:32976351:C:T	Benign	coding	0.10182186961174011	0.023874342441558838	0.005009055137634277	0.0025571584701538086
chr6:32978252:G:A	Benign	coding	0.14077496528625488	0.09644237160682678	0.006346523761749268	0.18010452389717102
chr6:32978257:T:C	Benign	coding	0.07721841335296631	0.042080312967300415	0.011641204357147217	0.034062184393405914
chr6:32978342:G:C	Benign	coding	0.14413611590862274	0.12735213339328766	0.03019428253173828	0.0769423246383667
chr6:32978356:T:C	Benign	coding	0.15600895881652832	0.07200935482978821	0.01699763536453247	0.12284040451049805
chr6:33202062:C:A	Benign	noncoding	0.09275281429290771	0.01630222797393799	0.0035294294357299805	0.04942673444747925
chr6:33202118:C:G	Benign	coding	0.07595691084861755	0.032186925411224365	0.06161201000213623	0.05008035898208618
chr6:33202417:T:C	Benign	coding	0.05079561471939087	0.0401214063167572	0.10050517320632935	0.024423837661743164
chr6:33202607:A:C	Benign	coding	0.09729456901550293	0.02438068389892578	0.029938876628875732	0.28950047492980957
chr6:33304277:G:A	Benign	noncoding	0.022718027234077454	0.015466243028640747	0.014940083026885986	0.10207211971282959
chr6:33305078:G:C	Benign	coding	0.04637536406517029	0.052271559834480286	0.05826926231384277	0.06128031015396118
chr6:33305176:C:T	Benign	coding	0.10157503187656403	0.06595799326896667	0.052590012550354004	0.07266589999198914
chr6:33438041:C:A	Pathogenic	other	0.011847734451293945	0.030371755361557007	0.01632910966873169	0.10114282369613647
chr6:33438041:C:T	Benign	coding	0.03977686166763306	0.030558884143829346	0.005250692367553711	0.045806825160980225
chr6:33438049:G:T	Pathogenic	other	0.03130275011062622	0.022647514939308167	0.028939664363861084	0.08610290288925171
chr6:33438059:C:G	Benign	coding	0.07418698072433472	0.03880488872528076	0.15234404802322388	0.11104172468185425
chr6:33438071:C:A	Pathogenic	other	0.07546448707580566	0.12342390418052673	0.00984865427017212	0.08229935169219971
chr6:33438100:G:A	Benign	coding	0.03499102592468262	0.0707324743270874	0.03439253568649292	0.14889949560165405
chr6:33438148:G:T	Pathogenic	other	0.0494975745677948	0.052060484886169434	0.021241843700408936	0.4745641052722931
chr6:33690289:G:C	Benign	noncoding	0.06684750318527222	0.05262991786003113	0.08197790384292603	0.03840911388397217
chr6:33697637:G:A	Benign	noncoding	0.07283681631088257	0.11749905347824097	0.02819228172302246	0.104673832654953
chr6:33697681:T:C	Benign	coding	0.015210248529911041	0.05006793141365051	0.01407364010810852	0.05662757158279419
chr6:34418433:T:C	Benign	noncoding	0.0403289794921875	0.04523944854736328	0.08297696709632874	0.05122750997543335
chr6:34418442:G:A	Benign	noncoding	0.1575329303741455	0.1100955605506897	0.05620020627975464	0.019631624221801758
chr6:37173123:C:T	Benign	coding	0.03326505422592163	0.07701244950294495	0.055844008922576904	0.014093756675720215
chr6:42937717:G:C	Pathogenic	coding	0.21264860033988953	0.15822848677635193	0.0791139006614685	0.5824135541915894
chr6:42937840:G:A	Pathogenic	noncoding	0.12122344970703125	0.08666384220123291	0.031643688678741455	0.42256325483322144
chr6:42969962:T:A	Pathogenic	other	0.0482042133808136	0.06252628564834595	0.03299933671951294	0.30956411361694336
chr6:42969980:C:A	Pathogenic	other	0.017389655113220215	0.046440839767456055	0.08589589595794678	0.12529122829437256
chr6:42974043:G:A	Pathogenic	other	0.07138949632644653	0.16176337003707886	0.042085230350494385	0.22812509536743164
chr6:42974059:A:T	Pathogenic	other	0.16228413581848145	0.08987486362457275	0.03254961967468262	0.05430471897125244
chr6:43050358:C:T	Pathogenic	other	0.10169994831085205	0.08067616820335388	0.02094399929046631	0.5260909199714661
chr6:43519737:T:C	Pathogenic	coding	0.012704014778137207	0.11053889989852905	0.04068434238433838	0.0023045986890792847
chr6:43560910:T:G	Benign	noncoding	0.03296986222267151	0.06217843294143677	0.07668980956077576	0.09102153778076172
chr6:43567281:C:T	Benign	coding	0.1258372664451599	0.21395695209503174	0.05718570947647095	0.10596725344657898
chr6:43629077:C:G	Benign	coding	0.06584420800209045	0.11692667007446289	0.03316301107406616	0.1268974095582962
chr6:43770931:G:A	Benign	coding	0.13628645241260529	0.1062154769897461	0.0038547515869140625	0.04382026195526123
chr6:44149887:C:A	Pathogenic	coding	0.08524024486541748	0.04192271828651428	0.007224917411804199	0.10330778360366821
chr6:44151850:G:C	Pathogenic	coding	0.1229981780052185	0.1945052444934845	0.010948896408081055	0.25804901123046875
chr6:44230559:C:T	Benign	noncoding	0.044176846742630005	0.09176063537597656	0.051790863275527954	0.07171010971069336
chr6:44252189:G:A	Benign	coding	0.09146720170974731	0.04051768779754639	0.02890203893184662	0.13328337669372559
chr6:44253332:C:G	Benign	coding	0.016879916191101074	0.04129302501678467	0.06571447849273682	0.0008543406147509813
chr6:44255555:C:T	Benign	coding	0.035181522369384766	0.0586797297000885	0.03587135672569275	0.09174728393554688
chr6:44403977:C:T	Benign	coding	0.08716905117034912	0.11205723881721497	0.06336098909378052	0.04192662239074707
chr6:44406319:A:G	Benign	noncoding	0.14065426588058472	0.0459747314453125	0.020010828971862793	0.1292974352836609
chr6:44445723:G:C	Benign	coding	0.09283995628356934	0.09242451190948486	0.02912425994873047	0.07161340117454529
chr6:44445726:T:A	Benign	coding	0.15983140468597412	0.0866389274597168	0.0442332923412323	0.07934245467185974
chr6:47624387:A:G	Benign	noncoding	0.7844138145446777	0.5063362717628479	0.02496194839477539	0.8885229229927063
chr6:47624413:A:T	Benign	noncoding	0.07914277911186218	0.03602099418640137	0.013555407524108887	0.0744914710521698
chr6:47624727:A:G	Benign	noncoding	0.04161784052848816	0.07884585857391357	0.04268300533294678	0.42568838596343994
chr6:47624729:A:G	Benign	noncoding	0.3091796040534973	0.16867977380752563	0.08708459138870239	0.5263963937759399
chr6:47625244:T:A	Benign	noncoding	0.038014769554138184	0.11978119611740112	0.03322792053222656	0.15645526349544525
chr6:49611023:C:T	Pathogenic	noncoding	0.13907486200332642	0.07371485233306885	0.035708069801330566	0.2968045473098755
chr6:49611146:C:T	Pathogenic	noncoding	0.13949179649353027	0.12031405419111252	0.07620307803153992	0.6816163659095764
chr6:49612422:G:A	Pathogenic	coding	0.16571703553199768	0.05601060390472412	0.058209896087646484	0.111247718334198
chr6:49618052:A:G	Benign	noncoding	0.05531477928161621	0.12099641561508179	0.1674887239933014	0.06022614240646362
chr6:49618113:A:C	Pathogenic	coding	0.03297807276248932	0.08765330910682678	0.16176140308380127	0.06163179874420166
chr6:53269245:C:T	Benign	coding	0.038592249155044556	0.030197322368621826	0.029920324683189392	0.18517443537712097
chr6:53270660:C:A	Pathogenic	coding	0.06334137916564941	0.09332731366157532	0.07260042428970337	0.08222395181655884
chr6:53273310:G:A	Benign	coding	0.06762808561325073	0.13143542408943176	0.041719794273376465	0.2931039035320282
chr6:53276167:A:G	Benign	noncoding	0.07906040549278259	0.01921820640563965	0.04350021481513977	0.205644428730011
chr6:53295585:G:T	Benign	noncoding	0.011669516563415527	0.02573852613568306	0.017178356647491455	0.10703223943710327
chr6:63580063:G:T	Benign	coding	0.0010124249383807182	0.015506386756896973	0.058518171310424805	0.06592869758605957
chr6:63580091:C:T	Benign	coding	0.01439860463142395	0.3197774887084961	0.07803526520729065	0.06534367799758911
chr6:63685649:G:A	Benign	coding	0.07037395238876343	0.1455674171447754	0.04395034909248352	0.1275452971458435
chr6:63712963:G:C	Benign	coding	0.05395865440368652	0.02925962209701538	0.10982131958007812	0.6309632658958435
chr6:69697573:A:T	Benign	coding	0.0660136342048645	0.04798626899719238	0.032570064067840576	0.30428346991539
chr6:75895080:A:G	Benign	noncoding	0.03199884295463562	0.04078274965286255	0.033751845359802246	0.10069721937179565
chr6:78966019:C:T	Pathogenic	other	0.04460075497627258	0.03107994794845581	0.09595006704330444	0.11926215887069702
chr6:78978649:T:C	Benign	coding	0.09732037782669067	0.06914877891540527	0.00938040018081665	0.012933969497680664
chr6:80040289:T:A	Benign	noncoding	0.05995479226112366	0.13231849670410156	0.031689465045928955	0.03496283292770386
chr6:80344798:G:A	Benign	noncoding	0.007811248302459717	0.006533443927764893	0.05975881218910217	0.007894158363342285
chr6:83181903:G:C	Pathogenic	other	0.010696452111005783	0.05271494388580322	0.0785290002822876	0.10741548985242844
chr6:87545487:A:G	Benign	noncoding	0.054112374782562256	0.019820183515548706	0.03086632490158081	0.040125250816345215
chr6:89648092:G:A	Benign	coding	0.05609816312789917	0.12270426750183105	0.08542618155479431	0.07549136877059937
chr6:90544564:T:C	Benign	coding	0.0065721869468688965	0.0958864688873291	0.03148406744003296	0.037752002477645874
chr6:96897740:T:A	Benign	coding	0.13032710552215576	0.1475907266139984	0.09770095348358154	0.039219796657562256
chr6:107868534:G:A	Benign	noncoding	0.005451127886772156	0.032810986042022705	0.15559592843055725	0.00963735580444336
chr6:107868576:C:T	Benign	noncoding	0.006863057613372803	0.10241430997848511	0.02722698450088501	0.09355902671813965
chr6:107868577:G:A	Benign	noncoding	0.009939730167388916	0.0433993935585022	0.050862133502960205	0.07078278064727783
chr6:107871581:A:T	Benign	noncoding	0.03427755832672119	0.02372688055038452	0.02419072389602661	0.013604879379272461
chr6:107957902:G:A	Benign	coding	0.1602502167224884	0.0487278550863266	0.026067733764648438	0.014758288860321045
chr6:107957905:C:T	Pathogenic	other	0.12770769000053406	0.032419539988040924	0.028703302145004272	0.6725071668624878
chr6:108044430:T:C	Benign	noncoding	0.0001404881477355957	0.39283835887908936	0.06371921300888062	0.017439544200897217
chr6:108044454:T:C	Benign	noncoding	0.016724348068237305	0.015876173973083496	0.1273306906223297	0.005872786045074463
chr6:109369029:G:C	Benign	noncoding	0.10940080881118774	0.04759989678859711	0.10456305742263794	0.0784711241722107
chr6:109370436:T:C	Benign	coding	0.21156130731105804	0.13037192821502686	0.020087718963623047	0.01569405011832714
chr6:109370460:G:A	Benign	coding	0.07651421427726746	0.02186065912246704	0.02477848529815674	0.0021054521203041077
chr6:109381573:G:A	Benign	noncoding	0.06978774070739746	0.022770654410123825	0.02616018056869507	0.06770992279052734
chr6:109381967:C:G	Benign	noncoding	0.044381290674209595	0.09388941526412964	0.039088696241378784	0.10339196026325226
chr6:117694110:T:C	Benign	coding	0.026067614555358887	0.12231910228729248	0.11583572626113892	0.03653058409690857
chr6:131891648:T:C	Benign	noncoding	0.0905408263206482	0.07389059662818909	0.024648427963256836	0.16269773244857788
chr6:131891668:C:T	Benign	noncoding	0.040812909603118896	0.015112698078155518	0.06676831841468811	0.14225232601165771
chr6:135195921:C:T	Benign	coding	0.02535909414291382	0.04748603701591492	0.023072868585586548	0.062010258436203
chr6:135198969:C:A	Benign	coding	0.03229057788848877	0.07526159286499023	0.031040549278259277	0.0612528920173645
chr6:135217965:G:A	Benign	coding	0.08057844638824463	0.054558247327804565	0.036598026752471924	0.5045900344848633
chr6:138096415:G:A	Benign	coding	0.05757132172584534	0.052265465259552	0.006542205810546875	0.06921175122261047
chr6:138947835:C:G	Pathogenic	coding	0.10255014896392822	0.04486417770385742	0.05311697721481323	0.3260217607021332
chr6:139373435:C:G	Benign	coding	0.15585950016975403	0.04768776893615723	0.016040802001953125	0.08303433656692505
chr6:142443363:T:C	Benign	coding	0.08468616008758545	0.09774881601333618	0.030621826648712158	0.0027934331446886063
chr6:143941931:C:T	Benign	coding	0.026757001876831055	0.035025715827941895	0.004977881908416748	0.03798896074295044
chr6:149378423:C:T	Pathogenic	other	0.035433024168014526	0.09271937608718872	0.021681606769561768	0.1260901689529419
chr6:149378457:T:G	Pathogenic	other	0.15857791900634766	0.10304200649261475	0.07286131381988525	0.11263728141784668
chr6:149378537:C:T	Pathogenic	coding	0.05752283334732056	0.023859500885009766	0.028987526893615723	0.11319085955619812
chr6:149378826:C:G	Pathogenic	other	0.05788642168045044	0.027214527130126953	0.024781405925750732	0.03157693147659302
chr6:149378879:C:T	Pathogenic	other	0.1116911768913269	0.08609575033187866	0.07121172547340393	0.1284627914428711
chr6:149378992:C:T	Benign	coding	0.11880448460578918	0.10776472091674805	0.03947025537490845	0.10170382261276245
chr6:149379088:G:A	Benign	coding	0.11019481718540192	0.13604044914245605	0.07847192883491516	0.6087103486061096
chr6:149379236:C:T	Pathogenic	other	0.060681700706481934	0.02986261248588562	0.04167184233665466	0.1387004852294922
chr6:149379269:C:T	Pathogenic	other	0.030446290969848633	0.027408719062805176	0.043164849281311035	0.13498848676681519
chr6:149379355:G:A	Benign	coding	0.06326112151145935	0.1141309142112732	0.08021950721740723	0.027494847774505615
chr6:149379406:T:A	Pathogenic	other	0.07866188883781433	0.04782527685165405	0.014325261116027832	0.27632150053977966
chr6:149379406:T:G	Pathogenic	other	0.11558544635772705	0.058060407638549805	0.0864572525024414	0.22098320722579956
chr6:149379447:T:A	Pathogenic	other	0.12853139638900757	0.04836250841617584	0.04878160357475281	0.15042030811309814
chr6:149745990:G:A	Benign	coding	0.021384477615356445	0.040968894958496094	0.14041680097579956	0.02395564317703247
chr6:156779075:C:T	Benign	coding	0.03097289800643921	0.057116538286209106	0.10106736421585083	0.037644416093826294
chr6:156901421:C:T	Pathogenic	other	0.044747233390808105	0.0986945629119873	0.03300139307975769	0.05994969606399536
chr6:156901427:C:T	Pathogenic	other	0.046896934509277344	0.06188929080963135	0.025574028491973877	0.08431428670883179
chr6:156901438:T:G	Pathogenic	other	0.07432809472084045	0.040583670139312744	0.05742877721786499	0.06568783521652222
chr6:156901445:C:T	Pathogenic	other	0.019553005695343018	0.04584991931915283	0.05796116590499878	0.06700915098190308
chr6:156901448:C:T	Pathogenic	other	0.06201285123825073	0.05796593427658081	0.01178663969039917	0.05681264400482178
chr6:156901475:C:T	Pathogenic	other	0.04126018285751343	0.025492608547210693	0.023609519004821777	0.05414503812789917
chr6:156901481:C:T	Pathogenic	other	0.031482815742492676	0.05094939470291138	0.011789381504058838	0.02062886953353882
chr6:156901496:C:T	Pathogenic	other	0.06976646184921265	0.04315388202667236	0.01700979471206665	0.04940003156661987
chr6:156901497:A:G	Benign	coding	0.06965681910514832	0.05659303069114685	0.021894752979278564	0.016448140144348145
chr6:156901501:C:T	Benign	coding	0.07600629329681396	0.08912742137908936	0.008666157722473145	0.001963675022125244
chr6:156901502:C:T	Pathogenic	other	0.03643730282783508	0.06700074672698975	0.08114099502563477	0.004989743232727051
chr6:156901513:C:A	Pathogenic	other	0.04054725170135498	0.10614043474197388	0.021487891674041748	0.6470218300819397
chr6:157110539:G:A	Benign	coding	0.016854047775268555	0.03755980730056763	0.18979573249816895	0.006256103515625
chr6:157110552:C:T	Pathogenic	other	0.08557581901550293	0.07514713704586029	0.06886720657348633	0.09229838848114014
chr6:157110563:T:C	Pathogenic	noncoding	0.011049747467041016	0.0252535343170166	0.05671858787536621	0.208787739276886
chr6:158769395:A:T	Benign	coding	0.17059671878814697	0.08867868781089783	0.10936394333839417	0.01603841781616211
chr6:158769847:T:G	Benign	coding	0.3338976502418518	0.08466565608978271	0.012036383152008057	0.016419172286987305
chr6:160027232:A:G	Benign	coding	0.28836899995803833	0.02915722131729126	0.03512090444564819	0.2155051827430725
chr6:160027283:C:T	Benign	coding	0.052732229232788086	0.051606059074401855	0.050508975982666016	0.04798758029937744
chr6:166365191:T:G	Benign	noncoding	0.04187804460525513	0.05994004011154175	0.06553798913955688	0.23145732283592224
chr6:170543727:A:G	Pathogenic	coding	0.1297760307788849	0.10527749359607697	0.07890713214874268	0.23318123817443848
chr6:170569705:T:C	Benign	coding	0.05093395709991455	0.08871418237686157	0.04470926523208618	0.09186279773712158
chr7:584574:C:T	Benign	noncoding	0.10239243507385254	0.055179089307785034	0.060009390115737915	0.0037468671798706055
chr7:584584:T:G	Benign	noncoding	0.025034010410308838	0.07079356908798218	0.01775747537612915	0.019378721714019775
chr7:842221:C:T	Benign	noncoding	0.028561145067214966	0.03127455711364746	0.015499770641326904	0.041061341762542725
chr7:843641:A:G	Benign	noncoding	0.13476130366325378	0.1461927890777588	0.03975445032119751	0.2634837031364441
chr7:851999:G:A	Benign	coding	0.030121922492980957	0.07567098736763	0.05983614921569824	0.0406951904296875
chr7:1434624:G:A	Benign	coding	0.10571932792663574	0.02965909242630005	0.0491253137588501	0.20136073231697083
chr7:1434651:T:G	Benign	coding	0.08131788671016693	0.08702248334884644	0.014753550291061401	0.3592328131198883
chr7:2355356:C:T	Benign	coding	0.11110424995422363	0.04974240064620972	0.017880380153656006	0.04430413246154785
chr7:2355408:G:C	Benign	coding	0.11759829521179199	0.0766255259513855	0.03679659962654114	0.36960211396217346
chr7:2369400:C:T	Benign	noncoding	0.07472187280654907	0.19830572605133057	0.009466290473937988	0.07787716388702393
chr7:2375443:C:T	Benign	coding	0.06442579627037048	0.028353959321975708	0.029951870441436768	0.0888822078704834
chr7:2543531:G:A	Benign	noncoding	0.15013772249221802	0.12177032232284546	0.024640172719955444	0.26417529582977295
chr7:2543562:C:T	Benign	noncoding	0.018331080675125122	0.05348244309425354	0.08195209503173828	0.20971539616584778
chr7:2543589:C:G	Pathogenic	noncoding	0.06870952248573303	0.12107375264167786	0.06529957056045532	0.06900125741958618
chr7:4755368:C:T	Benign	coding	0.14852869510650635	0.07678034901618958	0.044401854276657104	0.4707781672477722
chr7:5527623:C:A	Benign	noncoding	0.03157150745391846	0.019917577505111694	0.14911037683486938	0.04696249961853027
chr7:5528496:C:T	Pathogenic	coding	0.2325289249420166	0.02984708547592163	0.030135005712509155	0.13756191730499268
chr7:5528497:G:A	Pathogenic	coding	0.12554728984832764	0.02675798535346985	0.011276870965957642	0.17581743001937866
chr7:5528497:G:C	Pathogenic	coding	0.10568344593048096	0.0471256822347641	0.04100269079208374	0.15182596445083618
chr7:5528497:G:T	Pathogenic	coding	0.06735625863075256	0.04566118121147156	0.022692441940307617	0.17240369319915771
chr7:5528536:G:A	Pathogenic	coding	0.12148064374923706	0.03448832035064697	0.08783501386642456	0.2261994481086731
chr7:5528599:T:C	Pathogenic	coding	0.19045323133468628	0.048454999923706055	0.01617562770843506	0.10916543006896973
chr7:5529304:C:A	Pathogenic	coding	0.030158281326293945	0.03847189247608185	0.011499680578708649	0.02708280086517334
chr7:5529310:C:T	Pathogenic	coding	0.052422791719436646	0.006421521306037903	0.03772991895675659	0.04159930348396301
chr7:5529316:G:T	Pathogenic	coding	0.07200166583061218	0.06354635953903198	0.011589884757995605	0.02871602773666382
chr7:5529331:G:C	Pathogenic	coding	0.14672571420669556	0.01954282820224762	0.05792732536792755	0.01182238757610321
chr7:5529383:C:T	Pathogenic	coding	0.14647704362869263	0.032885193824768066	0.03604525327682495	0.05487394332885742
chr7:5529397:C:T	Pathogenic	coding	0.027471721172332764	0.04895740747451782	0.08908349275588989	0.09655308723449707
chr7:5529404:G:A	Benign	noncoding	0.013406336307525635	0.023349732160568237	0.019445419311523438	0.11917948722839355
chr7:5529407:A:T	Benign	noncoding	0.013839662075042725	0.045042186975479126	0.0426906943321228	0.09192872047424316
chr7:5529792:G:C	Benign	noncoding	0.035399869084358215	0.12776422500610352	0.09118962287902832	0.14629137516021729
chr7:5712801:C:T	Benign	coding	0.13227632641792297	0.07834827899932861	0.01754283905029297	0.0283844955265522
chr7:5712876:G:A	Benign	noncoding	0.23757308721542358	0.022091269493103027	0.009022653102874756	0.06946945190429688
chr7:6026975:A:G	Benign	noncoding	0.0569462776184082	0.061393290758132935	0.03963780403137207	0.05391263961791992
chr7:6038600:C:T	Benign	coding	0.19676434993743896	0.12487265467643738	0.03216853737831116	0.08010819554328918
chr7:6038617:A:G	Benign	coding	0.273993581533432	0.10878884792327881	0.02633225917816162	0.11233040690422058
chr7:6041055:A:T	Benign	coding	0.07070553302764893	0.06790538132190704	0.027257323265075684	0.049106210470199585
chr7:6466190:T:C	Pathogenic	coding	0.09530985355377197	0.06879597902297974	0.042193859815597534	0.24121825397014618
chr7:6466270:T:C	Benign	coding	0.04927855730056763	0.13333886861801147	0.08075618743896484	0.11887243390083313
chr7:6466315:C:T	Pathogenic	noncoding	0.1137443482875824	0.1633356660604477	0.04010409116744995	0.4009804427623749
chr7:6484045:G:A	Pathogenic	coding	0.10390961170196533	0.02211606502532959	0.022119730710983276	0.2163187563419342
chr7:10938857:C:A	Pathogenic	other	0.027547776699066162	0.048412203788757324	0.039872825145721436	0.2915811240673065
chr7:10938897:C:T	Pathogenic	noncoding	0.13829278945922852	0.04762750864028931	0.014557480812072754	0.022004425525665283
chr7:10940015:C:G	Pathogenic	noncoding	0.09885656833648682	0.04268106818199158	0.11210417747497559	0.9643999934196472
chr7:10940070:G:A	Benign	noncoding	0.05404996871948242	0.0922393798828125	0.0257987380027771	0.037045687437057495
chr7:16406048:A:T	Benign	noncoding	0.029945969581604004	0.04104959964752197	0.02245098352432251	0.04147899150848389
chr7:16406129:C:T	Pathogenic	coding	0.050676822662353516	0.1144847571849823	0.11735334992408752	0.10851883888244629
chr7:22822694:G:A	Pathogenic	coding	0.023690462112426758	0.044860899448394775	0.02444356679916382	0.08253523707389832
chr7:22945152:C:T	Benign	noncoding	0.0329575315117836	0.03339679539203644	0.07755708694458008	0.01475498080253601
chr7:22945153:A:C	Benign	noncoding	0.026395723223686218	0.028998658061027527	0.06649158895015717	0.039524808526039124
chr7:22945154:G:A	Benign	noncoding	0.049850404262542725	0.07110850512981415	0.013613924384117126	0.04784625768661499
chr7:22945205:T:C	Benign	noncoding	0.009739577770233154	0.03780311346054077	0.06856778264045715	0.011465668678283691
chr7:26192512:A:C	Benign	noncoding	0.006572827696800232	0.06135602295398712	0.084737628698349	0.08805277943611145
chr7:26193569:T:C	Benign	noncoding	0.16250061988830566	0.04345184564590454	0.02734506130218506	0.013260364532470703
chr7:26195724:C:A	Benign	noncoding	0.1253552883863449	0.1395677626132965	0.09079307317733765	0.1298069953918457
chr7:26197336:T:C	Benign	coding	0.030120015144348145	0.0371687114238739	0.030709922313690186	0.08594930171966553
chr7:30601179:T:C	Pathogenic	coding	0.16373026371002197	0.07882416248321533	0.04547107219696045	0.4577673077583313
chr7:30621448:A:G	Pathogenic	coding	0.07689830660820007	0.2132507562637329	0.024579226970672607	0.0811007022857666
chr7:30621495:G:T	Pathogenic	other	0.10811805725097656	0.10749039053916931	0.06450271606445312	0.7223632335662842
chr7:30631471:T:C	Benign	coding	0.029047667980194092	0.014355719089508057	0.01248633861541748	0.01986098289489746
chr7:30633933:A:G	Benign	noncoding	0.09876400232315063	0.18384549021720886	0.07459932565689087	0.25347012281417847
chr7:40045991:G:A	Pathogenic	coding	0.07081782817840576	0.18807440996170044	0.050456345081329346	0.2471907138824463
chr7:40045993:T:A	Pathogenic	coding	0.2912997305393219	0.08938968181610107	0.018109500408172607	0.11750397086143494
chr7:40045993:T:G	Pathogenic	coding	0.18210721015930176	0.04315185546875	0.028467416763305664	0.18593811988830566
chr7:42923394:T:C	Benign	coding	0.019384324550628662	0.0363081693649292	0.02266871929168701	0.44331976771354675
chr7:43807235:A:G	Benign	coding	0.22188173234462738	0.05788987874984741	0.031719714403152466	0.14899230003356934
chr7:44117253:G:A	Benign	noncoding	0.054279327392578125	0.02802307903766632	0.05014753341674805	0.026484578847885132
chr7:44624574:C:T	Benign	noncoding	0.03300285339355469	0.00252377986907959	0.019862115383148193	0.09891346096992493
chr7:75986787:G:A	Benign	noncoding	0.03331334888935089	0.021307095885276794	0.056442052125930786	0.06142571568489075
chr7:76054872:G:A	Pathogenic	coding	0.08687084913253784	0.09082958102226257	0.006646692752838135	0.6008188724517822
chr7:76054901:C:T	Benign	coding	0.13794678449630737	0.07035937905311584	0.014452815055847168	0.5636634230613708
chr7:76054955:G:A	Benign	coding	0.08906811475753784	0.10446448624134064	0.021457016468048096	0.23289865255355835
chr7:76060498:G:A	Benign	coding	0.16449451446533203	0.060648322105407715	0.06703084707260132	0.7843039035797119
chr7:76063494:G:T	Benign	noncoding	0.050936102867126465	0.06682929396629333	0.035592228174209595	0.3082417845726013
chr7:76063530:C:T	Pathogenic	other	0.11672350764274597	0.13230514526367188	0.05383038520812988	0.5087589025497437
chr7:76063579:C:T	Pathogenic	coding	0.059233829379081726	0.058003395795822144	0.04712092876434326	0.020460963249206543
chr7:76063601:A:C	Benign	noncoding	0.06101799011230469	0.06971326470375061	0.01097559928894043	0.11278045177459717
chr7:76063609:C:T	Benign	noncoding	0.08333136141300201	0.11081254482269287	0.028379738330841064	0.0420801043510437
chr7:76066590:A:G	Benign	noncoding	0.047348424792289734	0.07475453615188599	0.06312626600265503	0.1592589020729065
chr7:76330119:G:A	Pathogenic	other	0.22418519854545593	0.10029584169387817	0.030471622943878174	0.8850204944610596
chr7:77627396:A:G	Benign	coding	0.04904681444168091	0.05190962553024292	0.14325639605522156	0.17816448211669922
chr7:88206370:A:G	Benign	noncoding	0.1165381669998169	0.10201287269592285	0.18176066875457764	0.30911698937416077
chr7:88210926:C:T	Pathogenic	noncoding	0.11212319135665894	0.1535026729106903	0.013963162899017334	0.3031439781188965
chr7:88210948:T:C	Benign	noncoding	0.05640310049057007	0.10180720686912537	0.02054738998413086	0.047740817070007324
chr7:91941082:G:T	Benign	noncoding	0.07012301683425903	0.13147872686386108	0.19034016132354736	0.14063477516174316
chr7:92089696:G:A	Benign	noncoding	0.11670532822608948	0.11908954381942749	0.04762685298919678	0.2293711006641388
chr7:92234841:C:T	Pathogenic	other	0.04613800346851349	0.04187119007110596	0.05519217252731323	0.17598895728588104
chr7:92234871:G:C	Pathogenic	other	0.20595192909240723	0.27342233061790466	0.10579001903533936	0.1487642228603363
chr7:92234873:G:C	Pathogenic	other	0.1259165108203888	0.053573787212371826	0.1042025089263916	0.22867220640182495
chr7:92234924:C:T	Pathogenic	noncoding	0.06211584806442261	0.05910658836364746	0.12768885493278503	0.5010955333709717
chr7:92234925:T:C	Pathogenic	noncoding	0.026613369584083557	0.034625470638275146	0.10858160257339478	0.30806389451026917
chr7:92456449:C:T	Benign	coding	0.04681387543678284	0.2597215473651886	0.11220836639404297	0.182600200176239
chr7:92503105:A:T	Pathogenic	other	0.040795743465423584	0.07495614886283875	0.043630123138427734	0.4209546744823456
chr7:96184519:C:T	Benign	noncoding	0.03916943073272705	0.007307952269911766	0.03666812181472778	0.017676830291748047
chr7:97853059:C:T	Pathogenic	noncoding	0.04693305492401123	0.08494102954864502	0.04756179451942444	0.5191851854324341
chr7:97853062:G:A	Pathogenic	other	0.030662894248962402	0.2943176031112671	0.06652051210403442	0.5303118824958801
chr7:97853109:G:T	Pathogenic	other	0.1238870620727539	0.21523147821426392	0.022653639316558838	0.7033325433731079
chr7:97864352:T:A	Pathogenic	other	0.05156618356704712	0.03349512815475464	0.03585696220397949	0.7498588562011719
chr7:97869139:C:T	Benign	coding	0.031526461243629456	0.034961581230163574	0.031826913356781006	0.1820492148399353
chr7:97869154:C:A	Pathogenic	coding	0.09247753024101257	0.1274557113647461	0.08808105438947678	0.08228659629821777
chr7:97869154:C:T	Pathogenic	coding	0.12988562881946564	0.046827733516693115	0.03339552879333496	0.14280807971954346
chr7:98282388:C:T	Benign	coding	0.09636229276657104	0.03154003620147705	0.035952866077423096	0.11833715438842773
chr7:98933420:C:T	Benign	noncoding	0.11374098062515259	0.08140254020690918	0.023547649383544922	0.06856060028076172
chr7:99011067:C:T	Benign	coding	0.06187450885772705	0.04862584173679352	0.030815839767456055	0.03727191686630249
chr7:99388043:C:T	Benign	coding	0.1520930826663971	0.056139588356018066	0.04467782378196716	0.10714411735534668
chr7:99388100:C:A	Pathogenic	other	0.1498742401599884	0.1299443244934082	0.04553905129432678	0.0932077169418335
chr7:99390938:C:T	Benign	coding	0.09210467338562012	0.08397966623306274	0.05433085560798645	0.04325300455093384
chr7:99396696:A:G	Benign	coding	0.037701547145843506	0.05696767568588257	0.007491171360015869	0.00031560659408569336
chr7:100096124:C:T	Benign	coding	0.05820512771606445	0.0317043662071228	0.02491411566734314	0.04545760154724121
chr7:100099339:C:T	Benign	coding	0.1299562007188797	0.08727380633354187	0.0022012293338775635	0.05048184096813202
chr7:100099732:G:A	Pathogenic	noncoding	0.09278655052185059	0.18166616559028625	0.11676311492919922	0.43965989351272583
chr7:100107173:A:T	Benign	noncoding	0.01520460844039917	0.03324681520462036	0.134453684091568	0.19952154159545898
chr7:100107204:A:G	Benign	noncoding	0.03406667709350586	0.08788764476776123	0.13054990768432617	0.05695939064025879
chr7:100107474:A:G	Benign	coding	0.05386918783187866	0.13303685188293457	0.016777515411376953	0.1690044105052948
chr7:100630973:G:A	Pathogenic	other	0.05975642800331116	0.10415476560592651	0.018925726413726807	0.15172094106674194
chr7:100678183:G:A	Benign	coding	0.02506202459335327	0.05508244037628174	0.018343091011047363	0.026809394359588623
chr7:100678732:C:T	Benign	coding	0.0698794424533844	0.04332716763019562	0.032150059938430786	0.05829983949661255
chr7:100884097:G:A	Benign	coding	0.044605135917663574	0.16499119997024536	0.026267141103744507	0.02053806185722351
chr7:100884905:C:G	Benign	noncoding	0.14210689067840576	0.05895274877548218	0.0064293742179870605	0.0004812479019165039
chr7:100884916:C:T	Benign	noncoding	0.10615193843841553	0.059586942195892334	0.013213276863098145	0.0024707913398742676
chr7:101137803:T:C	Benign	coding	0.09466537833213806	0.07374794781208038	0.06139552593231201	0.2523297071456909
chr7:101160859:C:T	Benign	noncoding	0.03731207549571991	0.03656988590955734	0.021422594785690308	0.034242190420627594
chr7:101206389:C:T	Benign	coding	0.09510728716850281	0.03294298052787781	0.014250636100769043	0.4422091841697693
chr7:101210526:G:A	Benign	noncoding	0.18953722715377808	0.04397347569465637	0.05035167932510376	0.008615493774414062
chr7:101210540:G:A	Pathogenic	other	0.22806337475776672	0.05476945638656616	0.03611189126968384	0.08967137336730957
chr7:101210580:G:C	Benign	coding	0.23037898540496826	0.06116616725921631	0.041676998138427734	0.05140888690948486
chr7:101210630:G:C	Benign	coding	0.018582642078399658	0.0673416256904602	0.03484624624252319	0.06939548254013062
chr7:103298572:T:C	Benign	coding	0.39102697372436523	0.11100500822067261	0.045859187841415405	0.11915117502212524
chr7:103303908:G:A	Pathogenic	coding	0.04805201292037964	0.07573181390762329	0.04524625837802887	0.06991954147815704
chr7:103303912:A:T	Benign	coding	0.10608983039855957	0.21513691544532776	0.0463888943195343	0.0985342264175415
chr7:103303914:T:G	Pathogenic	coding	0.01959127187728882	0.09257155656814575	0.05161038041114807	0.019985437393188477
chr7:103316937:T:C	Benign	coding	0.12772691249847412	0.05564522743225098	0.008983254432678223	0.0430854856967926
chr7:103472249:G:T	Benign	noncoding	0.021106421947479248	0.03182399272918701	0.02972722053527832	0.06357723474502563
chr7:103472661:A:G	Benign	noncoding	0.11775153875350952	0.11390727758407593	0.036972641944885254	0.06809946149587631
chr7:103472745:C:T	Benign	noncoding	0.16624575853347778	0.10904848575592041	0.050839006900787354	0.5505561232566833
chr7:103482887:A:G	Benign	coding	0.04031863808631897	0.06920415163040161	0.027016907930374146	0.0072562433779239655
chr7:103490747:C:T	Pathogenic	coding	0.198332279920578	0.04408055543899536	0.012532055377960205	0.027325928211212158
chr7:103490839:C:A	Benign	noncoding	0.14213043451309204	0.04932355880737305	0.016674518585205078	0.1658627837896347
chr7:103497928:T:C	Pathogenic	noncoding	0.01795905828475952	0.07944431900978088	0.019372284412384033	0.7166144251823425
chr7:103498070:C:G	Benign	noncoding	0.046225011348724365	0.08905583620071411	0.06657713651657104	0.20813250541687012
chr7:103498087:G:A	Pathogenic	other	0.021579504013061523	0.1640808880329132	0.07502114772796631	0.36486953496932983
chr7:103498121:A:G	Benign	coding	0.055502355098724365	0.0609440803527832	0.07919186353683472	0.0232885479927063
chr7:103510989:T:C	Benign	coding	0.16047799587249756	0.020476460456848145	0.04406172037124634	0.11737990379333496
chr7:103515417:A:G	Benign	coding	0.05650600790977478	0.008255422115325928	0.02536219358444214	0.18731558322906494
chr7:103539199:G:A	Benign	coding	0.0868801474571228	0.11074072122573853	0.06738510727882385	0.24247217178344727
chr7:103540340:C:A	Pathogenic	other	0.05214768648147583	0.1700446605682373	0.10748901963233948	0.8512439727783203
chr7:103545183:G:T	Pathogenic	other	0.05135297775268555	0.007234692573547363	0.02000218629837036	0.034345030784606934
chr7:103556983:T:C	Pathogenic	coding	0.15942750871181488	0.18168994784355164	0.049883946776390076	0.0005512833595275879
chr7:103574235:C:T	Benign	coding	0.035930097103118896	0.04197591543197632	0.048867255449295044	0.1079607903957367
chr7:103610714:G:A	Benign	coding	0.06186726689338684	0.2769312858581543	0.05520018935203552	0.3810878396034241
chr7:103610714:G:C	Benign	coding	0.10661226511001587	0.05206245183944702	0.14092117547988892	0.29050785303115845
chr7:103629999:C:T	Benign	coding	0.07102715969085693	0.07962551712989807	0.03187808394432068	0.030318990349769592
chr7:103630001:G:A	Pathogenic	other	0.061385855078697205	0.08732438087463379	0.020125925540924072	0.010700028389692307
chr7:103635498:G:T	Pathogenic	coding	0.05461364984512329	0.09370863437652588	0.016605526208877563	0.5524328351020813
chr7:103635520:C:T	Benign	coding	0.04148775339126587	0.02481985092163086	0.06113359332084656	0.02412879467010498
chr7:103651665:T:G	Benign	coding	0.08091551065444946	0.1253933608531952	0.03061598539352417	0.022637605667114258
chr7:103651729:G:A	Benign	coding	0.05286508798599243	0.07459002733230591	0.020801305770874023	0.07596397399902344
chr7:103651747:G:A	Benign	coding	0.026982486248016357	0.041294753551483154	0.006996631622314453	0.01688241958618164
chr7:103652718:C:T	Benign	coding	0.1269693672657013	0.05902111530303955	0.08695811033248901	0.09471535682678223
chr7:103652720:G:A	Pathogenic	other	0.09940159320831299	0.04852104187011719	0.045228540897369385	0.0711260437965393
chr7:103989153:G:C	Pathogenic	other	0.08520841598510742	0.0671701431274414	0.07087782025337219	0.9781460762023926
chr7:105102105:G:T	Pathogenic	other	0.15215522050857544	0.18900108337402344	0.10694491863250732	0.8468226790428162
chr7:105102195:G:A	Pathogenic	noncoding	0.035275787115097046	0.03242683410644531	0.037160784006118774	0.8848789930343628
chr7:105106690:C:T	Benign	coding	0.057224392890930176	0.0664161890745163	0.017078667879104614	0.02078113704919815
chr7:105106782:T:A	Benign	noncoding	0.00894629955291748	0.014002405107021332	0.013470068573951721	0.04503647983074188
chr7:105110540:C:G	Pathogenic	other	0.09009277820587158	0.1669737994670868	0.06697413325309753	0.1745772361755371
chr7:105110597:T:C	Benign	coding	0.06946796178817749	0.17028474807739258	0.045428842306137085	0.10606628656387329
chr7:105110620:C:T	Benign	noncoding	0.10316735506057739	0.1213383674621582	0.0831851214170456	0.12351983785629272
chr7:105110840:C:T	Benign	coding	0.09798687696456909	0.03094509243965149	0.07942155003547668	0.0740896463394165
chr7:105110863:A:G	Benign	coding	0.05441141128540039	0.045148640871047974	0.11616599559783936	0.04177464544773102
chr7:105111868:A:G	Benign	coding	0.05970810353755951	0.10137420892715454	0.024418681859970093	0.09866487979888916
chr7:105113012:G:A	Benign	coding	0.025339782238006592	0.03438746929168701	0.02644336223602295	0.11855387687683105
chr7:105113036:G:A	Benign	coding	0.030044138431549072	0.04234111309051514	0.024278759956359863	0.1146816611289978
chr7:105113111:T:C	Benign	coding	0.11557990312576294	0.11936593055725098	0.05028459429740906	0.09434157609939575
chr7:105113231:A:G	Benign	coding	0.05359598994255066	0.05619549751281738	0.0470808744430542	0.0685918927192688
chr7:105550262:T:C	Pathogenic	coding	0.1216130256652832	0.09084457159042358	0.030617594718933105	0.04987889528274536
chr7:105550264:G:T	Pathogenic	other	0.11029046773910522	0.0993446409702301	0.022059082984924316	0.04533591866493225
chr7:107044982:C:A	Benign	coding	0.07620075345039368	0.005871571600437164	0.046185821294784546	0.03735503554344177
chr7:107169848:G:C	Benign	noncoding	0.06979215145111084	0.23290497064590454	0.058139145374298096	0.16350626945495605
chr7:107527288:G:A	Pathogenic	noncoding	0.13611045479774475	0.09656405448913574	0.1302732229232788	0.3736162483692169
chr7:107915598:A:G	Benign	coding	0.07962355017662048	0.06718218326568604	0.04774734377861023	0.13289222121238708
chr7:107919031:G:T	Pathogenic	other	0.02324533462524414	0.2428903877735138	0.030594706535339355	0.21886861324310303
chr7:107919079:A:G	Pathogenic	coding	0.10074728727340698	0.09392949938774109	0.029610514640808105	0.2964504063129425
chr7:107919110:A:G	Benign	noncoding	0.1651015281677246	0.19340300559997559	0.0627146065235138	0.057786792516708374
chr7:107919466:G:A	Benign	noncoding	0.046678006649017334	0.05710843205451965	0.046250760555267334	0.04553300142288208
chr7:107919746:C:T	Benign	noncoding	0.19428300857543945	0.05796021223068237	0.06651094555854797	0.2595791220664978
chr7:107924065:G:A	Benign	coding	0.040834128856658936	0.06101088225841522	0.02487128973007202	0.010104775428771973
chr7:107953544:T:C	Benign	coding	0.03594505786895752	0.034625619649887085	0.040750354528427124	0.3929809331893921
chr7:107986325:G:A	Benign	coding	0.021209724247455597	0.03586810827255249	0.07322895526885986	0.11288964748382568
chr7:108573088:G:A	Benign	coding	0.1502411961555481	0.04205133020877838	0.1134478747844696	0.03714495897293091
chr7:112472224:G:A	Benign	coding	0.07599160075187683	0.16967082023620605	0.012067973613739014	0.04032301902770996
chr7:118188313:G:A	Benign	coding	0.09848944842815399	0.09495484828948975	0.0193789005279541	0.22471530735492706
chr7:121142024:T:A	Benign	coding	0.5211173892021179	0.5614838004112244	0.20391707122325897	0.017252270132303238
chr7:121267212:C:A	Benign	noncoding	0.13976016640663147	0.10610294342041016	0.0434039831161499	0.6032437682151794
chr7:121271408:A:C	Benign	coding	0.032856911420822144	0.06996746361255646	0.02278420329093933	0.2795009911060333
chr7:124823983:T:G	Benign	coding	0.03992864489555359	0.07139134407043457	0.03059852123260498	0.27291327714920044
chr7:124823998:C:G	Pathogenic	coding	0.1184316873550415	0.14014875888824463	0.2718077003955841	0.18018421530723572
chr7:124842844:G:A	Pathogenic	other	0.03966569900512695	0.26608386635780334	0.041417479515075684	0.31282562017440796
chr7:124842856:T:A	Pathogenic	other	0.04493972659111023	0.09628137946128845	0.03381747007369995	0.19518783688545227
chr7:124842898:G:A	Pathogenic	other	0.09091201424598694	0.14552949368953705	0.07177746295928955	0.06572550535202026
chr7:124842940:C:A	Pathogenic	other	0.21366876363754272	0.033307790756225586	0.1853189468383789	0.5237462520599365
chr7:124842944:A:C	Pathogenic	other	0.037662386894226074	0.140902578830719	0.0725102424621582	0.09357743710279465
chr7:124842949:G:A	Pathogenic	other	0.13579797744750977	0.07349872589111328	0.04451411962509155	0.42131686210632324
chr7:124870946:T:A	Pathogenic	noncoding	0.10277563333511353	0.07126796245574951	0.04605990648269653	0.21944311261177063
chr7:124870947:A:T	Pathogenic	noncoding	0.19068092107772827	0.0723198652267456	0.031288206577301025	0.21996837854385376
chr7:128029531:T:C	Benign	coding	0.07319974899291992	0.0715513527393341	0.035330966114997864	0.06691566109657288
chr7:128029804:A:T	Benign	coding	0.125459223985672	0.11621290445327759	0.10422056913375854	0.043785035610198975
chr7:128074564:C:T	Benign	coding	0.0730283260345459	0.06222355365753174	0.0893891453742981	0.058176279067993164
chr7:128330896:A:G	Pathogenic	coding	0.11246967315673828	0.042864978313446045	0.016695022583007812	0.09918726980686188
chr7:128840955:G:T	Pathogenic	other	0.03975898027420044	0.023213326930999756	0.007309317588806152	0.10062211751937866
chr7:128840982:G:A	Benign	noncoding	0.05569535493850708	0.09795325994491577	0.014129996299743652	0.023904621601104736
chr7:128841142:T:C	Benign	noncoding	0.07983636856079102	0.10434117913246155	0.019776463508605957	0.07814991474151611
chr7:128841193:C:T	Pathogenic	other	0.05132395029067993	0.10488313436508179	0.01613345742225647	0.24260371923446655
chr7:128841492:C:T	Benign	coding	0.23812684416770935	0.05987459421157837	0.05228161811828613	0.0705491229891777
chr7:128841511:G:T	Pathogenic	other	0.31200116872787476	0.06920447945594788	0.027775198221206665	0.1857779324054718
chr7:128841565:C:T	Pathogenic	other	0.04436945915222168	0.03136122226715088	0.05839762091636658	0.25653231143951416
chr7:139284067:G:A	Benign	coding	0.09829914569854736	0.03394806385040283	0.009981036186218262	0.015597879886627197
chr7:139293933:A:G	Benign	coding	0.03762000799179077	0.05498456954956055	0.013752639293670654	0.049373626708984375
chr7:140734796:A:G	Benign	noncoding	0.012869656085968018	0.00010973215103149414	0.0005997419357299805	0.012658476829528809
chr7:140783108:T:C	Benign	coding	0.050516244024038315	0.08796381950378418	0.045350492000579834	0.1004934012889862
chr7:140800278:T:C	Benign	noncoding	0.0636242926120758	0.19865846633911133	0.06444564461708069	0.13084840774536133
chr7:140800310:A:G	Benign	noncoding	0.25604093074798584	0.230146586894989	0.032304733991622925	0.3634951710700989
chr7:140800335:C:T	Benign	noncoding	0.08366790413856506	0.09864622354507446	0.1254269778728485	0.08873200416564941
chr7:140800366:T:C	Benign	coding	0.09450402855873108	0.05010706186294556	0.027562081813812256	0.06655825674533844
chr7:140800374:G:A	Benign	coding	0.025486677885055542	0.06609159708023071	0.05991554260253906	0.09468472003936768
chr7:140834738:A:C	Benign	coding	0.503491997718811	0.037223875522613525	0.04200106859207153	0.03479212522506714
chr7:141750329:G:A	Pathogenic	coding	0.028460979461669922	0.04060256481170654	0.042539745569229126	0.0636364221572876
chr7:148811682:C:T	Benign	coding	0.08218657970428467	0.025708436965942383	0.013309501111507416	0.019889958202838898
chr7:148811696:C:T	Pathogenic	coding	0.04287123680114746	0.019013486802577972	0.03860193490982056	0.0989568829536438
chr7:148811741:A:G	Benign	noncoding	0.03515373170375824	0.07072252035140991	0.046380817890167236	0.049282848834991455
chr7:148815559:A:G	Benign	noncoding	0.21107372641563416	0.050991132855415344	0.149058997631073	0.12339669466018677
chr7:148816737:T:C	Benign	coding	0.0051953233778476715	0.17672470211982727	0.20602445304393768	0.11828160285949707
chr7:148818100:A:G	Benign	coding	0.19808554649353027	0.2115234136581421	0.15509265661239624	0.006708264350891113
chr7:148827145:C:G	Benign	noncoding	0.11646527051925659	0.062455758452415466	0.02306044101715088	0.2980262339115143
chr7:149012261:G:A	Benign	coding	0.005160331726074219	0.0442032516002655	0.039770931005477905	0.09085673093795776
chr7:150946876:C:T	Pathogenic	noncoding	0.05267530679702759	0.07527786493301392	0.01170891523361206	0.14317792654037476
chr7:150946991:C:T	Benign	coding	0.01898154616355896	0.061568498611450195	0.01972067356109619	0.1623024344444275
chr7:150946999:G:A	Pathogenic	other	0.06051892042160034	0.02010965347290039	0.050994813442230225	0.755949854850769
chr7:150948412:G:C	Benign	noncoding	0.036001622676849365	0.033000648021698	0.035393714904785156	0.1523614227771759
chr7:150949031:C:G	Pathogenic	coding	0.02537912130355835	0.11346948146820068	0.019577234983444214	0.10104048252105713
chr7:150949110:A:G	Benign	noncoding	0.127456933259964	0.07009288668632507	0.03350704908370972	0.1599579155445099
chr7:150949815:A:G	Benign	noncoding	0.07143294811248779	0.12280780076980591	0.06547920405864716	0.08295062184333801
chr7:150949840:G:A	Benign	noncoding	0.06467726826667786	0.04534482955932617	0.12730401754379272	0.05746346712112427
chr7:151076168:C:T	Benign	coding	0.051201969385147095	0.10785859823226929	0.012005150318145752	0.017437398433685303
chr7:151076298:C:T	Benign	coding	0.13882708549499512	0.041503190994262695	0.054975152015686035	0.0011783838272094727
chr7:152154091:C:T	Benign	coding	0.17411398887634277	0.11174917221069336	0.016804508864879608	0.08985590934753418
chr7:152156333:C:T	Benign	coding	0.10871922969818115	0.040645211935043335	0.027279555797576904	0.017010629177093506
chr7:152162770:T:C	Benign	coding	0.035029321908950806	0.042097628116607666	0.0950390100479126	0.029919564723968506
chr7:152162804:C:A	Benign	coding	0.07196196913719177	0.05643543601036072	0.12301778793334961	0.09206879138946533
chr7:152162814:G:A	Benign	coding	0.03264041244983673	0.013001002371311188	0.07798361778259277	0.21371427178382874
chr7:152162865:C:T	Benign	coding	0.1064596176147461	0.04945486783981323	0.07146167755126953	0.08800959587097168
chr7:152162930:C:T	Benign	coding	0.10789299011230469	0.026371747255325317	0.04793691635131836	0.04771799594163895
chr7:152176405:T:C	Benign	coding	0.08704602718353271	0.07068747282028198	0.03094726800918579	0.09371113777160645
chr7:152176483:G:A	Benign	coding	0.0778321623802185	0.016325414180755615	0.015304416418075562	0.16004866361618042
chr7:152181320:G:A	Benign	coding	0.11591553688049316	0.04286132752895355	0.07372462749481201	0.08380740880966187
chr7:152181346:C:T	Benign	coding	0.07209360599517822	0.0739547610282898	0.02174907922744751	0.20110946893692017
chr7:152181375:G:A	Benign	coding	0.06561045348644257	0.09259408712387085	0.02452164888381958	0.12203103303909302
chr7:152181394:T:G	Benign	coding	0.05539679527282715	0.039671242237091064	0.03696310520172119	0.09039437770843506
chr7:152181398:G:A	Benign	coding	0.09406012296676636	0.04767853021621704	0.013671278953552246	0.0672416090965271
chr7:152181413:T:C	Benign	coding	0.15625843405723572	0.1426638960838318	0.04322844743728638	0.0759429931640625
chr7:152181461:T:C	Benign	coding	0.07691404223442078	0.1258731186389923	0.02640599012374878	0.05490952730178833
chr7:152181505:G:A	Benign	coding	0.026022017002105713	0.08476215600967407	0.008017003536224365	0.22492113709449768
chr7:152182441:G:A	Pathogenic	other	0.06632906198501587	0.08860009908676147	0.053939223289489746	0.2900172472000122
chr7:152182496:A:G	Benign	coding	0.04974052309989929	0.027869343757629395	0.04762772470712662	0.09115816652774811
chr7:152182499:T:C	Benign	coding	0.025862932205200195	0.09209343791007996	0.05825623869895935	0.04940745234489441
chr7:152182505:T:C	Benign	coding	0.06437081098556519	0.0359574556350708	0.08633491396903992	0.032043248414993286
chr7:152235864:C:A	Benign	coding	0.06308761984109879	0.051264241337776184	0.042932212352752686	0.21029458940029144
chr7:152235876:G:A	Benign	other	0.026775769889354706	0.056030139327049255	0.048869550228118896	0.25044959783554077
chr7:152235948:G:A	Benign	noncoding	0.17826905846595764	0.09083521366119385	0.11820030212402344	0.20955830812454224
chr7:152309999:G:A	Benign	coding	0.0694531798362732	0.05437314510345459	0.0358571857213974	0.09358518570661545
chr7:152310011:T:C	Benign	coding	0.07624097913503647	0.023021146655082703	0.049734413623809814	0.14382240176200867
chr7:152310030:A:G	Benign	coding	0.004610616713762283	0.04251502454280853	0.010609574615955353	0.05244624614715576
chr7:155302843:T:C	Benign	coding	0.04455697536468506	0.17855289578437805	0.0412483811378479	0.058743417263031006
chr7:156683017:T:C	Benign	noncoding	0.1646246314048767	0.18778014183044434	0.052126139402389526	0.16336466372013092
chr7:156683356:C:G	Benign	noncoding	0.009839296340942383	0.004784107208251953	0.05338054895401001	0.014930903911590576
chr7:157416702:C:G	Benign	noncoding	0.1007632315158844	0.38187193870544434	0.06323111057281494	0.08823378384113312
chr7:157416737:A:G	Benign	noncoding	0.0300104022026062	0.09383776783943176	0.04815673828125	0.043718256056308746
chr7:157416797:T:C	Benign	noncoding	0.06124576926231384	0.05068507790565491	0.023753702640533447	0.13422201573848724
chr7:157416824:A:G	Benign	noncoding	0.041250377893447876	0.04458796977996826	0.026518523693084717	0.14070141315460205
chr7:157416857:C:T	Benign	noncoding	0.04978489875793457	0.06308850646018982	0.02575528621673584	0.09488016366958618
chr7:157416874:C:T	Benign	noncoding	0.03400331735610962	0.12756600975990295	0.031843096017837524	0.10493052005767822
chr7:157416885:G:T	Benign	noncoding	0.037361130118370056	0.1282433271408081	0.07757925987243652	0.14104586839675903
chr7:158656652:C:T	Benign	coding	0.10844182968139648	0.07180529832839966	0.01535189151763916	0.048607438802719116
chr7:158683351:G:A	Benign	coding	0.09419097751379013	0.08883213996887207	0.047634512186050415	0.013309478759765625
chr7:158930507:G:C	Benign	coding	0.020056240260601044	0.06709784269332886	0.037201642990112305	0.18673010170459747
chr7:158945920:G:T	Benign	noncoding	0.01075655221939087	0.04123932123184204	0.012406408786773682	0.0443219393491745
chr8:11808828:A:G	Benign	coding	0.06690405309200287	0.06377661228179932	0.04343897104263306	0.038873255252838135
chr8:11808875:C:T	Benign	coding	0.13297009468078613	0.08361583948135376	0.026003628969192505	0.03580290079116821
chr8:11809670:C:T	Benign	coding	0.05325305461883545	0.09489630162715912	0.06470263004302979	0.40837711095809937
chr8:11830288:G:A	Benign	coding	0.11279693245887756	0.016267895698547363	0.029860496520996094	0.04110012948513031
chr8:11831610:G:C	Benign	coding	0.04530972242355347	0.2263844907283783	0.053143441677093506	0.09372955560684204
chr8:11838422:C:G	Benign	coding	0.1975131332874298	0.056250154972076416	0.0478554368019104	0.204135000705719
chr8:11838552:G:A	Benign	coding	0.027344703674316406	0.10008041560649872	0.034369081258773804	0.028412602841854095
chr8:11838606:C:G	Benign	coding	0.08878874778747559	0.0862562358379364	0.05445107817649841	0.08817468583583832
chr8:11847773:G:A	Benign	coding	0.05402863025665283	0.0548321008682251	0.03179728984832764	0.11159056425094604
chr8:11847779:G:A	Benign	coding	0.07953885197639465	0.10038900375366211	0.10257554054260254	0.2392910122871399
chr8:11847833:G:C	Benign	noncoding	0.06372770667076111	0.08472192287445068	0.05496108531951904	0.030055105686187744
chr8:15623185:C:T	Pathogenic	other	0.0671832263469696	0.11422419548034668	0.016667664051055908	0.02575993537902832
chr8:17268259:T:C	Benign	coding	0.03527021408081055	0.01567363739013672	0.015642940998077393	0.15025925636291504
chr8:17274932:A:T	Benign	coding	0.03143429756164551	0.07201528549194336	0.03449258208274841	0.0327075719833374
chr8:17284556:C:T	Benign	coding	0.18385744094848633	0.1642695665359497	0.04502907395362854	0.046859920024871826
chr8:18056461:G:A	Benign	noncoding	0.036622047424316406	0.1095600426197052	0.05715054273605347	0.1487971544265747
chr8:18056602:G:A	Benign	noncoding	0.04787927865982056	0.07695305347442627	0.08619102835655212	0.056630849838256836
chr8:18056608:T:A	Benign	noncoding	0.4791507124900818	0.0752021074295044	0.019317954778671265	0.15424680709838867
chr8:18056608:T:G	Benign	noncoding	0.12883013486862183	0.1612873673439026	0.048839271068573	0.12029778957366943
chr8:18056796:G:C	Benign	noncoding	0.10962772369384766	0.08054924011230469	0.13054928183555603	0.08806580305099487
chr8:18056805:A:G	Benign	noncoding	0.05417171120643616	0.07693612575531006	0.04023224115371704	0.36305078864097595
chr8:18056839:G:A	Benign	noncoding	0.10964357852935791	0.05780595541000366	0.02580845355987549	0.10589899122714996
chr8:18056847:G:C	Benign	noncoding	0.03327810764312744	0.05960777401924133	0.06363338232040405	0.29780882596969604
chr8:18057200:C:T	Benign	noncoding	0.03872786462306976	0.10011462867259979	0.03153347969055176	0.6664327383041382
chr8:18057290:G:A	Benign	noncoding	0.09141424298286438	0.09426432847976685	0.14998430013656616	0.15479367971420288
chr8:18059591:C:A	Pathogenic	other	0.17609763145446777	0.0588076114654541	0.08819180727005005	0.4865356385707855
chr8:18059603:G:A	Pathogenic	other	0.014645516872406006	0.09475463628768921	0.05417478084564209	0.39798158407211304
chr8:18059639:C:A	Pathogenic	other	0.06627094745635986	0.05865466594696045	0.042294859886169434	0.13997048139572144
chr8:18061402:T:C	Pathogenic	coding	0.11559289693832397	0.09047794342041016	0.04098823666572571	0.20014303922653198
chr8:18061418:C:T	Pathogenic	other	0.2765662372112274	0.11181432008743286	0.058054566383361816	0.028613030910491943
chr8:18061425:A:G	Benign	coding	0.04892122745513916	0.03257328271865845	0.06382453441619873	0.0012880563735961914
chr8:18067262:C:A	Pathogenic	other	0.12646621465682983	0.14239287376403809	0.054253995418548584	0.7379761934280396
chr8:18069771:G:T	Benign	noncoding	0.04310443997383118	0.044621020555496216	0.01955866813659668	0.12888997793197632
chr8:18069785:C:T	Benign	noncoding	0.12974649667739868	0.11746519804000854	0.0744897723197937	0.12836401164531708
chr8:18069805:A:T	Pathogenic	coding	0.009278953075408936	0.10113543272018433	0.08812600374221802	0.04274642467498779
chr8:18069812:G:A	Pathogenic	noncoding	0.00964057445526123	0.27049750089645386	0.0808020532131195	0.1565750241279602
chr8:18069818:T:C	Benign	coding	0.010133504867553711	0.03550666570663452	0.06988990306854248	0.0011017918586730957
chr8:18071302:C:T	Benign	coding	0.023900210857391357	0.03854301571846008	0.042650818824768066	0.03873381018638611
chr8:18071331:C:T	Pathogenic	noncoding	0.03157013654708862	0.036608874797821045	0.09008094668388367	0.0808262750506401
chr8:18071339:G:T	Pathogenic	noncoding	0.20244380831718445	0.11303481459617615	0.07540079951286316	0.3200833797454834
chr8:20212278:G:C	Benign	noncoding	0.047651827335357666	0.054630130529403687	0.04772384464740753	0.16295188665390015
chr8:22177929:A:G	Pathogenic	coding	0.13610920310020447	0.043663591146469116	0.041169047355651855	0.008838415145874023
chr8:23571580:G:T	Benign	coding	0.04464519023895264	0.030739061534404755	0.042845308780670166	0.05676814913749695
chr8:26370332:C:T	Benign	coding	0.02915358543395996	0.02710402011871338	0.03636196255683899	0.001019531162455678
chr8:30696489:G:A	Benign	noncoding	0.015944570302963257	0.1523607075214386	0.03776031732559204	0.3573992848396301
chr8:31059364:G:A	Benign	noncoding	0.04947274923324585	0.07794947922229767	0.04854941368103027	0.1957174837589264
chr8:31064406:T:A	Pathogenic	other	0.20640575885772705	0.08552151918411255	0.13009336590766907	0.32833150029182434
chr8:31064454:A:T	Benign	noncoding	0.22916266322135925	0.4377012252807617	0.2609652876853943	0.0818183422088623
chr8:31100890:G:T	Pathogenic	other	0.029414266347885132	0.36715805530548096	0.14294540882110596	0.1436750888824463
chr8:31100895:G:A	Pathogenic	other	0.039696309715509415	0.1418575644493103	0.020176216959953308	0.08329153060913086
chr8:31116579:A:G	Benign	noncoding	0.07471838593482971	0.07274791598320007	0.05328848958015442	0.0662846714258194
chr8:38146352:A:T	Pathogenic	other	0.08354812860488892	0.0920446515083313	0.09309113025665283	0.2541237473487854
chr8:38146435:T:A	Pathogenic	other	0.06627035140991211	0.04105579853057861	0.01535642147064209	0.14807987213134766
chr8:38233190:C:T	Pathogenic	other	0.007121369242668152	0.020718783140182495	0.021796315908432007	0.25155359506607056
chr8:38234507:C:T	Pathogenic	other	0.05030745267868042	0.050876080989837646	0.055323660373687744	0.38043832778930664
chr8:38234517:G:A	Pathogenic	other	0.02315497398376465	0.03708958625793457	0.04501482844352722	0.20639562606811523
chr8:38240346:C:T	Pathogenic	noncoding	0.11331522464752197	0.044138967990875244	0.029236555099487305	0.04180425405502319
chr8:38413515:C:T	Benign	noncoding	0.061198651790618896	0.056539952754974365	0.01110154390335083	0.3586496114730835
chr8:38413562:C:T	Benign	noncoding	0.015764355659484863	0.0665900707244873	0.007262110710144043	0.32261478900909424
chr8:41672964:C:G	Benign	noncoding	0.07178503274917603	0.13285785913467407	0.06381821632385254	0.0918310135602951
chr8:41724485:T:A	Pathogenic	other	0.11167427897453308	0.07264882326126099	0.032079458236694336	0.17864897847175598
chr8:41932020:G:C	Benign	noncoding	0.036479830741882324	0.06639069318771362	0.021740972995758057	0.1761111170053482
chr8:41943951:T:C	Benign	coding	0.05813898146152496	0.08085787296295166	0.04963088035583496	0.10763134062290192
chr8:41943953:G:A	Pathogenic	other	0.1330176293849945	0.10349008440971375	0.06118229031562805	0.12972229719161987
chr8:41943969:T:C	Benign	coding	0.151879221200943	0.065113365650177	0.027545273303985596	0.012028217315673828
chr8:42319645:G:A	Benign	coding	0.017066918313503265	0.04633210599422455	0.10229384899139404	0.14664405584335327
chr8:43123137:G:A	Benign	noncoding	0.035471111536026	0.013230681419372559	0.0927746593952179	0.053616881370544434
chr8:47776870:T:G	Benign	coding	0.1350533366203308	0.07574164867401123	0.023059874773025513	0.07485175132751465
chr8:47779076:G:A	Benign	coding	0.12143957614898682	0.08138960599899292	0.044463902711868286	0.01737099140882492
chr8:47785144:C:T	Benign	coding	0.0440690815448761	0.03282150626182556	0.08495604991912842	0.03455124795436859
chr8:47789159:G:A	Benign	coding	0.06040084362030029	0.324980765581131	0.06051748991012573	0.16470098495483398
chr8:47789188:G:A	Pathogenic	coding	0.03722447156906128	0.21149864792823792	0.12083250284194946	0.09077779948711395
chr8:47807291:G:C	Benign	coding	0.0963621437549591	0.08854442834854126	0.05895256996154785	0.030428007245063782
chr8:47828151:G:A	Benign	noncoding	0.0859130322933197	0.07425862550735474	0.10199862718582153	0.12798148393630981
chr8:47852742:A:G	Benign	coding	0.06441846489906311	0.25829845666885376	0.034925252199172974	0.26647189259529114
chr8:47858855:T:C	Benign	coding	0.08015704154968262	0.03752344846725464	0.05779165029525757	0.166990727186203
chr8:47858903:C:T	Benign	coding	0.036425113677978516	0.11531496047973633	0.04264453053474426	0.07630059123039246
chr8:47882345:C:T	Benign	noncoding	0.07968440651893616	0.1002541184425354	0.04176288843154907	0.050102293491363525
chr8:47890387:C:A	Benign	coding	0.28858810663223267	0.0845109224319458	0.024337083101272583	0.16009777784347534
chr8:47966212:C:T	Benign	coding	0.21355131268501282	0.0658409595489502	0.015932321548461914	0.25733625888824463
chr8:47976849:C:A	Benign	noncoding	0.18718215823173523	0.061656802892684937	0.024257779121398926	0.08099451661109924
chr8:47976926:A:G	Benign	noncoding	0.02534860372543335	0.031823426485061646	0.021984755992889404	0.06384752690792084
chr8:47976975:T:C	Benign	noncoding	0.051513612270355225	0.05059880018234253	0.10958325862884521	0.16686826944351196
chr8:47976992:G:A	Benign	noncoding	0.1813182532787323	0.07565736770629883	0.07904568314552307	0.03884446620941162
chr8:56073858:A:G	Benign	noncoding	0.008944578468799591	0.1258690506219864	0.007528163492679596	0.01030747964978218
chr8:56074162:A:G	Benign	noncoding	0.0777820348739624	0.06533485651016235	0.033570051193237305	0.059798553586006165
chr8:56074170:A:G	Benign	noncoding	0.09005898237228394	0.034039855003356934	0.07600948214530945	0.07687139511108398
chr8:56074178:A:G	Benign	noncoding	0.06304925680160522	0.06863272190093994	0.09501153230667114	0.060014888644218445
chr8:60742036:C:T	Pathogenic	other	0.05521315336227417	0.09855106472969055	0.036282241344451904	0.6126567721366882
chr8:60742045:C:T	Pathogenic	other	0.0837317705154419	0.10297954082489014	0.0745357871055603	0.46103689074516296
chr8:60742047:G:A	Benign	coding	0.10517734289169312	0.1284639835357666	0.05088549852371216	0.014348626136779785
chr8:60742048:C:A	Benign	coding	0.10697299242019653	0.0629274845123291	0.014910995960235596	0.08015817403793335
chr8:60742051:C:T	Pathogenic	other	0.020638585090637207	0.14127284288406372	0.044951409101486206	0.45250454545021057
chr8:60742066:C:T	Pathogenic	other	0.08094456791877747	0.08285462856292725	0.02665749192237854	0.383658766746521
chr8:60742075:C:T	Pathogenic	other	0.14551889896392822	0.061047255992889404	0.025739043951034546	0.4105164110660553
chr8:60742096:C:T	Pathogenic	other	0.05760502815246582	0.041292667388916016	0.027693457901477814	0.3089139461517334
chr8:60742099:G:T	Pathogenic	other	0.22569793462753296	0.04361090064048767	0.02475014328956604	0.4523903727531433
chr8:60742117:A:C	Benign	coding	0.04529179632663727	0.1717936098575592	0.0261077880859375	0.016168639063835144
chr8:60742121:C:A	Pathogenic	other	0.08664745092391968	0.02376643568277359	0.023579105734825134	0.569341778755188
chr8:60742121:C:G	Pathogenic	other	0.07002662867307663	0.04762160778045654	0.07982006669044495	0.5308976173400879
chr8:60742147:C:T	Benign	coding	0.042529940605163574	0.01635364443063736	0.037949174642562866	0.009941279888153076
chr8:60742150:C:T	Pathogenic	other	0.014749318361282349	0.023911938071250916	0.028235159814357758	0.13013941049575806
chr8:60742179:G:A	Benign	coding	0.006823457777500153	0.011430919170379639	0.01823411136865616	0.003986513242125511
chr8:60742393:G:T	Pathogenic	other	0.1254110038280487	0.08690112829208374	0.25276094675064087	0.25146234035491943
chr8:60742427:T:G	Pathogenic	other	0.2009376585483551	0.14876526594161987	0.16908174753189087	0.17380446195602417
chr8:60742443:T:G	Benign	coding	0.18534493446350098	0.11200118064880371	0.09389573335647583	0.04513537883758545
chr8:60742460:C:G	Benign	coding	0.1412968635559082	0.10928231477737427	0.1518215537071228	0.17493921518325806
chr8:60742464:A:G	Benign	coding	0.07625710964202881	0.048401594161987305	0.026021838188171387	0.09426319599151611
chr8:60742473:C:G	Pathogenic	other	0.08422195911407471	0.10081484913825989	0.1151282787322998	0.09403669834136963
chr8:60742476:C:G	Benign	coding	0.09345686435699463	0.04471544921398163	0.1515946388244629	0.22925907373428345
chr8:60742511:G:C	Benign	coding	0.07817584276199341	0.05263221263885498	0.20248964428901672	0.08084434270858765
chr8:60742522:C:T	Pathogenic	other	0.03909116983413696	0.07666492462158203	0.02914738655090332	0.15856194496154785
chr8:60742537:C:T	Benign	coding	0.031408876180648804	0.08677619695663452	0.054628193378448486	0.09085917472839355
chr8:60742555:C:T	Pathogenic	other	0.041715264320373535	0.057625770568847656	0.022974342107772827	0.23048263788223267
chr8:60742987:C:T	Benign	coding	0.06464576721191406	0.024366557598114014	0.028249114751815796	0.10790348052978516
chr8:60743008:C:T	Pathogenic	other	0.02938598394393921	0.018839538097381592	0.02044743299484253	0.3534228503704071
chr8:60743035:C:T	Pathogenic	other	0.03435617685317993	0.03661710023880005	0.00345689058303833	0.04951632022857666
chr8:60743065:C:T	Pathogenic	other	0.10028117895126343	0.05409383773803711	0.016792356967926025	0.04488641023635864
chr8:60743074:C:T	Benign	coding	0.09920558333396912	0.07156729698181152	0.016371071338653564	0.012103021144866943
chr8:60743089:G:T	Benign	coding	0.07574810087680817	0.04528510570526123	0.0477088987827301	0.01002490520477295
chr8:60743095:C:T	Pathogenic	other	0.01280665397644043	0.07083559036254883	0.03281289339065552	0.03169989585876465
chr8:61684121:C:T	Pathogenic	other	0.0780712366104126	0.07916423678398132	0.052432626485824585	0.24520441889762878
chr8:67064774:G:T	Benign	noncoding	0.019176185131072998	0.02639174461364746	0.02760756015777588	0.03793752193450928
chr8:67153928:T:A	Benign	noncoding	0.25458618998527527	0.053078413009643555	0.1209108829498291	0.09590578079223633
chr8:67153929:T:A	Benign	noncoding	0.07077491283416748	0.05141749978065491	0.10008269548416138	0.09101676940917969
chr8:70596318:T:C	Benign	coding	0.13190579414367676	0.07581603527069092	0.049932897090911865	0.342325896024704
chr8:73981586:A:G	Benign	coding	0.12224477529525757	0.09587377309799194	0.04970836639404297	0.04680304229259491
chr8:73981615:C:G	Benign	coding	0.027199208736419678	0.03174349665641785	0.012540936470031738	0.044342100620269775
chr8:73981645:C:T	Benign	noncoding	0.04296661168336868	0.052786558866500854	0.036093831062316895	0.10553333163261414
chr8:73981790:A:G	Benign	noncoding	0.19894126057624817	0.08928456902503967	0.02143251895904541	0.22216001152992249
chr8:81676257:T:C	Benign	coding	0.03995726257562637	0.009855687618255615	0.02569049596786499	0.043661896139383316
chr8:81676288:A:T	Benign	noncoding	0.0017900466918945312	0.03880411386489868	0.013745248317718506	0.03683331236243248
chr8:85328586:C:G	Pathogenic	coding	0.03962928056716919	0.04854005575180054	0.1823304295539856	0.4984146058559418
chr8:85328606:C:T	Pathogenic	coding	0.09422671794891357	0.09901270270347595	0.060809582471847534	0.25730782747268677
chr8:85329771:G:A	Benign	coding	0.0395316481590271	0.05885058641433716	0.017923057079315186	0.02696549892425537
chr8:89935041:C:G	Benign	noncoding	0.27412331104278564	0.040617674589157104	0.07579472661018372	0.0321531817317009
chr8:96231837:C:T	Benign	coding	0.1398206353187561	0.04667958617210388	0.10179132223129272	0.13248592615127563
chr8:96233140:C:G	Benign	noncoding	0.10109984874725342	0.06120365858078003	0.07826334238052368	0.24036264419555664
chr8:96287074:C:G	Benign	coding	0.12530115246772766	0.06689661741256714	0.04801285266876221	0.05777162313461304
chr8:96299674:T:G	Benign	noncoding	0.10630160570144653	0.16540798544883728	0.03856545686721802	0.35963645577430725
chr8:97805403:G:A	Benign	coding	0.02515387535095215	0.0492512583732605	0.02324610948562622	0.034248143434524536
chr8:99170035:T:G	Benign	noncoding	0.12324166297912598	0.14311730861663818	0.12721973657608032	0.10426926612854004
chr8:99192876:G:A	Pathogenic	other	0.056967854499816895	0.14173060655593872	0.07710704207420349	0.14541304111480713
chr8:99192904:G:T	Pathogenic	other	0.028847575187683105	0.04010605812072754	0.1507352888584137	0.2751771807670593
chr8:99192952:C:T	Pathogenic	other	0.06488263607025146	0.026022225618362427	0.025699377059936523	0.2110108733177185
chr8:99192967:C:T	Pathogenic	other	0.052353858947753906	0.03975397348403931	0.02873760461807251	0.3267614245414734
chr8:99192987:G:A	Pathogenic	other	0.06459940969944	0.05802643299102783	0.14938342571258545	0.318134605884552
chr8:99192993:T:C	Benign	coding	0.04693567752838135	0.07253110408782959	0.14111226797103882	0.12629669904708862
chr8:100705064:C:T	Benign	noncoding	0.0764254629611969	0.05930125713348389	0.04555022716522217	0.23582357168197632
chr8:100705591:A:G	Pathogenic	coding	0.11457860469818115	0.1773858666419983	0.07174335420131683	0.5185421109199524
chr8:100709179:T:C	Benign	coding	0.10444340109825134	0.09670808911323547	0.06243085861206055	0.012826204299926758
chr8:100948629:C:T	Benign	coding	0.08812236785888672	0.20460355281829834	0.06059354543685913	0.14119181036949158
chr8:102204540:C:T	Benign	noncoding	0.02268625795841217	0.026677340269088745	0.03627490997314453	0.05628958344459534
chr8:102204578:A:G	Benign	noncoding	0.16468015313148499	0.04496690630912781	0.02889615297317505	0.1628216803073883
chr8:102204606:C:T	Benign	noncoding	0.014848202466964722	0.06545531749725342	0.02460041642189026	0.05298888683319092
chr8:102204670:G:A	Benign	noncoding	0.1195269227027893	0.16957628726959229	0.04381978511810303	0.07281333208084106
chr8:102204738:G:C	Benign	noncoding	0.1339634358882904	0.04403892159461975	0.0253104567527771	0.0398479700088501
chr8:102270190:G:T	Benign	noncoding	0.3248535990715027	0.12547019124031067	0.08898086845874786	0.14635854959487915
chr8:102298925:C:T	Benign	coding	0.08272066712379456	0.05182573199272156	0.16356918215751648	0.10336446762084961
chr8:102346405:A:G	Benign	noncoding	0.19601231813430786	0.032024919986724854	0.07162834703922272	0.003041386604309082
chr8:102651513:G:A	Benign	coding	0.022782742977142334	0.033465951681137085	0.07960924506187439	0.07573670148849487
chr8:115604775:T:C	Benign	coding	0.11121225357055664	0.18622538447380066	0.07026326656341553	0.34141796827316284
chr8:115604789:T:A	Pathogenic	other	0.009480834007263184	0.033999621868133545	0.038467466831207275	0.11814749240875244
chr8:115604801:T:A	Pathogenic	other	0.0733565092086792	0.21039032936096191	0.09629511833190918	0.31965377926826477
chr8:115604805:T:C	Benign	coding	0.08015906810760498	0.04622030258178711	0.12686008214950562	0.07140839099884033
chr8:115604806:G:C	Pathogenic	other	0.1303005814552307	0.06690967082977295	0.06889128684997559	0.4860766530036926
chr8:115604876:G:A	Pathogenic	other	0.0735749900341034	0.039913713932037354	0.00923919677734375	0.6780311465263367
chr8:115604881:A:C	Pathogenic	other	0.06390917301177979	0.0922565758228302	0.09092700481414795	0.165226012468338
chr8:116847640:G:A	Pathogenic	other	0.1633894443511963	0.06057620048522949	0.04271268844604492	0.20601430535316467
chr8:116856264:G:C	Pathogenic	other	0.001575238537043333	0.04584592580795288	0.0037044882774353027	0.07668060064315796
chr8:116866727:C:T	Pathogenic	coding	0.11407603323459625	0.06480515003204346	0.04754281044006348	0.060151636600494385
chr8:124543176:T:C	Pathogenic	coding	0.07863438129425049	0.03600728511810303	0.009999990463256836	0.6362524628639221
chr8:124549814:G:A	Benign	coding	0.10679182410240173	0.08824856579303741	0.01741611957550049	0.06619197130203247
chr8:127738431:C:T	Pathogenic	coding	0.07101660966873169	0.064136803150177	0.0438503623008728	0.16020286083221436
chr8:127738434:A:G	Pathogenic	coding	0.12271648645401001	0.06015419960021973	0.03551280498504639	0.11287957429885864
chr8:140300212:G:C	Benign	noncoding	0.00018399953842163086	0.00016570091247558594	0.008909106254577637	0.0006802082061767578
chr8:140300387:A:G	Benign	noncoding	0.01185472309589386	0.007488742470741272	0.054404258728027344	0.052254170179367065
chr8:140572797:T:C	Benign	noncoding	0.12918347120285034	0.03449821472167969	0.01220029592514038	0.12048722803592682
chr8:143323988:A:G	Benign	noncoding	0.020691871643066406	0.062396883964538574	0.05766791105270386	0.08212614059448242
chr8:143580137:A:G	Pathogenic	coding	0.02572232484817505	0.0735364556312561	0.025502502918243408	0.07416224479675293
chr8:143580165:C:G	Benign	coding	0.06898075342178345	0.05297917127609253	0.04892545938491821	0.07497367262840271
chr8:143580183:G:A	Benign	coding	0.018126726150512695	0.08172029256820679	0.04200249910354614	0.06413683295249939
chr8:143816542:T:C	Pathogenic	coding	0.15978845953941345	0.2190990447998047	0.02423107624053955	0.42549121379852295
chr8:143917037:C:T	Benign	coding	0.1841810643672943	0.06888118386268616	0.016211658716201782	0.05703938007354736
chr8:143926855:C:A	Pathogenic	other	0.19492670893669128	0.06134756654500961	0.03017731010913849	0.24943949282169342
chr8:143926863:T:C	Benign	coding	0.11736845970153809	0.014108389616012573	0.04089966416358948	0.040520548820495605
chr8:143926886:T:C	Benign	noncoding	0.08718588948249817	0.04180006682872772	0.05618968605995178	0.3477022051811218
chr8:143931273:T:C	Benign	noncoding	0.04512232542037964	0.03423762321472168	0.02865457534790039	0.06209295988082886
chr8:143931282:T:C	Benign	noncoding	0.009513020515441895	0.060929298400878906	0.028965115547180176	0.040331482887268066
chr8:143933821:A:G	Benign	noncoding	0.022127985954284668	0.048511654138565063	0.04427194595336914	0.0936601534485817
chr8:143935718:G:A	Benign	noncoding	0.014185100793838501	0.19204476475715637	0.024386107921600342	0.17277073860168457
chr8:143937258:G:C	Benign	noncoding	0.11114025115966797	0.1500335931777954	0.04946941137313843	0.11892920732498169
chr8:143939607:G:A	Benign	noncoding	0.030063867568969727	0.08425801992416382	0.050179898738861084	0.03213624656200409
chr8:143958721:G:A	Benign	noncoding	0.11210152506828308	0.15686985850334167	0.07451710104942322	0.12731879949569702
chr8:144056395:C:A	Benign	coding	0.044666558504104614	0.012519173324108124	0.020701587200164795	0.11027297377586365
chr8:144056447:G:A	Benign	coding	0.07096964120864868	0.04781085252761841	0.034812599420547485	0.06587815284729004
chr8:144085569:A:G	Benign	noncoding	0.09902340173721313	0.14379802346229553	0.033462733030319214	0.14204591512680054
chr8:144085586:C:T	Pathogenic	other	0.06175622344017029	0.06642842292785645	0.046684324741363525	0.31496554613113403
chr8:144317333:C:T	Pathogenic	other	0.03969426453113556	0.04946216940879822	0.008576571941375732	0.02021944522857666
chr8:144318702:C:T	Benign	coding	0.03757333755493164	0.13045841455459595	0.032125771045684814	0.03182680159807205
chr8:144318722:G:A	Pathogenic	other	0.036032140254974365	0.024831116199493408	0.027055948972702026	0.09676539897918701
chr8:144318735:A:G	Benign	coding	0.1381692886352539	0.10213688015937805	0.033499300479888916	0.020927608013153076
chr8:144473927:G:A	Benign	noncoding	0.05169194936752319	0.03762245178222656	0.08514449000358582	0.04431062936782837
chr8:144517703:G:A	Pathogenic	other	0.11989730596542358	0.08107349276542664	0.005006968975067139	0.008793056011199951
chr8:144517712:G:A	Pathogenic	noncoding	0.07288181781768799	0.04967683553695679	0.03289201855659485	0.027272820472717285
chr8:144517730:G:A	Pathogenic	other	0.0616113543510437	0.0362357497215271	0.018870770931243896	0.017136037349700928
chr9:465064:T:C	Benign	noncoding	0.03612864017486572	0.02350008487701416	0.030199885368347168	0.008773207664489746
chr9:465086:C:T	Benign	noncoding	0.062470853328704834	0.016575932502746582	0.0287625789642334	0.012044548988342285
chr9:2161749:C:G	Benign	coding	0.034264326095581055	0.05964091420173645	0.027073442935943604	0.06354229897260666
chr9:2193455:A:G	Benign	noncoding	0.11896663904190063	0.03988301753997803	0.02852630615234375	0.15725451707839966
chr9:2193465:T:C	Benign	noncoding	0.0658913254737854	0.010472536087036133	0.009589433670043945	0.04746049642562866
chr9:2811522:T:A	Benign	coding	0.22729507088661194	0.07333165407180786	0.029675006866455078	0.16198676824569702
chr9:5066786:C:T	Benign	coding	0.05612212419509888	0.0984010100364685	0.022657454013824463	0.21472808718681335
chr9:19376395:A:G	Benign	noncoding	0.12477457523345947	0.07777842879295349	0.03341090679168701	0.18180322647094727
chr9:32986031:C:A	Pathogenic	noncoding	0.06046175956726074	0.23892897367477417	0.20891359448432922	0.746610164642334
chr9:32986042:A:C	Benign	noncoding	0.02192428708076477	0.11540544033050537	0.024304866790771484	0.016224145889282227
chr9:33113495:A:G	Benign	coding	0.01620703935623169	0.07957136631011963	0.02210935950279236	0.21998700499534607
chr9:33135240:G:A	Benign	coding	0.06085079908370972	0.08350402116775513	0.028085917234420776	0.1225089430809021
chr9:33135258:G:C	Pathogenic	other	0.08239001035690308	0.11124169826507568	0.06995809078216553	0.4971848726272583
chr9:33933599:G:T	Benign	coding	0.042685866355895996	0.05301922559738159	0.007322251796722412	0.19734519720077515
chr9:34635601:T:C	Benign	noncoding	0.056310296058654785	0.05329856276512146	0.028272390365600586	0.41858479380607605
chr9:35056679:T:C	Benign	noncoding	0.14838716387748718	0.08909651637077332	0.038965046405792236	0.06404396891593933
chr9:35067903:C:T	Pathogenic	coding	0.10693597793579102	0.09668223559856415	0.015816807746887207	0.006090767681598663
chr9:35067910:G:C	Pathogenic	coding	0.10291475057601929	0.14581656455993652	0.016936659812927246	0.06586605310440063
chr9:35067916:G:A	Pathogenic	coding	0.016739964485168457	0.05815058946609497	0.029612839221954346	0.24065716564655304
chr9:35067922:T:A	Pathogenic	coding	0.17071789503097534	0.057709693908691406	0.016903012990951538	0.127406045794487
chr9:35067927:C:T	Pathogenic	coding	0.04892396926879883	0.09823155403137207	0.03316235542297363	0.005166444927453995
chr9:35075682:G:A	Pathogenic	other	0.06595957279205322	0.03682875633239746	0.05322176218032837	0.44336333870887756
chr9:35690105:A:G	Benign	other	0.12408560514450073	0.14795181155204773	0.041579246520996094	0.03820228576660156
chr9:35738237:C:T	Pathogenic	other	0.01004105806350708	0.031439006328582764	0.03654885292053223	0.0069065093994140625
chr9:36204081:G:A	Benign	coding	0.2231198251247406	0.03135865926742554	0.01857435703277588	0.02149944379925728
chr9:37782041:C:A	Pathogenic	coding	0.07928198575973511	0.05277961492538452	0.01351618766784668	0.07752498984336853
chr9:37782060:A:T	Pathogenic	noncoding	0.01773369312286377	0.10430347919464111	0.03085261583328247	0.46794599294662476
chr9:37782114:C:T	Benign	coding	0.016869723796844482	0.12106642127037048	0.022943437099456787	0.05886790156364441
chr9:69218371:G:T	Benign	noncoding	0.16905897855758667	0.12212920188903809	0.14651283621788025	0.03553956747055054
chr9:69218461:C:T	Benign	noncoding	0.06874701380729675	0.08037608861923218	0.0554778128862381	0.06186026334762573
chr9:73160383:C:T	Benign	noncoding	0.03748190402984619	0.01734033226966858	0.12092024087905884	0.058506742119789124
chr9:77275811:C:T	Benign	noncoding	0.1167096495628357	0.06274294853210449	0.029574960470199585	0.04206991195678711
chr9:77308150:C:T	Benign	noncoding	0.05059701204299927	0.04209643602371216	0.005016982555389404	0.17904123663902283
chr9:78304891:G:A	Benign	coding	0.07512271404266357	0.1461726725101471	0.06681838631629944	0.1477614939212799
chr9:78306336:G:A	Pathogenic	other	0.04766350984573364	0.03298792243003845	0.057266294956207275	0.7726571559906006
chr9:78306360:C:G	Pathogenic	other	0.05985073000192642	0.08409349620342255	0.04912441968917847	0.8499127626419067
chr9:78329508:C:T	Benign	noncoding	0.04470705986022949	0.16271314024925232	0.11091333627700806	0.132752925157547
chr9:78329922:A:G	Benign	noncoding	0.10116499662399292	0.07719582319259644	0.06031215190887451	0.2354363203048706
chr9:83666356:G:A	Benign	coding	0.01345188170671463	0.072165846824646	0.05466961860656738	0.10986614227294922
chr9:83969988:A:G	Benign	noncoding	0.05250874161720276	0.04038727283477783	0.03224104642868042	0.08275401592254639
chr9:83970788:A:G	Benign	coding	0.09397965669631958	0.0685199499130249	0.07449966669082642	0.019292794167995453
chr9:83970839:G:A	Benign	noncoding	0.2294306457042694	0.1234285831451416	0.06797340512275696	0.015887796878814697
chr9:83970896:C:A	Pathogenic	noncoding	0.2062101513147354	0.07551497220993042	0.09967336058616638	0.49593156576156616
chr9:83970914:T:G	Pathogenic	noncoding	0.16090255975723267	0.17122936248779297	0.08870476484298706	0.38695502281188965
chr9:83971263:G:C	Benign	noncoding	0.05870950222015381	0.05640745162963867	0.07359659671783447	0.12140965461730957
chr9:83971266:A:G	Benign	noncoding	0.04735833406448364	0.08417916297912598	0.06552472710609436	0.1469181776046753
chr9:83971303:T:A	Benign	coding	0.017741382122039795	0.04286038875579834	0.04880458116531372	0.03475719690322876
chr9:83971976:G:A	Pathogenic	other	0.137861430644989	0.12028993666172028	0.049498796463012695	0.359663724899292
chr9:83974569:T:G	Benign	coding	0.11909252405166626	0.0901784598827362	0.021665334701538086	0.07275211811065674
chr9:83975518:T:C	Pathogenic	noncoding	0.03932392597198486	0.05258879065513611	0.030118614435195923	0.2419935017824173
chr9:83976988:T:C	Benign	noncoding	0.3282865583896637	0.25911423563957214	0.08771675825119019	0.22669829428195953
chr9:91355976:C:T	Benign	noncoding	0.02469015121459961	0.007321998476982117	0.01773005723953247	0.014724671840667725
chr9:91949649:T:C	Benign	noncoding	0.05240345001220703	0.02627164125442505	0.030918598175048828	0.06775307655334473
chr9:92223355:T:C	Benign	coding	0.03588986396789551	0.05386899411678314	0.018014371395111084	0.04588925838470459
chr9:92223378:A:T	Pathogenic	coding	0.06562662124633789	0.035126328468322754	0.11942669749259949	0.04879885911941528
chr9:92243242:T:C	Pathogenic	coding	0.08000165224075317	0.09267288446426392	0.06413424015045166	0.06131172180175781
chr9:92243255:A:C	Benign	coding	0.08316910266876221	0.07955187559127808	0.041201114654541016	0.04502379894256592
chr9:92243277:G:C	Pathogenic	other	0.021042943000793457	0.10331141948699951	0.06114909052848816	0.2035645842552185
chr9:92253376:G:A	Pathogenic	coding	0.008656024932861328	0.06033897399902344	0.04115991294384003	0.2619985342025757
chr9:92253389:A:T	Pathogenic	noncoding	0.030786514282226562	0.04567849636077881	0.273741215467453	0.31756287813186646
chr9:92253467:A:C	Benign	noncoding	0.1869807243347168	0.14894306659698486	0.13255202770233154	0.2758563458919525
chr9:92268288:C:T	Benign	coding	0.06323912739753723	0.1357848346233368	0.02284744381904602	0.12610673904418945
chr9:92268295:G:A	Pathogenic	coding	0.14676320552825928	0.038156330585479736	0.015531271696090698	0.28877735137939453
chr9:92268307:T:C	Benign	noncoding	0.03243035078048706	0.02694752812385559	0.012217462062835693	0.048046261072158813
chr9:92286592:C:T	Pathogenic	other	0.14074262976646423	0.10798963904380798	0.11827322840690613	0.30908203125
chr9:92286608:C:T	Benign	coding	0.0451488196849823	0.11806273460388184	0.07886883616447449	0.1491965651512146
chr9:92287772:T:C	Benign	noncoding	0.02400296926498413	0.013845562934875488	0.022593021392822266	0.02765369415283203
chr9:92713655:G:A	Benign	noncoding	0.013934701681137085	0.06630858778953552	0.02191886305809021	0.048595041036605835
chr9:92715138:C:T	Benign	noncoding	0.09225420653820038	0.00898030400276184	0.027866601943969727	0.0076505690813064575
chr9:95444488:G:C	Benign	noncoding	0.10558539628982544	0.02485579252243042	0.022848710417747498	0.10504555702209473
chr9:97930048:A:G	Benign	coding	0.2076544463634491	0.08276337385177612	0.02970433235168457	0.09186665713787079
chr9:97930366:G:T	Benign	coding	0.028155148029327393	0.04889163374900818	0.018546879291534424	0.27765747904777527
chr9:98083020:T:C	Benign	coding	0.10536092519760132	0.12197220325469971	0.05250157415866852	0.10660424828529358
chr9:98796327:G:A	Benign	coding	0.042458340525627136	0.026235759258270264	0.03555858135223389	0.058323681354522705
chr9:98834986:A:C	Benign	noncoding	0.10231894254684448	0.025923684239387512	0.126390278339386	0.06021308898925781
chr9:98836768:A:G	Benign	noncoding	0.05857878923416138	0.08360514044761658	0.03514772653579712	0.2799888253211975
chr9:99105173:C:T	Benign	noncoding	0.13871031999588013	0.20144183933734894	0.028501391410827637	0.16308099031448364
chr9:99105220:C:T	Benign	coding	0.08891689777374268	0.10287758708000183	0.09114706516265869	0.04587887227535248
chr9:99149374:A:G	Benign	noncoding	0.06762915849685669	0.06451433897018433	0.035164207220077515	0.17969807982444763
chr9:99151401:T:G	Benign	noncoding	0.01293414831161499	0.020067453384399414	0.014378607273101807	0.04258984327316284
chr9:99218792:C:A	Pathogenic	coding	0.14976078271865845	0.19276085495948792	0.0432761013507843	0.1945602297782898
chr9:99218795:C:T	Benign	coding	0.04249325394630432	0.15785157680511475	0.049716055393218994	0.14439153671264648
chr9:105721598:C:T	Pathogenic	other	0.38956955075263977	0.10493773221969604	0.08641093969345093	0.23437607288360596
chr9:105722572:G:C	Benign	coding	0.022792160511016846	0.022402048110961914	0.09571251273155212	0.05957531929016113
chr9:105722586:G:A	Pathogenic	other	0.01301032304763794	0.02295708656311035	0.07644510269165039	0.03367602825164795
chr9:108918880:C:T	Pathogenic	noncoding	0.051385700702667236	0.03151434659957886	0.15899258852005005	0.10651564598083496
chr9:120403956:G:A	Benign	noncoding	0.05577097833156586	0.029976200312376022	0.05074876546859741	0.1174541711807251
chr9:121190583:C:T	Benign	coding	0.1302281618118286	0.1280268132686615	0.03707435727119446	0.06569889187812805
chr9:124857933:G:A	Benign	coding	0.11186820268630981	0.022932589054107666	0.008916079998016357	0.05440700054168701
chr9:124857945:C:T	Benign	coding	0.25213009119033813	0.0750957727432251	0.012489080429077148	0.015658795833587646
chr9:124858059:C:G	Pathogenic	coding	0.22889748215675354	0.07937467098236084	0.04900529980659485	0.15930914878845215
chr9:124858077:A:G	Benign	noncoding	0.17114141583442688	0.035508811473846436	0.033890485763549805	0.17905163764953613
chr9:125236755:T:A	Benign	coding	0.18335098028182983	0.019539833068847656	0.007688343524932861	0.28583627939224243
chr9:128176371:G:A	Benign	coding	0.07917779684066772	0.09569180011749268	0.028767406940460205	0.011895477771759033
chr9:128176382:C:T	Benign	coding	0.1630564033985138	0.10976830124855042	0.030252903699874878	0.01417522132396698
chr9:128176383:G:A	Benign	coding	0.1616261601448059	0.010425448417663574	0.010528802871704102	0.06357419490814209
chr9:128178842:T:C	Benign	coding	0.06658104062080383	0.17262881994247437	0.01525503396987915	0.0985981822013855
chr9:128178855:G:A	Benign	coding	0.0972558856010437	0.12364378571510315	0.017816603183746338	0.05053353309631348
chr9:128178980:G:T	Benign	coding	0.07303303480148315	0.07433503866195679	0.03140696883201599	0.05762025713920593
chr9:128179008:A:G	Benign	coding	0.04532724618911743	0.09185439348220825	0.03073754906654358	0.1073007583618164
chr9:128179010:C:T	Benign	coding	0.10530665516853333	0.07594731450080872	0.041272491216659546	0.04415404796600342
chr9:128179098:T:C	Benign	coding	0.04135403037071228	0.13885027170181274	0.008027136325836182	0.04823261499404907
chr9:128179132:T:C	Benign	coding	0.07198959589004517	0.07890605926513672	0.04395747184753418	0.06718960404396057
chr9:128179172:C:T	Benign	coding	0.2471330463886261	0.1728721261024475	0.02124887704849243	0.043351173400878906
chr9:128179208:T:C	Benign	coding	0.14239326119422913	0.1345725953578949	0.017609715461730957	0.059010982513427734
chr9:128179278:C:T	Benign	coding	0.11390548944473267	0.1775670051574707	0.02840939164161682	0.311953067779541
chr9:128179337:C:T	Benign	coding	0.1392403244972229	0.14920669794082642	0.023789525032043457	0.25300031900405884
chr9:128180453:A:G	Benign	coding	0.07187202572822571	0.026300489902496338	0.024479687213897705	0.1661701500415802
chr9:128180498:C:T	Benign	coding	0.06731301546096802	0.07326912879943848	0.09679383039474487	0.1038668155670166
chr9:128180510:C:T	Benign	coding	0.07526642084121704	0.0677788257598877	0.07574790716171265	0.06026118993759155
chr9:128180530:T:C	Benign	noncoding	0.12148606777191162	0.15701991319656372	0.01522839069366455	0.389405220746994
chr9:128180540:A:C	Benign	noncoding	0.10758675634860992	0.18300014734268188	0.05159437656402588	0.3392038941383362
chr9:128180703:G:A	Benign	noncoding	0.03712946176528931	0.043436020612716675	0.028511494398117065	0.15616948902606964
chr9:128180708:C:T	Benign	noncoding	0.012305088341236115	0.08921711146831512	0.009555280208587646	0.23805022239685059
chr9:128180748:C:T	Benign	coding	0.03150251507759094	0.041303858160972595	0.017219245433807373	0.06439241766929626
chr9:128180749:G:A	Benign	coding	0.015311211347579956	0.060481175780296326	0.019398391246795654	0.27354997396469116
chr9:128185739:G:A	Benign	coding	0.05031090974807739	0.04662901163101196	0.0036152005195617676	0.08367013931274414
chr9:128190458:G:C	Benign	noncoding	0.09674465656280518	0.026053667068481445	0.016125798225402832	0.0931195616722107
chr9:128190459:G:C	Benign	noncoding	0.054489314556121826	0.023685157299041748	0.022148847579956055	0.09801715612411499
chr9:128222854:G:A	Pathogenic	coding	0.0864858627319336	0.11860239505767822	0.02771449089050293	0.049771904945373535
chr9:128222864:C:T	Benign	noncoding	0.11575675010681152	0.09867143630981445	0.037703901529312134	0.10266220569610596
chr9:128225882:C:T	Benign	noncoding	0.009659796953201294	0.0390663743019104	0.001581341028213501	0.035990968346595764
chr9:128233790:G:A	Benign	noncoding	0.035193249583244324	0.07963104546070099	0.011170953512191772	0.11434772610664368
chr9:128250766:C:T	Benign	coding	0.05887889862060547	0.041305869817733765	0.02145029604434967	0.09006717801094055
chr9:128253000:G:A	Benign	noncoding	0.02629566192626953	0.007810056209564209	0.11778438091278076	0.011470973491668701
chr9:128253050:G:T	Benign	noncoding	0.10326305031776428	0.13223791122436523	0.05775350332260132	0.3339686691761017
chr9:128254701:C:G	Benign	coding	0.012842431664466858	0.03912925720214844	0.01177261769771576	0.07925111055374146
chr9:128522800:G:T	Pathogenic	other	0.2713332772254944	0.1497059166431427	0.029802799224853516	0.8928684592247009
chr9:128523622:C:T	Pathogenic	other	0.0698704943060875	0.07865011692047119	0.006300210952758789	0.13647913932800293
chr9:128523643:G:T	Pathogenic	other	0.25755253434181213	0.065257728099823	0.008697807788848877	0.485731840133667
chr9:128523673:C:T	Pathogenic	other	0.12619656324386597	0.11665838956832886	0.016595393419265747	0.25358104705810547
chr9:128523676:A:G	Benign	coding	0.07018476724624634	0.08818387985229492	0.0098763108253479	0.3979582190513611
chr9:128523730:C:T	Pathogenic	other	0.11972591280937195	0.05571466684341431	0.0219765305519104	0.5987444519996643
chr9:128541243:G:A	Benign	noncoding	0.3973715305328369	0.37984296679496765	0.006052911281585693	0.25277209281921387
chr9:128541351:C:A	Benign	noncoding	0.027392446994781494	0.05923466384410858	0.018360018730163574	0.08309531211853027
chr9:128636064:T:A	Benign	noncoding	0.03955981135368347	0.012630224227905273	0.04704564809799194	0.13024714589118958
chr9:128693624:C:T	Benign	noncoding	0.08488708734512329	0.12656915187835693	0.04900804162025452	0.18605870008468628
chr9:128693637:G:A	Pathogenic	noncoding	0.055652618408203125	0.034297555685043335	0.05019187927246094	0.4577663540840149
chr9:128693784:G:A	Pathogenic	other	0.03757500648498535	0.03887444734573364	0.08898669481277466	0.3458952307701111
chr9:128693809:G:C	Pathogenic	noncoding	0.12245863676071167	0.25398194789886475	0.06539368629455566	0.4511079788208008
chr9:128693813:G:C	Pathogenic	noncoding	0.08240324258804321	0.24793267250061035	0.1036926805973053	0.5657069087028503
chr9:128827130:C:T	Benign	coding	0.2393750250339508	0.04051488637924194	0.035069286823272705	0.26094746589660645
chr9:128909159:G:A	Benign	coding	0.060761868953704834	0.03848379850387573	0.025005996227264404	0.03042536973953247
chr9:128958885:C:T	Benign	coding	0.015492558479309082	0.1161397397518158	0.04225173592567444	0.023913979530334473
chr9:130466744:T:C	Pathogenic	coding	0.4684688448905945	0.14696043729782104	0.04475367069244385	0.013992294669151306
chr9:130466767:A:T	Pathogenic	other	0.11521086096763611	0.07802009582519531	0.03198195993900299	0.019419491291046143
chr9:130466773:C:T	Pathogenic	coding	0.09946668148040771	0.09767699241638184	0.039715856313705444	0.003159761428833008
chr9:130466793:C:A	Pathogenic	other	0.03837001323699951	0.057050228118896484	0.032885998487472534	0.17365509271621704
chr9:130466793:C:G	Pathogenic	other	0.1598951816558838	0.18303072452545166	0.07379302382469177	0.22970569133758545
chr9:130466794:G:C	Pathogenic	coding	0.06688457727432251	0.0850888192653656	0.07000097632408142	0.10421651601791382
chr9:130885449:C:T	Benign	coding	0.04936985671520233	0.009978964924812317	0.017822712659835815	0.08007444441318512
chr9:130885464:G:A	Benign	coding	0.04644055664539337	0.026970207691192627	0.01380068063735962	0.09455442428588867
chr9:130885549:A:G	Benign	coding	0.01346096396446228	0.04273329675197601	0.037968188524246216	0.11564120650291443
chr9:130885558:C:T	Benign	coding	0.041280776262283325	0.022171802818775177	0.113996222615242	0.07584646344184875
chr9:130885593:G:A	Benign	coding	0.09681099653244019	0.1232059895992279	0.061054348945617676	0.042154621332883835
chr9:130885596:G:A	Benign	coding	0.0692342221736908	0.13507038354873657	0.05545327067375183	0.12420108914375305
chr9:130885614:A:G	Benign	coding	0.07460957765579224	0.1554386019706726	0.03472137451171875	0.04416191577911377
chr9:130885617:G:A	Benign	coding	0.11340674757957458	0.11915144324302673	0.005614042282104492	0.041891634464263916
chr9:131144593:G:A	Benign	coding	0.0034938547760248184	0.13924500346183777	0.08095896244049072	0.021065950393676758
chr9:131198180:A:C	Benign	coding	0.036543458700180054	0.03161609172821045	0.028099358081817627	0.20980295538902283
chr9:131476044:A:G	Benign	coding	0.08089879155158997	0.06880810856819153	0.0157548189163208	0.20514017343521118
chr9:132262869:C:G	Benign	noncoding	0.07324719429016113	0.07395470142364502	0.015232652425765991	0.1604272723197937
chr9:132262871:C:T	Benign	noncoding	0.16528892517089844	0.01765388250350952	0.026134490966796875	0.18118548393249512
chr9:132262874:C:A	Benign	noncoding	0.03327232599258423	0.04760712385177612	0.011275231838226318	0.14566761255264282
chr9:132326923:T:C	Benign	coding	0.056135743856430054	0.09929773211479187	0.05544102191925049	0.1758105754852295
chr9:132326957:T:C	Benign	coding	0.12521931529045105	0.03180089592933655	0.02842855453491211	0.09836196899414062
chr9:132327016:T:C	Benign	coding	0.10291379690170288	0.12851965427398682	0.09536322951316833	0.3216254711151123
chr9:132910992:A:G	Benign	noncoding	0.040278613567352295	0.058549702167510986	0.04028916358947754	0.13607323169708252
chr9:133257246:A:G	Benign	other	0.12612079083919525	0.12140285968780518	0.057052016258239746	0.1328679919242859
chr9:133273233:C:G	Benign	other	0.03329282999038696	0.15491372346878052	0.057657063007354736	0.039216041564941406
chr9:135503714:A:G	Benign	coding	0.02477845549583435	0.0722777396440506	0.00894927978515625	0.03009510040283203
chr9:135503721:G:A	Benign	coding	0.018885016441345215	0.13219279050827026	0.01715978980064392	0.06724941730499268
chr9:135822228:G:A	Benign	coding	0.15791219472885132	0.10182911157608032	0.060725778341293335	0.041959166526794434
chr9:136366784:G:A	Benign	noncoding	0.07127648591995239	0.10222581028938293	0.02401486039161682	0.07978254556655884
chr9:136412502:C:T	Pathogenic	coding	0.007231168448925018	0.04189366102218628	0.02951645851135254	0.08690324425697327
chr9:136423417:T:C	Benign	noncoding	0.023683905601501465	0.044692933559417725	0.02974492311477661	0.13705626130104065
chr9:136466458:C:T	Benign	coding	0.2258586883544922	0.10395438969135284	0.04185707867145538	0.07040414214134216
chr9:136496224:A:C	Benign	coding	0.042574286460876465	0.1300157904624939	0.026189744472503662	0.15865403413772583
chr9:136835855:C:G	Benign	noncoding	0.024324849247932434	0.09423607587814331	0.11270293593406677	0.08746513724327087
chr9:136839326:G:A	Benign	coding	0.09349960088729858	0.03450655937194824	0.041847288608551025	0.05464556813240051
chr9:136839345:T:C	Benign	coding	0.017220258712768555	0.028600186109542847	0.028653264045715332	0.024209976196289062
chr9:136839399:C:T	Benign	coding	0.2076166570186615	0.05084972083568573	0.041826725006103516	0.11648356914520264
chr9:137241427:C:T	Benign	noncoding	0.3030933439731598	0.05117911100387573	0.03656366467475891	0.0013030171394348145
chr9:137583064:G:A	Benign	coding	0.05215799808502197	0.051045358180999756	0.06392347812652588	0.059066712856292725
chr9:137583073:A:G	Benign	coding	0.38295978307724	0.040770530700683594	0.041363537311553955	0.10115599632263184
chr9:137716599:C:G	Benign	noncoding	0.23701781034469604	0.15233823657035828	0.09369635581970215	0.0638795793056488
chr10:1000772:G:A	Benign	coding	0.11669027805328369	0.042269736528396606	0.04507952928543091	0.08946871757507324
chr10:3105389:A:G	Benign	noncoding	0.0132293701171875	0.013196587562561035	0.018639683723449707	0.14666509628295898
chr10:3129926:G:A	Benign	coding	0.04479396343231201	0.03884890675544739	0.04128849506378174	0.047766879200935364
chr10:3129965:C:T	Benign	coding	0.10847193002700806	0.10112559795379639	0.0378226637840271	0.0023565292358398438
chr10:3134557:A:G	Benign	coding	0.044492512941360474	0.09244030714035034	0.02224886417388916	0.08758968114852905
chr10:3135752:C:T	Benign	coding	0.30897852778434753	0.21767017245292664	0.055925995111465454	0.023421168327331543
chr10:3163835:A:G	Benign	coding	0.03183722496032715	0.1768724024295807	0.0218392014503479	0.1456054449081421
chr10:5960405:T:G	Benign	coding	0.07195103168487549	0.12485677003860474	0.0381166934967041	0.10907185077667236
chr10:12029317:A:G	Benign	coding	0.21753865480422974	0.08457845449447632	0.02874624729156494	0.11080959439277649
chr10:12230999:A:C	Benign	noncoding	0.02473658323287964	0.061907947063446045	0.008569478988647461	0.22816944122314453
chr10:13110348:G:T	Pathogenic	other	0.023892760276794434	0.08463272452354431	0.006843745708465576	0.927196741104126
chr10:13110420:G:T	Pathogenic	other	0.07574021816253662	0.07745760679244995	0.028315484523773193	0.22431853413581848
chr10:17229396:C:T	Benign	noncoding	0.02646583318710327	0.044831156730651855	0.030315101146697998	0.08643907308578491
chr10:17229401:G:C	Benign	noncoding	0.04221922159194946	0.07809522747993469	0.02663886547088623	0.21314597129821777
chr10:17235293:G:A	Benign	coding	0.19840659201145172	0.058425337076187134	0.009036421775817871	0.009153246879577637
chr10:17237518:C:T	Benign	noncoding	0.13434970378875732	0.08548110723495483	0.04368200898170471	0.07467830181121826
chr10:17237563:G:T	Benign	noncoding	0.21456584334373474	0.09248548746109009	0.14916089177131653	0.3140469789505005
chr10:27060633:C:T	Benign	noncoding	0.018895626068115234	0.02888345718383789	0.04443135857582092	0.0014243721961975098
chr10:27111932:G:A	Benign	noncoding	0.1266871988773346	0.13904011249542236	0.05656275153160095	0.1161370575428009
chr10:27112127:C:T	Benign	noncoding	0.058071911334991455	0.01904761791229248	0.026071250438690186	0.0621340274810791
chr10:27123702:A:G	Benign	noncoding	0.07031059265136719	0.03022611141204834	0.01750403642654419	0.07773709297180176
chr10:27134076:G:A	Benign	coding	0.02291238307952881	0.10745826363563538	0.015108704566955566	0.08177004754543304
chr10:27136371:G:A	Pathogenic	coding	0.023584365844726562	0.11688998341560364	0.07348734140396118	0.21087417006492615
chr10:27136379:A:G	Benign	coding	0.058067917823791504	0.08295997977256775	0.03779858350753784	0.07768505811691284
chr10:27145513:A:G	Benign	coding	0.06678211688995361	0.039017945528030396	0.01972287893295288	0.17678102850914001
chr10:27145554:G:A	Benign	coding	0.04291564226150513	0.045793771743774414	0.057507991790771484	0.3506852686405182
chr10:27147366:A:C	Benign	noncoding	0.01826786994934082	0.0650286078453064	0.12667834758758545	0.05843847990036011
chr10:27149035:T:C	Benign	coding	0.1080331802368164	0.04266124963760376	0.06959950923919678	0.04013931751251221
chr10:27538049:T:C	Pathogenic	coding	0.03324418514966965	0.06359708309173584	0.023735880851745605	0.3942415714263916
chr10:28533658:G:T	Benign	noncoding	0.005925655364990234	0.014135897159576416	0.05465376377105713	0.04917788505554199
chr10:28535556:T:C	Benign	noncoding	0.08801218122243881	0.24940380454063416	0.05995875597000122	0.5792484879493713
chr10:28535622:C:T	Pathogenic	other	0.013308554887771606	0.11772125959396362	0.058962881565093994	0.07631087303161621
chr10:28583453:C:G	Pathogenic	other	0.052438437938690186	0.016443252563476562	0.11389189958572388	0.10806357860565186
chr10:28583498:C:A	Pathogenic	other	0.12062928080558777	0.29472815990448	0.0496290922164917	0.4833717346191406
chr10:28589734:A:G	Pathogenic	noncoding	0.041352540254592896	0.09149244427680969	0.06057661771774292	0.05945463478565216
chr10:28589759:G:A	Pathogenic	other	0.03902682662010193	0.0427214652299881	0.09622997045516968	0.518730878829956
chr10:28589786:A:G	Benign	coding	0.08497156202793121	0.14765596389770508	0.06869807839393616	0.050070881843566895
chr10:28589798:C:A	Pathogenic	other	0.1285674273967743	0.14806169271469116	0.14495620131492615	0.08372771739959717
chr10:28589805:C:T	Pathogenic	other	0.1047675609588623	0.09532275795936584	0.09062370657920837	0.37722402811050415
chr10:28589820:C:T	Pathogenic	other	0.14321182668209076	0.11817419528961182	0.13449208438396454	0.14709922671318054
chr10:28589865:A:T	Benign	noncoding	0.033918023109436035	0.029487967491149902	0.04788479208946228	0.21027234196662903
chr10:28595700:C:G	Benign	noncoding	0.21726101636886597	0.09116822481155396	0.057273268699645996	0.023308932781219482
chr10:28595891:A:G	Benign	coding	0.10595643520355225	0.08795928955078125	0.026316404342651367	0.03764998912811279
chr10:28608191:A:G	Benign	coding	0.05720001459121704	0.08543449640274048	0.021228551864624023	0.03753101825714111
chr10:28608213:C:G	Pathogenic	other	0.12018367648124695	0.09235692024230957	0.022114455699920654	0.21156644821166992
chr10:28608314:C:T	Pathogenic	other	0.07908082008361816	0.06679558753967285	0.004353642463684082	0.2923990786075592
chr10:28608338:C:T	Pathogenic	other	0.11723941564559937	0.05148506164550781	0.0095595121383667	0.1416795253753662
chr10:28611788:C:T	Pathogenic	other	0.076663076877594	0.040621936321258545	0.011399030685424805	0.08081275224685669
chr10:28611841:T:G	Benign	coding	0.1481029987335205	0.11166059970855713	0.054163992404937744	0.19656670093536377
chr10:28614566:G:T	Pathogenic	noncoding	0.04808163642883301	0.08267152309417725	0.11607405543327332	0.18143673241138458
chr10:28614603:C:T	Pathogenic	other	0.06270188093185425	0.0685778260231018	0.04865753650665283	0.2898346185684204
chr10:28614666:C:T	Pathogenic	other	0.017159372568130493	0.06245845556259155	0.022443711757659912	0.2587459087371826
chr10:28616150:A:G	Benign	noncoding	0.03790035843849182	0.06272050738334656	0.030193373560905457	0.026155710220336914
chr10:28616240:G:T	Benign	coding	0.10324549674987793	0.12583833932876587	0.05027288198471069	0.18682527542114258
chr10:28616249:C:T	Pathogenic	other	0.05318707227706909	0.07751935720443726	0.03732341527938843	0.2946079969406128
chr10:28616264:C:T	Pathogenic	other	0.0719122588634491	0.06109452247619629	0.08634516596794128	0.3604131042957306
chr10:28616337:G:A	Pathogenic	other	0.07705345749855042	0.09057331085205078	0.020505428314208984	0.3490477204322815
chr10:28616364:T:C	Pathogenic	noncoding	0.03286987543106079	0.11015143990516663	0.047937631607055664	0.9148513674736023
chr10:28617656:G:A	Pathogenic	noncoding	0.14674806594848633	0.10607564449310303	0.057290077209472656	0.5742228031158447
chr10:28617661:C:G	Pathogenic	other	0.17110741138458252	0.122487872838974	0.05159956216812134	0.5969048738479614
chr10:28617687:A:G	Benign	coding	0.048772431910037994	0.023522213101387024	0.07787585258483887	0.08935852348804474
chr10:31908840:T:G	Benign	coding	0.046409428119659424	0.09841412305831909	0.04007604718208313	0.3147195875644684
chr10:32040400:T:C	Pathogenic	coding	0.2479066252708435	0.09173160791397095	0.07548284530639648	0.005876064300537109
chr10:42796744:A:G	Benign	coding	0.2799956798553467	0.028534144163131714	0.010061860084533691	0.03439146280288696
chr10:42796889:G:A	Benign	coding	0.18112581968307495	0.04622131586074829	0.0051444172859191895	0.19122910499572754
chr10:42796898:T:C	Benign	coding	0.08494466543197632	0.037089765071868896	0.01981520652770996	0.0486811101436615
chr10:42796918:T:C	Benign	coding	0.06686991453170776	0.06047409772872925	0.03607064485549927	0.0057969167828559875
chr10:42796923:G:A	Benign	coding	0.33587658405303955	0.08131927251815796	0.012427687644958496	0.06882241368293762
chr10:42797227:G:A	Benign	coding	0.2628304362297058	0.09022349119186401	0.042399048805236816	0.0005716085433959961
chr10:42820244:C:T	Benign	coding	0.21060431003570557	0.040954381227493286	0.03188440203666687	0.0015103816986083984
chr10:42820245:G:A	Benign	coding	0.0696534514427185	0.027363240718841553	0.041720032691955566	0.001603841781616211
chr10:46010599:C:T	Benign	coding	0.0506054162979126	0.06278121471405029	0.055581122636795044	0.05255645513534546
chr10:49524172:G:A	Pathogenic	noncoding	0.04716074466705322	0.14472424983978271	0.030568987131118774	0.6870636343955994
chr10:49524190:G:A	Pathogenic	noncoding	0.018529832363128662	0.2499299943447113	0.052808910608291626	0.6879693269729614
chr10:49524249:T:C	Benign	coding	0.004784345626831055	0.05351102352142334	0.031047344207763672	0.0586760938167572
chr10:56358454:A:G	Benign	coding	0.01801663637161255	0.018935799598693848	0.03860405087471008	0.04259085655212402
chr10:59793005:G:A	Benign	coding	0.051215291023254395	0.012879550457000732	0.008662164211273193	0.008361101150512695
chr10:60792042:C:T	Benign	coding	0.0768556296825409	0.17390215396881104	0.09878301620483398	0.20101125538349152
chr10:63207259:A:G	Benign	coding	0.07136160135269165	0.09324589371681213	0.018770769238471985	0.10385215282440186
chr10:63207310:T:C	Benign	coding	0.15323668718338013	0.10102814435958862	0.10245291888713837	0.15532177686691284
chr10:63208491:T:C	Benign	coding	0.10559219121932983	0.059337317943573	0.04890535771846771	0.052783966064453125
chr10:63213653:C:T	Benign	coding	0.032474517822265625	0.05376937985420227	0.039203494787216187	0.18832573294639587
chr10:63213818:A:C	Benign	coding	0.120221346616745	0.11704790592193604	0.06798559427261353	0.059073805809020996
chr10:68645224:G:A	Benign	coding	0.03113877773284912	0.02776283025741577	0.03312957286834717	0.03303845226764679
chr10:68645682:G:T	Benign	coding	0.03725999593734741	0.0377269983291626	0.02627331018447876	0.007936954498291016
chr10:68646990:A:G	Benign	coding	0.01551830768585205	0.06666022539138794	0.07013705372810364	0.041833534836769104
chr10:68963354:A:G	Benign	coding	0.13710659742355347	0.053603142499923706	0.03535047173500061	0.04010218381881714
chr10:69097207:C:G	Benign	coding	0.08641539514064789	0.0373496413230896	0.08822143077850342	0.13282974064350128
chr10:69103942:C:T	Benign	coding	0.040194571018218994	0.015184029936790466	0.025526195764541626	0.06072592735290527
chr10:69369438:C:T	Benign	noncoding	0.049125246703624725	0.09411543607711792	0.04094940423965454	0.14188441634178162
chr10:69376977:C:T	Pathogenic	other	0.062469303607940674	0.1394680142402649	0.04811367392539978	0.42892777919769287
chr10:69377049:C:T	Pathogenic	other	0.03534513711929321	0.049399107694625854	0.04885777831077576	0.3570381999015808
chr10:69377071:A:C	Benign	coding	0.0935867428779602	0.07645511627197266	0.05334898829460144	0.060858190059661865
chr10:69392128:C:G	Pathogenic	coding	0.018306434154510498	0.06784319877624512	0.014525234699249268	0.12524163722991943
chr10:69392129:C:T	Benign	coding	0.3357328772544861	0.04717755317687988	0.009883463382720947	0.1080327033996582
chr10:69401072:C:T	Benign	coding	0.16804218292236328	0.055436015129089355	0.04248115420341492	0.040879011154174805
chr10:70859448:C:T	Benign	coding	0.026614904403686523	0.011517822742462158	0.05990847945213318	0.01799669861793518
chr10:70871920:C:G	Pathogenic	other	0.04799628257751465	0.18745899200439453	0.10739028453826904	0.735099196434021
chr10:70883914:C:T	Benign	noncoding	0.032316744327545166	0.03199583292007446	0.019314631819725037	0.0640520453453064
chr10:71362489:G:A	Pathogenic	coding	0.12164296209812164	0.09034842252731323	0.046340808272361755	0.05251537263393402
chr10:71362526:C:G	Pathogenic	coding	0.10451817512512207	0.02904239296913147	0.028397560119628906	0.19016292691230774
chr10:71816666:C:T	Benign	noncoding	0.021371781826019287	0.046902477741241455	0.05552700161933899	0.043722569942474365
chr10:71819527:G:A	Pathogenic	other	0.059387028217315674	0.05320548638701439	0.015642225742340088	0.6599390506744385
chr10:71819611:G:A	Pathogenic	other	0.10161703824996948	0.11953842639923096	0.04302522540092468	0.47691109776496887
chr10:71823896:G:A	Pathogenic	noncoding	0.033117055892944336	0.05426907539367676	0.026216089725494385	0.038624972105026245
chr10:71828064:C:A	Pathogenic	other	0.09325972199440002	0.07802283763885498	0.03836849331855774	0.735039472579956
chr10:71828158:C:A	Pathogenic	noncoding	0.08553588390350342	0.024436578154563904	0.06982541084289551	0.7564610838890076
chr10:71828159:T:C	Pathogenic	noncoding	0.04341167211532593	0.05028852820396423	0.07861050963401794	0.6469168066978455
chr10:71831886:A:C	Pathogenic	coding	0.08529001474380493	0.043029069900512695	0.0417940616607666	0.01830315589904785
chr10:72097385:G:A	Benign	coding	0.10070106387138367	0.08752672374248505	0.08710509538650513	0.11771181225776672
chr10:72152901:G:T	Pathogenic	noncoding	0.005163729190826416	0.08088952302932739	0.030234217643737793	0.33742421865463257
chr10:72368083:C:T	Benign	noncoding	0.11074519157409668	0.09105107188224792	0.013720512390136719	0.06658637523651123
chr10:72368095:G:A	Benign	noncoding	0.12163478136062622	0.028607487678527832	0.017149806022644043	0.03327542543411255
chr10:73760299:C:G	Benign	coding	0.04283285140991211	0.05414241552352905	0.043636977672576904	0.06352192163467407
chr10:73760396:T:G	Benign	noncoding	0.05254995822906494	0.07532128691673279	0.05454394221305847	0.2137089967727661
chr10:74090233:C:A	Benign	noncoding	0.1380874514579773	0.33381789922714233	0.02702707052230835	0.0886911153793335
chr10:74094424:G:A	Benign	coding	0.022274494171142578	0.07140001654624939	0.05097559094429016	0.02650928497314453
chr10:74095669:C:A	Benign	coding	0.1219596266746521	0.1312905251979828	0.014913856983184814	0.06008234620094299
chr10:74114134:C:T	Benign	noncoding	0.09897047281265259	0.05521547794342041	0.07605475187301636	0.025954484939575195
chr10:74114434:T:C	Benign	noncoding	0.00013840198516845703	0.004339456558227539	0.02546924352645874	0.004587352275848389
chr10:74114436:T:C	Benign	noncoding	0.0011843442916870117	0.0022298097610473633	0.10404878854751587	0.0022716522216796875
chr10:74119753:T:A	Benign	noncoding	0.17972981929779053	0.08216208219528198	0.029234111309051514	0.28744542598724365
chr10:74119992:G:A	Benign	noncoding	0.08770143985748291	0.06651473045349121	0.13151365518569946	0.20885300636291504
chr10:75222255:T:C	Benign	coding	0.06862795352935791	0.17766857147216797	0.011284232139587402	0.06684809923171997
chr10:77977052:G:A	Benign	noncoding	0.02488809823989868	0.04161238670349121	0.07146024703979492	0.006887495517730713
chr10:78035589:A:C	Pathogenic	coding	0.03208594024181366	0.07634079456329346	0.029496818780899048	0.1660631000995636
chr10:78037230:C:T	Pathogenic	other	0.12943118810653687	0.06183576583862305	0.047910988330841064	0.08990710973739624
chr10:78037277:A:G	Benign	coding	0.13799744844436646	0.08099690079689026	0.005231320858001709	0.0005447864532470703
chr10:78037926:G:T	Benign	noncoding	0.17398470640182495	0.012927919626235962	0.021177947521209717	0.087283194065094
chr10:78037932:C:T	Benign	noncoding	0.07630670070648193	0.04791259765625	0.028143063187599182	0.02779453992843628
chr10:78040201:C:A	Benign	noncoding	0.2512696087360382	0.11407756805419922	0.021886706352233887	0.08611655235290527
chr10:78040616:C:T	Benign	coding	0.2537802457809448	0.1338672637939453	0.04149198532104492	0.11313152313232422
chr10:78040694:T:C	Benign	noncoding	0.19078880548477173	0.06419476866722107	0.03150606155395508	0.045492351055145264
chr10:79296567:C:T	Benign	coding	0.06256920099258423	0.04306060075759888	0.0115584135055542	0.01612222194671631
chr10:79296612:C:T	Pathogenic	other	0.02483886480331421	0.08212363719940186	0.01720064878463745	0.07577300071716309
chr10:79296626:C:A	Benign	coding	0.050995826721191406	0.08061164617538452	0.015451252460479736	0.005475640296936035
chr10:79311042:C:T	Benign	coding	0.04209458827972412	0.04428750276565552	0.017298221588134766	0.03806573152542114
chr10:79311076:C:T	Benign	coding	0.08337569236755371	0.027613699436187744	0.0036441683769226074	0.016082942485809326
chr10:80159152:C:T	Benign	coding	0.042298853397369385	0.03571361303329468	0.04328888654708862	0.021760761737823486
chr10:80159200:G:A	Benign	noncoding	0.1155538558959961	0.04506725072860718	0.05038321018218994	0.1046798825263977
chr10:80166029:C:T	Benign	noncoding	0.0026004910469055176	0.0020480751991271973	0.06183499097824097	0.017369210720062256
chr10:80166037:C:T	Benign	noncoding	0.0020685195922851562	0.0007001757621765137	0.043821096420288086	0.005951583385467529
chr10:80166039:C:T	Benign	noncoding	0.001425623893737793	0.000521540641784668	0.06883502006530762	0.004242420196533203
chr10:80166042:G:A	Benign	noncoding	0.0004534125328063965	0.00031751394271850586	0.07425013184547424	0.0015280842781066895
chr10:80167257:G:A	Benign	coding	0.0669035017490387	0.05295559763908386	0.009412020444869995	0.07720983028411865
chr10:80167303:C:T	Benign	coding	0.09746372699737549	0.08987672626972198	0.014488011598587036	0.2660406529903412
chr10:80167320:G:A	Benign	noncoding	0.07548031210899353	0.05509272217750549	0.018558233976364136	0.34686511754989624
chr10:80168999:C:T	Benign	coding	0.024235069751739502	0.051306307315826416	0.023815631866455078	0.09433221817016602
chr10:86759239:C:T	Benign	noncoding	0.2436092644929886	0.05504694581031799	0.010287418961524963	0.041574180126190186
chr10:87053392:T:C	Pathogenic	coding	0.09387892484664917	0.08255457878112793	0.027523458003997803	0.001971304416656494
chr10:87053403:C:A	Pathogenic	coding	0.11654496192932129	0.06510365009307861	0.019756078720092773	0.02310854196548462
chr10:87053403:C:T	Pathogenic	coding	0.06233423948287964	0.12518861889839172	0.023105621337890625	0.18149137496948242
chr10:87068162:G:C	Benign	noncoding	0.04805240035057068	0.08809694647789001	0.08607688546180725	0.20034575462341309
chr10:87933252:G:T	Pathogenic	noncoding	0.1364123821258545	0.049589574337005615	0.016832709312438965	0.8822819590568542
chr10:87933253:T:C	Pathogenic	noncoding	0.19242188334465027	0.12069559097290039	0.017814747989177704	0.496927410364151
chr10:87933253:T:G	Pathogenic	noncoding	0.11057430505752563	0.08349433541297913	0.01940222829580307	0.8544161319732666
chr10:87966988:T:C	Benign	noncoding	0.004947740584611893	0.0022392868995666504	0.006739601492881775	0.00401763990521431
chr10:89213919:A:T	Benign	noncoding	0.02963489294052124	0.12708652019500732	0.05079960823059082	0.49050408601760864
chr10:89213987:G:C	Benign	noncoding	0.04266318678855896	0.06924235820770264	0.10219582915306091	0.7866507172584534
chr10:95606535:T:C	Benign	noncoding	0.032207101583480835	0.10250961780548096	0.042599186301231384	0.14972828328609467
chr10:95628405:G:A	Benign	coding	0.019206583499908447	0.05184207856655121	0.08249542117118835	0.03959885239601135
chr10:95633212:G:A	Benign	noncoding	0.05458971858024597	0.0905294120311737	0.019844233989715576	0.23796145617961884
chr10:95633236:T:C	Benign	noncoding	0.02509021759033203	0.02522408962249756	0.06214284896850586	0.03957687318325043
chr10:98417240:A:G	Benign	noncoding	0.07819205522537231	0.08033204078674316	0.03155529499053955	0.04142853617668152
chr10:98417292:G:A	Benign	noncoding	0.1918746829032898	0.03799062967300415	0.03743547201156616	0.08630108833312988
chr10:98443216:C:A	Pathogenic	noncoding	0.16136467456817627	0.05908408761024475	0.014211118221282959	0.26931899785995483
chr10:99720793:T:G	Benign	noncoding	0.04228693246841431	0.09040582180023193	0.06582793593406677	0.052351295948028564
chr10:99851832:C:T	Benign	noncoding	0.015020981431007385	0.11605656147003174	0.026623904705047607	0.19959764182567596
chr10:100348179:C:G	Benign	coding	0.02855600416660309	0.09027066826820374	0.006097376346588135	0.12921464443206787
chr10:100348240:G:A	Benign	coding	0.34288206696510315	0.13976487517356873	0.008710622787475586	0.6836206912994385
chr10:100360777:C:T	Benign	coding	0.02446061372756958	0.03281432390213013	0.017538249492645264	0.02239394187927246
chr10:100526976:G:A	Benign	coding	0.018100976943969727	0.08162561058998108	0.06062215566635132	0.2731253504753113
chr10:100529408:A:G	Pathogenic	coding	0.0908287763595581	0.06179213523864746	0.03349152207374573	0.09291970729827881
chr10:102109037:G:A	Pathogenic	other	0.05143624544143677	0.10946005582809448	0.03917586803436279	0.053691282868385315
chr10:102361741:G:C	Benign	coding	0.12133945524692535	0.09510999917984009	0.04598763585090637	0.12558650970458984
chr10:103392370:C:G	Pathogenic	noncoding	0.02707582712173462	0.11564867198467255	0.12646234035491943	0.68333899974823
chr10:104263031:C:A	Benign	coding	0.015934109687805176	0.2810356914997101	0.026185452938079834	0.07729232311248779
chr10:110567725:G:T	Benign	noncoding	0.058875635266304016	0.17633435130119324	0.02145904302597046	0.08022022247314453
chr10:110590463:C:T	Pathogenic	other	0.03743857145309448	0.05557751655578613	0.011124849319458008	0.8172193169593811
chr10:110593239:T:C	Benign	noncoding	0.04570820927619934	0.08525301516056061	0.11252671480178833	0.14012689888477325
chr10:110596431:G:C	Pathogenic	coding	0.10048788785934448	0.06428563594818115	0.06651058793067932	0.19326132535934448
chr10:110602055:C:T	Benign	coding	0.14024338126182556	0.11902821063995361	0.10064440965652466	0.010819733142852783
chr10:111013301:G:A	Benign	noncoding	0.023412346839904785	0.07625740766525269	0.010423138737678528	0.08446085453033447
chr10:111013321:A:G	Benign	noncoding	0.029798906296491623	0.035245418548583984	0.02743351459503174	0.046227097511291504
chr10:111013593:T:C	Benign	noncoding	0.048576146364212036	0.07088857889175415	0.025666356086730957	0.021406471729278564
chr10:119038287:T:G	Benign	coding	0.17153340578079224	0.0917431116104126	0.011861622333526611	0.05192652344703674
chr10:119042396:T:A	Benign	coding	0.0863460898399353	0.07954323291778564	0.036503344774246216	0.06532686948776245
chr10:119892915:G:A	Benign	coding	0.06104850769042969	0.04152625799179077	0.015161633491516113	0.11807006597518921
chr10:119892930:C:T	Benign	coding	0.07318753004074097	0.03340351581573486	0.011652559041976929	0.059536054730415344
chr10:119898593:A:G	Benign	coding	0.05800098180770874	0.041797101497650146	0.22775951027870178	0.08279019594192505
chr10:119898888:C:T	Benign	coding	0.05720388889312744	0.07753115892410278	0.0407792329788208	0.05825686454772949
chr10:123157722:T:C	Benign	noncoding	0.008303999900817871	0.05702316761016846	0.11425125598907471	0.005979478359222412
chr10:124397757:G:A	Benign	noncoding	0.1525752693414688	0.13044986128807068	0.02381528913974762	0.09496855735778809
chr10:124398057:A:G	Pathogenic	coding	0.03713703155517578	0.07072928547859192	0.045655906200408936	0.03516995906829834
chr10:124398061:C:A	Pathogenic	other	0.23597657680511475	0.1650114804506302	0.07390289008617401	0.30617964267730713
chr10:124398070:G:A	Pathogenic	other	0.11267098784446716	0.04546631872653961	0.15845634043216705	0.34991976618766785
chr10:124398098:C:T	Pathogenic	other	0.26765578985214233	0.1593102216720581	0.03326517343521118	0.06169605255126953
chr10:133293132:C:T	Pathogenic	coding	0.047220319509506226	0.022420547902584076	0.05265513062477112	0.01764017343521118
chr10:133366042:A:G	Pathogenic	coding	0.08388590812683105	0.10864713788032532	0.09662836790084839	0.29703181982040405
chr10:133366945:G:A	Pathogenic	coding	0.18242812156677246	0.05633831024169922	0.020833849906921387	0.019131183624267578
chr10:133368964:G:T	Pathogenic	coding	0.012079834938049316	0.0678248405456543	0.003933727741241455	0.02295863628387451
chr11:763456:C:T	Pathogenic	coding	0.08998379111289978	0.08296817541122437	0.011585354804992676	0.12983296811580658
chr11:763778:C:G	Pathogenic	other	0.13233023881912231	0.07472950220108032	0.21493513882160187	0.22925402224063873
chr11:763824:C:G	Pathogenic	coding	0.13553574681282043	0.17385603487491608	0.06543761491775513	0.032258182764053345
chr11:764383:G:T	Pathogenic	coding	0.15355849266052246	0.06140446662902832	0.016550064086914062	0.09488934278488159
chr11:791203:A:G	Benign	noncoding	0.07604879140853882	0.17213308811187744	0.020009756088256836	0.0726923942565918
chr11:820127:T:G	Benign	noncoding	0.10268235206604004	0.16569307446479797	0.13381624221801758	0.1993233561515808
chr11:1753203:C:T	Benign	noncoding	0.035629987716674805	0.06725399196147919	0.046290576457977295	0.01587018370628357
chr11:1996532:C:T	Benign	noncoding	0.13607949018478394	0.0736960768699646	0.017081856727600098	0.08809894323348999
chr11:2653206:G:A	Benign	noncoding	0.012946158647537231	0.040449321269989014	0.026568591594696045	0.21511806547641754
chr11:2663980:G:A	Benign	noncoding	0.137995183467865	0.10741591453552246	0.048158466815948486	0.0749163031578064
chr11:2664075:C:T	Benign	noncoding	0.03298032283782959	0.0806778073310852	0.041818201541900635	0.035975560545921326
chr11:2664717:C:T	Benign	noncoding	0.14306584000587463	0.09647715091705322	0.02180302143096924	0.10179382562637329
chr11:2681551:C:T	Benign	noncoding	0.10331350564956665	0.05217850208282471	0.1138165146112442	0.02042365074157715
chr11:2685952:G:C	Benign	noncoding	0.07215291261672974	0.13759028911590576	0.06949073076248169	0.048023104667663574
chr11:2686896:T:C	Benign	noncoding	0.11979052424430847	0.030120879411697388	0.07291758060455322	0.030848205089569092
chr11:2699548:C:G	Benign	noncoding	0.003930926322937012	0.004868626594543457	0.009747803211212158	0.010778725147247314
chr11:2699553:C:G	Benign	noncoding	0.002083003520965576	0.005948126316070557	0.02869272232055664	0.008681118488311768
chr11:2699643:C:G	Benign	noncoding	0.009984910488128662	0.02766275405883789	0.007011353969573975	0.005262851715087891
chr11:2699669:G:C	Benign	noncoding	0.01671469211578369	0.0340726375579834	0.011735677719116211	0.018130362033843994
chr11:3029392:G:A	Benign	coding	0.10183843970298767	0.10480734705924988	0.04914414882659912	0.05560678243637085
chr11:3029397:G:C	Benign	coding	0.23558223247528076	0.07282555103302002	0.05811035633087158	0.11872929334640503
chr11:3165196:C:G	Benign	noncoding	0.09282615780830383	0.034698426723480225	0.039345502853393555	0.05244113504886627
chr11:3768677:G:C	Benign	coding	0.02278238534927368	0.01849353313446045	0.22783130407333374	0.0333024263381958
chr11:3778975:T:C	Benign	coding	0.05462461709976196	0.10770529508590698	0.048688262701034546	0.10842227935791016
chr11:3817259:C:T	Benign	noncoding	0.009572483599185944	0.013066083192825317	0.06553913652896881	0.0023691803216934204
chr11:3824013:A:G	Pathogenic	coding	0.07406622171401978	0.06675577163696289	0.022188246250152588	0.1122230589389801
chr11:3824025:C:T	Pathogenic	coding	0.06905809044837952	0.06178337335586548	0.01175910234451294	0.15215255320072174
chr11:4082777:C:A	Benign	noncoding	0.10206335783004761	0.09401750564575195	0.08553382754325867	0.18657267093658447
chr11:4091180:C:T	Benign	noncoding	0.0004623532295227051	9.185075759887695e-05	0.0003809928894042969	0.0003477334976196289
chr11:5248353:G:A	Benign	noncoding	0.09645874798297882	0.10996231436729431	0.06992854177951813	0.0669620931148529
chr11:5248354:T:G	Benign	noncoding	0.06881102919578552	0.0637204647064209	0.033613502979278564	0.18837007880210876
chr11:5248355:G:A	Benign	noncoding	0.08358216285705566	0.07612001895904541	0.18634101748466492	0.05705252289772034
chr11:5248356:A:G	Benign	noncoding	0.11721473932266235	0.04674398899078369	0.08874177932739258	0.2910819351673126
chr11:5248393:G:C	Benign	coding	0.11495169997215271	0.18985259532928467	0.06851780414581299	0.11819799244403839
chr11:6612918:C:T	Benign	noncoding	0.059835284948349	0.11049175262451172	0.029417455196380615	0.0201389342546463
chr11:6612958:G:A	Benign	noncoding	0.08047693967819214	0.031175076961517334	0.019612222909927368	0.04623156785964966
chr11:6613428:C:G	Benign	noncoding	0.07732349634170532	0.12269417941570282	0.028844475746154785	0.057347118854522705
chr11:6614305:A:G	Benign	noncoding	0.08108410239219666	0.07033699750900269	0.023479759693145752	0.6762361526489258
chr11:6614475:C:T	Benign	noncoding	0.10501646995544434	0.15179234743118286	0.015363037586212158	0.5269190073013306
chr11:7987468:C:T	Benign	coding	0.028196096420288086	0.05794328451156616	0.03025984764099121	0.003167092800140381
chr11:7987486:C:T	Benign	coding	0.0650094747543335	0.05643633008003235	0.02569425106048584	0.002238750457763672
chr11:7996046:C:T	Benign	noncoding	0.056873783469200134	0.04738736152648926	0.0755043625831604	0.101447194814682
chr11:10778737:T:C	Benign	coding	0.10424751043319702	0.04670119285583496	0.015733569860458374	0.03977551311254501
chr11:10778778:G:A	Benign	coding	0.5275275707244873	0.07259929180145264	0.029810667037963867	0.20231938362121582
chr11:13707931:C:T	Pathogenic	other	0.007821083068847656	0.0846894383430481	0.13170132040977478	0.4141998887062073
chr11:13713023:G:A	Pathogenic	other	0.19203215837478638	0.07980318367481232	0.040075257420539856	0.08600109815597534
chr11:14507704:C:T	Benign	coding	0.019565820693969727	0.008482575416564941	0.03250318765640259	0.03659796714782715
chr11:17129407:A:G	Benign	coding	0.08919759094715118	0.28324201703071594	0.07002498209476471	0.2847575843334198
chr11:17129474:G:A	Benign	noncoding	0.07162609696388245	0.055767178535461426	0.007099032402038574	0.011356234550476074
chr11:18402926:C:T	Pathogenic	other	0.05761277675628662	0.06674385070800781	0.1336117386817932	0.048078715801239014
chr11:18402940:A:G	Benign	coding	0.0918731689453125	0.03403949737548828	0.06593659520149231	0.052689433097839355
chr11:18403709:G:C	Benign	coding	0.12824225425720215	0.12421339750289917	0.11989104747772217	0.119742751121521
chr11:18403820:T:A	Benign	noncoding	0.07850146293640137	0.1401747316122055	0.04778745770454407	0.06478714942932129
chr11:31806401:C:G	Pathogenic	noncoding	0.028026163578033447	0.04293080419301987	0.023401856422424316	0.6299505829811096
chr11:31806401:C:T	Pathogenic	noncoding	0.08805276453495026	0.05549013614654541	0.016525089740753174	0.5758294463157654
chr11:32388238:C:G	Benign	noncoding	0.0067487359046936035	0.006471991539001465	0.13589999079704285	0.011141419410705566
chr11:32430374:T:G	Benign	noncoding	0.0034573636949062347	0.015339367091655731	0.022380292415618896	0.005676567554473877
chr11:32430375:G:C	Benign	noncoding	0.011804364621639252	0.055158257484436035	0.011953022330999374	0.03380084037780762
chr11:32430404:A:C	Benign	noncoding	0.04288177192211151	0.05289936065673828	0.10498315095901489	0.18371732532978058
chr11:34082842:G:T	Pathogenic	other	0.003738701343536377	0.013721704483032227	0.044662222266197205	0.16361193358898163
chr11:34082877:G:A	Pathogenic	coding	0.0040845684707164764	0.04852446913719177	0.01844736933708191	0.2286081314086914
chr11:34082967:C:T	Pathogenic	other	0.02176046371459961	0.08064162731170654	0.032866835594177246	0.027188599109649658
chr11:34083022:G:A	Pathogenic	other	0.024467065930366516	0.13108408451080322	0.019480615854263306	0.4765743613243103
chr11:34086377:C:T	Pathogenic	other	0.06434732675552368	0.13246962428092957	0.0408363938331604	0.639854907989502
chr11:34090257:C:T	Pathogenic	other	0.048731595277786255	0.19353538751602173	0.03925028443336487	0.29200035333633423
chr11:34091986:T:A	Pathogenic	other	0.044953882694244385	0.06201803684234619	0.06772679090499878	0.815626859664917
chr11:34096517:C:T	Pathogenic	other	0.06835949420928955	0.032947838306427	0.032600224018096924	0.2302207350730896
chr11:34118231:G:A	Benign	coding	0.05444192886352539	0.08009734749794006	0.045844629406929016	0.4154498875141144
chr11:34464164:C:T	Benign	coding	0.10458791255950928	0.06354480981826782	0.03691402077674866	0.15886884927749634
chr11:34470999:C:T	Benign	coding	0.19369643926620483	0.08360734581947327	0.05611830949783325	0.0015864372253417969
chr11:35726117:A:G	Benign	coding	0.15997642278671265	0.04479309916496277	0.016623973846435547	0.03333980590105057
chr11:44244290:C:T	Benign	noncoding	0.00333327054977417	0.05645555257797241	0.03859660029411316	0.10051882266998291
chr11:45812290:C:A	Benign	noncoding	0.0026661157608032227	0.02210068702697754	0.04760083556175232	0.22978806495666504
chr11:45812409:C:T	Benign	noncoding	0.1371145248413086	0.1377652883529663	0.03738865256309509	0.034321874380111694
chr11:45948886:C:T	Pathogenic	coding	0.18706095218658447	0.16596943140029907	0.05050468444824219	0.5036256313323975
chr11:45948923:G:C	Pathogenic	other	0.1493808478116989	0.12023192644119263	0.08405318856239319	0.08965891599655151
chr11:45965351:T:C	Benign	coding	0.11461728811264038	0.04608964920043945	0.02479708194732666	0.16943758726119995
chr11:45965383:C:T	Benign	coding	0.08497479557991028	0.16894757747650146	0.08348137140274048	0.06539857387542725
chr11:45965431:T:C	Benign	coding	0.0739322304725647	0.12603887915611267	0.10514217615127563	0.023371636867523193
chr11:45965540:A:T	Benign	coding	0.03335452079772949	0.019407927989959717	0.010279476642608643	0.029586195945739746
chr11:45969898:G:A	Pathogenic	other	0.16183513402938843	0.02233833074569702	0.028023064136505127	0.4136804938316345
chr11:46320733:T:G	Benign	coding	0.08457827568054199	0.07420295476913452	0.05536544322967529	0.12361198663711548
chr11:47358510:A:C	Benign	noncoding	0.08940494060516357	0.0031378865242004395	0.03668689727783203	0.0014704465866088867
chr11:47358742:C:T	Benign	noncoding	0.026849806308746338	0.06859749555587769	0.08460819721221924	0.1388113796710968
chr11:47422855:G:A	Pathogenic	coding	0.07581818103790283	0.07408422231674194	0.06943684816360474	0.0146867036819458
chr11:47783144:C:A	Pathogenic	other	0.06063717603683472	0.1047588586807251	0.028367996215820312	0.6103683710098267
chr11:47821801:G:C	Benign	coding	0.10019625723361969	0.10867416858673096	0.11118346452713013	0.08728975057601929
chr11:57308910:C:T	Benign	coding	0.12535279989242554	0.22010192275047302	0.03919631242752075	0.0750548243522644
chr11:57326467:T:C	Benign	coding	0.15620791912078857	0.09025555849075317	0.06364366412162781	0.006318092346191406
chr11:57805909:C:T	Pathogenic	coding	0.12392604351043701	0.13034868240356445	0.12487521767616272	0.28504523634910583
chr11:59793172:G:A	Benign	coding	0.08009558916091919	0.13090959191322327	0.020430386066436768	0.1819237470626831
chr11:61366177:G:A	Benign	coding	0.016432464122772217	0.08843261003494263	0.09279048442840576	0.18369096517562866
chr11:61366209:G:A	Pathogenic	other	0.023660719394683838	0.02392476797103882	0.0486009418964386	0.037467509508132935
chr11:61786062:G:A	Pathogenic	noncoding	0.0784691572189331	0.10878366231918335	0.022426187992095947	0.027032911777496338
chr11:61786092:C:T	Benign	coding	0.02944338321685791	0.057861328125	0.025179386138916016	0.0006085038185119629
chr11:61964754:G:A	Benign	coding	0.07160966098308563	0.05747878551483154	0.07447725534439087	0.07002341747283936
chr11:61964793:G:A	Benign	coding	0.12556079030036926	0.06426596641540527	0.04037141799926758	0.021358579397201538
chr11:61964896:A:G	Benign	noncoding	0.12077939510345459	0.13803425431251526	0.05181622505187988	0.24619469046592712
chr11:61964975:T:C	Benign	noncoding	0.07922932505607605	0.06054234504699707	0.04767438769340515	0.03973798453807831
chr11:61967366:G:A	Benign	coding	0.07629203796386719	0.06956204771995544	0.1052192747592926	0.014590978622436523
chr11:61967589:T:A	Pathogenic	noncoding	0.01885777711868286	0.047659218311309814	0.01957160234451294	0.06839920580387115
chr11:62146788:G:A	Benign	coding	0.0883665382862091	0.04720193147659302	0.004840075969696045	0.04036837816238403
chr11:62146810:G:A	Benign	coding	0.21985989809036255	0.03866785764694214	0.009047925472259521	0.008796632289886475
chr11:62146897:C:T	Benign	coding	0.11223024129867554	0.013434171676635742	0.02860364317893982	0.29568541049957275
chr11:62148574:G:A	Benign	noncoding	0.1425536870956421	0.10316210985183716	0.018493175506591797	0.05455338954925537
chr11:62152006:G:A	Benign	noncoding	0.0788550078868866	0.03338456153869629	0.02332979440689087	0.0967884361743927
chr11:62152043:C:G	Benign	noncoding	0.03942495584487915	0.019662857055664062	0.01958608627319336	0.0484447181224823
chr11:62152097:G:C	Benign	noncoding	0.0018868446350097656	0.008486926555633545	0.038635075092315674	0.02737981081008911
chr11:62516833:G:C	Benign	coding	0.11086392402648926	0.11214366555213928	0.043345093727111816	0.07099705934524536
chr11:62518693:C:G	Benign	coding	0.017317593097686768	0.03997960686683655	0.06459552049636841	0.051051825284957886
chr11:62523230:C:T	Benign	coding	0.12175118923187256	0.0455116331577301	0.02978314459323883	0.03500336408615112
chr11:62525480:G:A	Benign	coding	0.04073357582092285	0.1384442150592804	0.05524653196334839	0.06779006123542786
chr11:62525508:A:C	Benign	coding	0.052627742290496826	0.06443539261817932	0.03552606701850891	0.10276991128921509
chr11:62529420:T:C	Benign	coding	0.13218700885772705	0.16022825241088867	0.07535800337791443	0.08761665225028992
chr11:62529526:C:T	Benign	coding	0.03584986925125122	0.08723616600036621	0.05667757987976074	0.07429355382919312
chr11:62529927:G:C	Benign	coding	0.05153319239616394	0.032050251960754395	0.06615939736366272	0.08769881725311279
chr11:62529938:A:G	Benign	coding	0.1891467571258545	0.19357985258102417	0.13554152846336365	0.148220956325531
chr11:62531229:C:T	Benign	coding	0.026522338390350342	0.15736991167068481	0.06161302328109741	0.07623797655105591
chr11:62533239:C:T	Benign	coding	0.05143141746520996	0.03265559673309326	0.05865710973739624	0.09111553430557251
chr11:62533241:C:T	Benign	coding	0.033835381269454956	0.06595045328140259	0.04098467528820038	0.05532479286193848
chr11:62533496:G:A	Benign	coding	0.07591569423675537	0.012193441390991211	0.0650000274181366	0.024692118167877197
chr11:62535087:C:T	Benign	coding	0.11051440238952637	0.02099950611591339	0.040290504693984985	0.055123329162597656
chr11:62535093:C:T	Benign	coding	0.08052712678909302	0.031778156757354736	0.041218116879463196	0.017994627356529236
chr11:62629607:G:A	Benign	coding	0.08942115306854248	0.06986355781555176	0.037810444831848145	0.12030646204948425
chr11:62629642:T:C	Benign	coding	0.13186430931091309	0.03752601146697998	0.08889728784561157	0.02562651038169861
chr11:62629653:C:G	Pathogenic	coding	0.048708975315093994	0.07820296287536621	0.05199068784713745	0.2805415689945221
chr11:62629705:C:G	Benign	noncoding	0.03483855724334717	0.07115781307220459	0.07775089144706726	0.12186771631240845
chr11:62630397:C:A	Pathogenic	other	0.05071943998336792	0.09461212158203125	0.011682987213134766	0.2633422017097473
chr11:62631118:G:A	Benign	coding	0.07673174142837524	0.07373875379562378	0.11614853143692017	0.18703806400299072
chr11:62631168:T:C	Benign	coding	0.03113764524459839	0.03921467065811157	0.02811574935913086	0.210687518119812
chr11:62634148:C:T	Benign	noncoding	0.037134453654289246	0.039788633584976196	0.05570340156555176	0.05394509434700012
chr11:62639022:C:T	Benign	coding	0.09605079889297485	0.09338593482971191	0.05980178713798523	0.015960335731506348
chr11:62691132:G:A	Pathogenic	coding	0.07989728450775146	0.09750187397003174	0.043013691902160645	0.2698921859264374
chr11:63900956:G:A	Pathogenic	noncoding	0.03451085090637207	0.06774091720581055	0.05468243360519409	0.14471906423568726
chr11:63901021:C:G	Pathogenic	other	0.06904405355453491	0.04603773355484009	0.05033904314041138	0.09748190641403198
chr11:63901070:G:A	Pathogenic	noncoding	0.02059626579284668	0.058405280113220215	0.03618168830871582	0.5141605138778687
chr11:63976224:G:C	Pathogenic	noncoding	0.21257710456848145	0.13994945585727692	0.06070855259895325	0.7123358845710754
chr11:64116513:T:C	Benign	coding	0.07858186960220337	0.03541979193687439	0.03587353229522705	0.026937663555145264
chr11:64116555:C:T	Benign	coding	0.05548395216464996	0.13342377543449402	0.04036992788314819	0.13160064816474915
chr11:64117053:G:A	Benign	coding	0.14573848247528076	0.24704217910766602	0.07714784145355225	0.04783952236175537
chr11:64117089:G:A	Benign	coding	0.1343650221824646	0.06229513883590698	0.032451510429382324	0.03384500741958618
chr11:64117437:G:T	Benign	coding	0.025987476110458374	0.045169830322265625	0.030619800090789795	0.048244476318359375
chr11:64211268:A:T	Benign	noncoding	0.20559179782867432	0.13065415620803833	0.032584965229034424	0.3609711527824402
chr11:64235856:C:T	Benign	coding	0.07742780447006226	0.04796785116195679	0.028399229049682617	0.004432007670402527
chr11:64237452:G:A	Benign	coding	0.02092266082763672	0.026503801345825195	0.006165027618408203	0.052382051944732666
chr11:65659665:C:T	Pathogenic	noncoding	0.04427725076675415	0.05190680921077728	0.012279212474822998	0.7825723886489868
chr11:65659730:C:T	Benign	coding	0.0278664231300354	0.017788052558898926	0.0213315486907959	0.10645924508571625
chr11:65659769:G:A	Benign	coding	0.04370167851448059	0.054178833961486816	0.010243922472000122	0.05194973945617676
chr11:65659783:G:A	Pathogenic	other	0.06254428625106812	0.03405553102493286	0.03506064414978027	0.08974570035934448
chr11:65856048:G:A	Benign	coding	0.17593464255332947	0.03870558738708496	0.05499497056007385	0.08330583572387695
chr11:65893177:C:T	Benign	coding	0.299434095621109	0.0787782073020935	0.02592402696609497	0.014021255075931549
chr11:66056952:C:T	Pathogenic	other	0.11262953281402588	0.058531105518341064	0.013587653636932373	0.14603686332702637
chr11:66061933:C:T	Pathogenic	other	0.14825743436813354	0.028113871812820435	0.06801116466522217	0.11905241012573242
chr11:66340784:G:A	Benign	coding	0.10631394386291504	0.08185333013534546	0.02077999711036682	0.05049210786819458
chr11:67491057:G:A	Benign	noncoding	0.007636889815330505	0.01679028943181038	0.0342634916305542	0.0035816654562950134
chr11:67507592:C:T	Benign	coding	0.03551286458969116	0.06596046686172485	0.020986557006835938	0.0147971510887146
chr11:67584690:C:T	Benign	coding	0.2570406198501587	0.06373971700668335	0.024399086833000183	0.06212836503982544
chr11:67585782:G:A	Benign	noncoding	0.019219160079956055	0.04434870183467865	0.049525707960128784	0.006156692281365395
chr11:67608582:G:A	Pathogenic	other	0.21938320994377136	0.04732349514961243	0.025529861450195312	0.769265353679657
chr11:67609581:C:T	Benign	coding	0.16200822591781616	0.11608552932739258	0.07068103551864624	0.0728866457939148
chr11:67610419:C:G	Benign	coding	0.054604172706604004	0.0564919114112854	0.08140355348587036	0.07340437173843384
chr11:67610487:G:A	Pathogenic	coding	0.11054450273513794	0.10433989763259888	0.03669625520706177	0.10100501775741577
chr11:67610510:G:A	Pathogenic	coding	0.10460501909255981	0.05370590090751648	0.0679197609424591	0.055161476135253906
chr11:67610525:A:T	Pathogenic	other	0.20855382084846497	0.05000638961791992	0.04437953233718872	0.7838339805603027
chr11:67611367:C:G	Benign	noncoding	0.11374688148498535	0.05439096689224243	0.02622544765472412	0.6026729345321655
chr11:67612292:G:A	Benign	noncoding	0.06495219469070435	0.010416567325592041	0.021516621112823486	0.024774610996246338
chr11:68043370:G:C	Pathogenic	noncoding	0.02911818027496338	0.08018690347671509	0.02642279863357544	0.14347290992736816
chr11:68171019:C:A	Pathogenic	other	0.17007872462272644	0.0901675820350647	0.041197121143341064	0.18375098705291748
chr11:68363925:C:T	Pathogenic	noncoding	0.19815582036972046	0.055159300565719604	0.020502924919128418	0.4982397258281708
chr11:68446521:C:T	Benign	coding	0.060066282749176025	0.06691229343414307	0.021916091442108154	0.7087985277175903
chr11:68449010:C:T	Benign	coding	0.06237390637397766	0.02886223793029785	0.009002208709716797	0.04946666955947876
chr11:68688942:T:C	Benign	noncoding	0.04171013832092285	0.10748645663261414	0.05947518348693848	0.033954620361328125
chr11:71441267:T:C	Benign	coding	0.07015615701675415	0.08455142378807068	0.02088344097137451	0.02215541899204254
chr11:71442267:A:C	Benign	coding	0.1523878425359726	0.044392943382263184	0.02432030439376831	0.02241501212120056
chr11:71444937:G:A	Pathogenic	other	0.10023754835128784	0.0841435045003891	0.03676706552505493	0.15046483278274536
chr11:71444952:T:G	Pathogenic	coding	0.03704029321670532	0.04699444770812988	0.01535099744796753	0.00956791639328003
chr11:71455108:A:C	Pathogenic	noncoding	0.10576969385147095	0.10231262445449829	0.017317473888397217	0.421022891998291
chr11:71455169:T:C	Pathogenic	coding	0.11990386247634888	0.10749563574790955	0.03156447410583496	0.074716717004776
chr11:72013687:C:T	Benign	coding	0.10610891878604889	0.01572054624557495	0.007387399673461914	0.2672715187072754
chr11:72018840:T:C	Benign	coding	0.06530600786209106	0.23704400658607483	0.03242582082748413	0.03960922360420227
chr11:72225386:A:G	Benign	noncoding	0.11630845069885254	0.04420650005340576	0.05558323860168457	0.11157336831092834
chr11:72434282:C:A	Pathogenic	noncoding	0.07906073331832886	0.06341725587844849	0.009241580963134766	0.09587818384170532
chr11:72754972:C:T	Benign	coding	0.06162452697753906	0.07290530204772949	0.0467718243598938	0.03409166634082794
chr11:73718840:G:T	Benign	coding	0.029074430465698242	0.06929370760917664	0.060749590396881104	0.06463761627674103
chr11:75572208:A:G	Benign	noncoding	0.09519876539707184	0.0674206018447876	0.02165508270263672	0.018845200538635254
chr11:75572663:T:G	Benign	noncoding	0.2930387556552887	0.08842688798904419	0.220592200756073	0.09613281488418579
chr11:78559538:C:T	Pathogenic	noncoding	0.014854557812213898	0.0671052634716034	0.008896887302398682	0.19276192784309387
chr11:78559588:A:T	Pathogenic	coding	0.017466343939304352	0.008987247943878174	0.023083597421646118	0.042653217911720276
chr11:82839298:G:T	Benign	coding	0.038484930992126465	0.08840012550354004	0.07002875208854675	0.03434103727340698
chr11:82860028:T:C	Benign	coding	0.04985037446022034	0.10045091807842255	0.10970133543014526	0.11381232738494873
chr11:83168850:G:A	Benign	coding	0.04335123300552368	0.05027878284454346	0.05608177185058594	0.014806032180786133
chr11:83168988:C:T	Benign	coding	0.06349325180053711	0.0798138976097107	0.04930007457733154	0.04551517963409424
chr11:85978392:T:C	Benign	noncoding	0.051931023597717285	0.09800249338150024	0.0728587806224823	0.24486303329467773
chr11:85996869:T:C	Benign	coding	0.11582398414611816	0.04009854793548584	0.0510563850402832	0.015644490718841553
chr11:86001110:T:C	Benign	coding	0.0761314332485199	0.05856311321258545	0.0355144739151001	0.06767392158508301
chr11:86945691:C:T	Benign	noncoding	0.04258841276168823	0.03004276752471924	0.010504305362701416	0.023967266082763672
chr11:86945774:G:A	Benign	noncoding	0.003271341323852539	0.02432948350906372	0.033761680126190186	0.0016080737113952637
chr11:86946259:C:A	Benign	noncoding	0.10166783630847931	0.07817865908145905	0.07337331771850586	0.4447680413722992
chr11:86947254:C:T	Benign	noncoding	0.28196802735328674	0.021577179431915283	0.014908313751220703	0.024858616292476654
chr11:86947503:T:C	Benign	noncoding	0.0209425687789917	0.044174909591674805	0.017280161380767822	0.34993088245391846
chr11:86947568:G:A	Benign	noncoding	0.06787878274917603	0.06138885021209717	0.005597174167633057	0.1380099654197693
chr11:86948171:A:G	Benign	noncoding	0.020409464836120605	0.019700706005096436	0.005529880523681641	0.011317670345306396
chr11:86948182:A:G	Benign	noncoding	0.031038761138916016	0.07193407416343689	0.014345824718475342	0.455233633518219
chr11:86952188:G:A	Pathogenic	other	0.043505072593688965	0.10337358713150024	0.051431745290756226	0.44264376163482666
chr11:86952203:C:A	Pathogenic	other	0.1595856249332428	0.044905781745910645	0.034480541944503784	0.511457085609436
chr11:86952214:C:T	Pathogenic	coding	0.052445828914642334	0.04629337787628174	0.051673948764801025	0.06303775310516357
chr11:86952254:G:A	Benign	coding	0.10133737325668335	0.048387348651885986	0.032190293073654175	0.07857531309127808
chr11:87071621:A:C	Benign	noncoding	0.007049381732940674	0.048739150166511536	0.033726781606674194	0.03661447763442993
chr11:88326571:T:C	Benign	noncoding	0.03489145636558533	0.0187017023563385	0.026141852140426636	0.034805476665496826
chr11:88326572:A:T	Benign	noncoding	0.019287288188934326	0.034012481570243835	0.033206164836883545	0.11886831372976303
chr11:88326713:T:A	Benign	noncoding	0.03881955146789551	0.10369062423706055	0.023935794830322266	0.08866190910339355
chr11:88326714:T:C	Benign	noncoding	0.050651371479034424	0.09603458642959595	0.011256128549575806	0.18033191561698914
chr11:95812970:C:T	Pathogenic	other	0.2101932168006897	0.2481175661087036	0.03396376967430115	0.6137086153030396
chr11:95827915:C:T	Pathogenic	other	0.20456862449645996	0.049607619643211365	0.077485591173172	0.7675151228904724
chr11:95828017:C:T	Pathogenic	other	0.19564849138259888	0.13854435086250305	0.0373154878616333	0.7801694273948669
chr11:95834741:C:T	Benign	noncoding	0.056439220905303955	0.016380488872528076	0.046453654766082764	0.03315424919128418
chr11:95836150:G:A	Pathogenic	other	0.006083831191062927	0.12729325890541077	0.010892152786254883	0.748232364654541
chr11:95836162:G:T	Benign	coding	0.0822553038597107	0.03507336229085922	0.013759925961494446	0.427686870098114
chr11:95845063:G:A	Pathogenic	other	0.13105815649032593	0.13856172561645508	0.07033511996269226	0.5420132875442505
chr11:95845106:C:A	Benign	coding	0.09956502914428711	0.03161656856536865	0.020328521728515625	0.07002496719360352
chr11:95845106:C:T	Benign	coding	0.15834373235702515	0.040393054485321045	0.03177773952484131	0.046327173709869385
chr11:108284371:T:A	Pathogenic	other	0.18833157420158386	0.1344694197177887	0.0657186210155487	0.22134077548980713
chr11:108284371:T:G	Pathogenic	other	0.3994365930557251	0.17868173122406006	0.07752643525600433	0.19481980800628662
chr11:108284380:T:G	Pathogenic	other	0.028238605707883835	0.07038241624832153	0.03710255026817322	0.07513466477394104
chr11:108284401:G:T	Benign	coding	0.015704840421676636	0.037034809589385986	0.22268334031105042	0.0952303558588028
chr11:108284405:G:A	Benign	coding	0.024930745363235474	0.017461836338043213	0.027017414569854736	0.012359708547592163
chr11:108284411:C:T	Pathogenic	other	0.020888090133666992	0.03368377685546875	0.026083648204803467	0.01328960806131363
chr11:108284414:A:T	Pathogenic	other	0.03494828939437866	0.011688381433486938	0.08313870429992676	0.07652664184570312
chr11:108284422:T:G	Benign	coding	0.00607907772064209	0.003927409648895264	0.006610557436943054	0.047799333930015564
chr11:108284443:G:T	Benign	coding	0.06832551956176758	0.07110743224620819	0.052295982837677	0.03845304250717163
chr11:108940309:A:G	Benign	coding	0.013160765171051025	0.083504319190979	0.017788708209991455	0.4330250024795532
chr11:110257751:C:A	Benign	noncoding	0.14473199844360352	0.10189023613929749	0.03892695903778076	0.04503892362117767
chr11:110263964:G:A	Pathogenic	noncoding	0.08978945016860962	0.06636515259742737	0.09153267741203308	0.180422842502594
chr11:118503987:C:T	Pathogenic	other	0.06471186876296997	0.09008049964904785	0.07549464702606201	0.7688583135604858
chr11:118504462:T:A	Pathogenic	coding	0.033546894788742065	0.046865999698638916	0.034835100173950195	0.06132239103317261
chr11:118505477:G:A	Benign	coding	0.05432075262069702	0.0654340386390686	0.02178242802619934	0.03105604648590088
chr11:118505731:C:A	Pathogenic	other	0.09240865707397461	0.06951886415481567	0.02153080701828003	0.046425819396972656
chr11:118505854:C:T	Benign	coding	0.07785731554031372	0.11069178581237793	0.02407577633857727	0.19297760725021362
chr11:118506031:C:G	Pathogenic	other	0.14391523599624634	0.10930556058883667	0.062333375215530396	0.31516650319099426
chr11:118581405:A:C	Benign	coding	0.06337380409240723	0.12747466564178467	0.05170333385467529	0.012269258499145508
chr11:118581416:C:G	Pathogenic	noncoding	0.08765262365341187	0.06799042224884033	0.017722725868225098	0.057464599609375
chr11:118583349:C:T	Benign	coding	0.05900344252586365	0.03535813093185425	0.054179757833480835	0.0806145966053009
chr11:118590384:C:T	Pathogenic	other	0.22509178519248962	0.1752900779247284	0.05856192111968994	0.19153261184692383
chr11:118590389:C:T	Benign	coding	0.15211635828018188	0.08011388778686523	0.0313357412815094	0.2699858546257019
chr11:118590456:C:T	Pathogenic	other	0.2508668303489685	0.12889903783798218	0.03533965349197388	0.32846230268478394
chr11:118590457:G:A	Benign	coding	0.0910806953907013	0.13096261024475098	0.044677138328552246	0.13588255643844604
chr11:118590509:G:A	Benign	noncoding	0.127946138381958	0.04306679964065552	0.013236552476882935	0.03294956684112549
chr11:118754900:C:T	Benign	noncoding	0.09778505563735962	0.07238739728927612	0.06928151845932007	0.31099221110343933
chr11:119015893:G:A	Benign	coding	0.07460683584213257	0.05301612615585327	0.04718559980392456	0.21530961990356445
chr11:119023577:A:G	Benign	noncoding	0.0963468849658966	0.048332154750823975	0.05024373531341553	0.18299317359924316
chr11:119052715:C:T	Benign	coding	0.102561354637146	0.11199596524238586	0.05670881271362305	0.028192654252052307
chr11:119090189:G:A	Pathogenic	noncoding	0.045339226722717285	0.14676743745803833	0.06357747316360474	0.4597444534301758
chr11:119090212:C:T	Pathogenic	other	0.14185667037963867	0.08877436816692352	0.06752759218215942	0.12184053659439087
chr11:119090213:G:A	Pathogenic	coding	0.0213472843170166	0.08585131168365479	0.04555559158325195	0.06506770849227905
chr11:119090224:C:T	Pathogenic	other	0.044708192348480225	0.08257277309894562	0.05265548825263977	0.17897069454193115
chr11:119090230:C:T	Pathogenic	other	0.0793144702911377	0.06443457305431366	0.05147242546081543	0.21360892057418823
chr11:119090266:G:A	Pathogenic	noncoding	0.13319247961044312	0.030880987644195557	0.06371527910232544	0.12562745809555054
chr11:119096581:A:G	Benign	noncoding	0.07289792597293854	0.044788241386413574	0.11105459928512573	0.0763140320777893
chr11:119096814:C:T	Benign	noncoding	0.0309562087059021	0.13812866806983948	0.025444388389587402	0.0947883129119873
chr11:119300020:A:G	Benign	noncoding	0.09551429748535156	0.03444713354110718	0.04270726442337036	0.07852023839950562
chr11:119300294:A:G	Benign	noncoding	0.08349071443080902	0.049385011196136475	0.04850423336029053	0.15650036931037903
chr11:119301228:A:G	Benign	noncoding	0.014947030693292618	0.029830388724803925	0.008506543934345245	0.004002034664154053
chr11:119301637:T:C	Benign	noncoding	0.2595604956150055	0.16061389446258545	0.11717790365219116	0.24207258224487305
chr11:119301696:T:C	Benign	noncoding	0.04753534495830536	0.0661163330078125	0.06508278846740723	0.05223679542541504
chr11:119301714:C:T	Benign	noncoding	0.03740197420120239	0.10793128609657288	0.087323397397995	0.1385015845298767
chr11:119302877:C:G	Benign	noncoding	0.07298141717910767	0.09061479568481445	0.025266587734222412	0.3258165121078491
chr11:119304365:C:A	Benign	noncoding	0.015598595142364502	0.04862421751022339	0.006750941276550293	0.0435481071472168
chr11:119305429:T:C	Benign	noncoding	0.05512151122093201	0.04246792197227478	0.04784280061721802	0.16962605714797974
chr11:119305498:T:G	Benign	noncoding	0.08366361260414124	0.06727230548858643	0.03744775056838989	0.11690938472747803
chr11:119305499:C:A	Benign	noncoding	0.05579817295074463	0.04618352651596069	0.0088387131690979	0.03179013729095459
chr11:119305537:G:A	Benign	noncoding	0.051618874073028564	0.06515741348266602	0.023575037717819214	0.020931676030158997
chr11:119305768:A:T	Benign	noncoding	0.22733283042907715	0.014122545719146729	0.022590816020965576	0.09476637840270996
chr11:119305789:T:C	Benign	noncoding	0.029374301433563232	0.03093135356903076	0.022683262825012207	0.030360937118530273
chr11:123059519:T:C	Benign	coding	0.12127172946929932	0.07864722609519958	0.006062448024749756	0.12052673101425171
chr11:123060629:T:C	Benign	coding	0.036794185638427734	0.04734081029891968	0.051109373569488525	0.04944401979446411
chr11:123060671:G:C	Benign	coding	0.04801887273788452	0.09192317724227905	0.03551065921783447	0.03213217854499817
chr11:124669399:C:T	Benign	coding	0.025820672512054443	0.2578864097595215	0.05970323085784912	0.2763095498085022
chr11:125606357:C:G	Benign	coding	0.07393699884414673	0.10735496878623962	0.11387726664543152	0.2642766535282135
chr11:125609468:G:A	Benign	coding	0.09779903292655945	0.08438783884048462	0.08880031108856201	0.3181648254394531
chr11:125609601:C:T	Benign	noncoding	0.06052678823471069	0.02835667133331299	0.031532347202301025	0.018740475177764893
chr11:125613087:T:C	Benign	coding	0.07275703549385071	0.10519009828567505	0.009360522031784058	0.09874558448791504
chr11:125614149:A:G	Benign	coding	0.01138123869895935	0.06425559520721436	0.0512622594833374	0.027272343635559082
chr11:126265094:G:C	Pathogenic	coding	0.11500310897827148	0.16262906789779663	0.07835453748703003	0.18999417126178741
chr11:126275429:G:C	Pathogenic	noncoding	0.1539204716682434	0.11056643724441528	0.025616109371185303	0.6795309782028198
chr11:126276349:C:T	Benign	noncoding	0.13678324222564697	0.18638259172439575	0.15445834398269653	0.07968944311141968
chr11:126276396:A:G	Benign	coding	0.3930361270904541	0.16812437772750854	0.14796918630599976	0.3314814567565918
chr11:126276415:C:A	Pathogenic	other	0.14212286472320557	0.16363656520843506	0.05006992816925049	0.14458000659942627
chr11:126276476:C:T	Pathogenic	coding	0.047223031520843506	0.05401507019996643	0.08527085185050964	0.1672411561012268
chr11:130122522:A:C	Benign	noncoding	0.08130055665969849	0.034411221742630005	0.00677037239074707	0.002823054790496826
chr12:862125:C:T	Benign	coding	0.11732938885688782	0.04719281196594238	0.03963904082775116	0.4749796390533447
chr12:862212:T:C	Benign	coding	0.0605006217956543	0.0998082160949707	0.017731070518493652	0.09683126211166382
chr12:880673:T:C	Benign	noncoding	0.041019976139068604	0.03438824415206909	0.048076331615448	0.1472051441669464
chr12:884848:C:T	Benign	coding	0.045785099267959595	0.03639489412307739	0.0343015193939209	0.749295711517334
chr12:908031:C:T	Benign	coding	0.009940028190612793	0.15352863073349	0.06837204098701477	0.05063128471374512
chr12:908534:G:A	Benign	coding	0.0161726251244545	0.029679089784622192	0.04789397120475769	0.0779755711555481
chr12:909323:C:T	Benign	noncoding	0.11370474100112915	0.02972251921892166	0.03557886183261871	0.05290631949901581
chr12:911100:T:C	Benign	noncoding	0.0721605122089386	0.06319808959960938	0.12457168102264404	0.07086288928985596
chr12:911375:C:T	Benign	noncoding	0.07425665855407715	0.04489469528198242	0.009174168109893799	0.018475621938705444
chr12:2803240:G:C	Benign	coding	0.3990343511104584	0.1194503903388977	0.041216954588890076	0.10427024960517883
chr12:4301265:C:T	Benign	noncoding	0.0885658860206604	0.0443914532661438	0.02936217188835144	0.047435104846954346
chr12:4302215:C:T	Benign	noncoding	0.07875227928161621	0.11545422673225403	0.028665095567703247	0.02234095335006714
chr12:4659027:A:T	Benign	noncoding	0.20612460374832153	0.10428565740585327	0.015233218669891357	0.13170289993286133
chr12:6328979:C:T	Benign	noncoding	0.05159023404121399	0.08917731046676636	0.04582110047340393	0.034759342670440674
chr12:6534825:C:G	Benign	noncoding	0.06161227822303772	0.09113666415214539	0.04042494297027588	0.028412580490112305
chr12:6582272:G:A	Benign	coding	0.06966418027877808	0.06824368238449097	0.07857799530029297	0.043885886669158936
chr12:6583240:G:A	Pathogenic	coding	0.21503719687461853	0.08427298069000244	0.02770453691482544	0.1924155354499817
chr12:6591713:C:T	Pathogenic	coding	0.22352567315101624	0.01180201768875122	0.03524771332740784	0.1099274754524231
chr12:6593191:G:T	Pathogenic	coding	0.06282283365726471	0.020304590463638306	0.026656746864318848	0.11955288797616959
chr12:6593223:C:T	Benign	coding	0.20302173495292664	0.093639075756073	0.07811886072158813	0.1190754771232605
chr12:6597986:G:A	Benign	coding	0.011538445949554443	0.11970673501491547	0.0340905636548996	0.1860501915216446
chr12:6598088:G:A	Benign	coding	0.0954846739768982	0.0500907301902771	0.048467040061950684	0.09044283628463745
chr12:6601455:C:T	Benign	coding	0.282931923866272	0.017018616199493408	0.021123766899108887	0.1741502285003662
chr12:6601710:G:A	Benign	coding	0.17682069540023804	0.12650445103645325	0.04808869957923889	0.07064439356327057
chr12:6601749:A:G	Benign	coding	0.023715972900390625	0.17513328790664673	0.04872101545333862	0.07046559453010559
chr12:6846697:A:C	Benign	noncoding	0.002728879451751709	0.0002841949462890625	0.0301663875579834	0.002182483673095703
chr12:6846701:C:A	Benign	noncoding	0.002862274646759033	0.00011450052261352539	0.014966905117034912	0.0022998452186584473
chr12:6870355:T:C	Pathogenic	coding	0.071511410176754	0.07240352034568787	0.028478488326072693	0.33339616656303406
chr12:6870771:C:T	Benign	noncoding	0.13731595873832703	0.046583354473114014	0.01875537633895874	0.07822027802467346
chr12:6870803:T:C	Benign	noncoding	0.0484004020690918	0.03655040264129639	0.052505940198898315	0.09236323833465576
chr12:6935780:G:A	Benign	coding	0.19818702340126038	0.09184335172176361	0.05057328939437866	0.07734502106904984
chr12:6936737:G:A	Benign	coding	0.09011834859848022	0.09667256474494934	0.02758413553237915	0.04957561194896698
chr12:6936914:G:A	Benign	coding	0.08167016506195068	0.031575560569763184	0.014909207820892334	0.6873151063919067
chr12:6943810:A:G	Benign	noncoding	0.030372269451618195	0.043621838092803955	0.029153019189834595	0.035996176302433014
chr12:6943811:C:T	Benign	noncoding	0.01414056122303009	0.011921189725399017	0.1310693323612213	0.07746845483779907
chr12:6943815:G:A	Benign	noncoding	0.017393536865711212	0.06034815311431885	0.038059353828430176	0.007955670356750488
chr12:6943859:C:T	Benign	noncoding	0.13269349932670593	0.1183861494064331	0.11685341596603394	0.08778698742389679
chr12:6943863:T:C	Benign	noncoding	0.019472599029541016	0.07143819332122803	0.051092177629470825	0.058004945516586304
chr12:6943876:C:T	Benign	noncoding	0.056264907121658325	0.06262007355690002	0.023479700088500977	0.055497393012046814
chr12:6945838:A:G	Benign	coding	0.12548786401748657	0.04027944803237915	0.04011327028274536	0.3042513132095337
chr12:9079672:T:C	Benign	coding	0.06338995695114136	0.03341923654079437	0.0728696882724762	0.021290242671966553
chr12:9079755:C:T	Benign	coding	0.026521891355514526	0.06037110090255737	0.04646819829940796	0.08820447325706482
chr12:14460537:G:A	Benign	coding	0.038801610469818115	0.039050936698913574	0.02819889783859253	0.028216898441314697
chr12:21643922:T:C	Benign	noncoding	0.028226912021636963	0.02887558937072754	0.20070958137512207	0.20383699238300323
chr12:24901853:G:A	Benign	coding	0.07779094576835632	0.03755080699920654	0.02501511573791504	0.0803074836730957
chr12:25208161:T:C	Benign	noncoding	0.06841880083084106	0.05228525400161743	0.02045765519142151	0.08689039945602417
chr12:28306836:A:G	Benign	coding	0.03694590926170349	0.12862016260623932	0.026562094688415527	0.351683646440506
chr12:39293717:T:C	Benign	noncoding	0.18233412504196167	0.33718255162239075	0.05205494165420532	0.24327152967453003
chr12:45850644:C:T	Pathogenic	other	0.03277099132537842	0.01217031478881836	0.01997905969619751	0.022106409072875977
chr12:48088943:T:C	Benign	coding	0.08173656463623047	0.10569286346435547	0.04125767946243286	0.2568000555038452
chr12:48145871:G:A	Benign	noncoding	0.015466451644897461	0.07567566633224487	0.06133544445037842	0.04882824420928955
chr12:48836716:A:G	Benign	coding	0.09004172682762146	0.06868419051170349	0.006602227687835693	0.03465752303600311
chr12:49031777:G:A	Benign	coding	0.09269082546234131	0.07507789134979248	0.005345761775970459	0.04494553804397583
chr12:49031786:G:A	Benign	coding	0.036708950996398926	0.0453181266784668	0.003659486770629883	0.05478990077972412
chr12:49031788:T:G	Benign	coding	0.06147146224975586	0.03353673219680786	0.016975998878479004	0.17475444078445435
chr12:49031795:G:A	Benign	coding	0.0838155746459961	0.06265407800674438	0.012006878852844238	0.05125412344932556
chr12:49031814:A:C	Benign	coding	0.09047248959541321	0.0658760666847229	0.041610538959503174	0.15031886100769043
chr12:49031842:C:T	Benign	coding	0.025126755237579346	0.035282671451568604	0.028040647506713867	0.10241401195526123
chr12:49031846:G:A	Benign	coding	0.07070642709732056	0.026962876319885254	0.027736783027648926	0.055817991495132446
chr12:49031846:G:T	Benign	coding	0.08068960905075073	0.030357301235198975	0.025524497032165527	0.07928115129470825
chr12:49031861:G:A	Pathogenic	other	0.019549071788787842	0.10703647136688232	0.02308472990989685	0.07309156656265259
chr12:49031867:C:G	Benign	coding	0.05652669072151184	0.06816774606704712	0.04703706502914429	0.19289642572402954
chr12:49031882:G:A	Pathogenic	other	0.02881091833114624	0.046874821186065674	0.01775258779525757	0.09034126996994019
chr12:49031888:G:T	Benign	coding	0.06304013729095459	0.04307103157043457	0.04452568292617798	0.01161646842956543
chr12:49032800:G:A	Pathogenic	other	0.011582434177398682	0.03164190053939819	0.08038744330406189	0.11324173212051392
chr12:49032803:G:A	Pathogenic	other	0.02229166030883789	0.06754869222640991	0.07926081120967865	0.11301964521408081
chr12:49032815:G:A	Pathogenic	other	0.1613074243068695	0.04052448272705078	0.04788273572921753	0.07646960020065308
chr12:49032824:G:A	Pathogenic	other	0.05728578567504883	0.03202664852142334	0.07859250903129578	0.0711660385131836
chr12:49032830:G:A	Pathogenic	other	0.0861693024635315	0.020820140838623047	0.19169366359710693	0.09582847356796265
chr12:49032839:G:A	Pathogenic	other	0.07845878601074219	0.013612091541290283	0.056965917348861694	0.0466005802154541
chr12:49032854:G:A	Pathogenic	other	0.025189876556396484	0.02624034881591797	0.08810253441333771	0.040499746799468994
chr12:49032860:G:A	Pathogenic	other	0.09943997859954834	0.028428077697753906	0.07127684354782104	0.03221893310546875
chr12:49032878:G:A	Pathogenic	other	0.07145273685455322	0.017226874828338623	0.07903191447257996	0.04211008548736572
chr12:49032893:G:A	Pathogenic	other	0.06836062669754028	0.025026440620422363	0.1124182939529419	0.04034590721130371
chr12:49032899:G:A	Pathogenic	other	0.09097406268119812	0.03815340995788574	0.05800899863243103	0.03135555982589722
chr12:49032908:G:A	Pathogenic	other	0.15863335132598877	0.03555858135223389	0.09340935945510864	0.030343592166900635
chr12:49032920:G:A	Pathogenic	other	0.06514120101928711	0.03436022996902466	0.0760309100151062	0.037536442279815674
chr12:49032935:G:A	Pathogenic	other	0.10840395092964172	0.036032676696777344	0.04981866478919983	0.02863621711730957
chr12:49032941:G:A	Pathogenic	other	0.08874240517616272	0.031822800636291504	0.112677663564682	0.017413735389709473
chr12:49032950:G:A	Pathogenic	other	0.07636982202529907	0.03267437219619751	0.08276045322418213	0.021318018436431885
chr12:49032956:G:A	Pathogenic	other	0.08980152010917664	0.04773658514022827	0.22304165363311768	0.01989656686782837
chr12:49032965:G:A	Pathogenic	other	0.08414843678474426	0.03743457794189453	0.11428382992744446	0.034398674964904785
chr12:49032974:G:A	Pathogenic	other	0.10627490282058716	0.05883914232254028	0.05383598804473877	0.043291449546813965
chr12:49032977:G:A	Pathogenic	other	0.12010547518730164	0.05155152082443237	0.014400601387023926	0.0728764533996582
chr12:49032983:G:A	Pathogenic	other	0.0901491641998291	0.06023961305618286	0.12553097307682037	0.05634230375289917
chr12:49032992:G:A	Pathogenic	other	0.07515281438827515	0.051643311977386475	0.08039090037345886	0.10962074995040894
chr12:49033004:G:A	Pathogenic	other	0.17057204246520996	0.0792381763458252	0.08096513152122498	0.4363049268722534
chr12:49033009:T:C	Benign	coding	0.10782259702682495	0.05671054124832153	0.059267401695251465	0.12827593088150024
chr12:49033018:G:C	Benign	coding	0.048808515071868896	0.06490534543991089	0.19163444638252258	0.16485556960105896
chr12:49033025:T:C	Benign	coding	0.08745789527893066	0.0813869833946228	0.03249979019165039	0.19732344150543213
chr12:49033038:C:G	Benign	coding	0.06915467977523804	0.15233638882637024	0.4240260124206543	0.12804925441741943
chr12:49033047:C:A	Benign	coding	0.09917238354682922	0.08515071868896484	0.09845805168151855	0.16439127922058105
chr12:49033073:G:A	Pathogenic	other	0.061906635761260986	0.10939911007881165	0.03389713168144226	0.4526712894439697
chr12:49040066:G:A	Benign	coding	0.01208961009979248	0.058885395526885986	0.04881185293197632	0.122077077627182
chr12:49040094:G:C	Benign	coding	0.09099656343460083	0.06851974129676819	0.08582937717437744	0.29786843061447144
chr12:49040099:C:T	Benign	coding	0.09198814630508423	0.12085449695587158	0.06858989596366882	0.21329939365386963
chr12:49040100:G:A	Benign	coding	0.06727099418640137	0.1432184875011444	0.07624459266662598	0.24534925818443298
chr12:49040107:C:T	Benign	coding	0.0842859148979187	0.08749902248382568	0.01685166358947754	0.17435511946678162
chr12:49040122:G:T	Benign	coding	0.05999404191970825	0.050788700580596924	0.11944729089736938	0.19682952761650085
chr12:49040125:G:A	Benign	coding	0.06773224472999573	0.03544318675994873	0.0598984956741333	0.12014126777648926
chr12:49040142:C:A	Benign	coding	0.06781375408172607	0.061600446701049805	0.07720667123794556	0.14392584562301636
chr12:49040153:A:G	Benign	coding	0.06366461515426636	0.044031500816345215	0.0519198477268219	0.12717488408088684
chr12:49040179:G:A	Benign	coding	0.028638601303100586	0.04830902814865112	0.02554723620414734	0.26204395294189453
chr12:49040192:T:C	Benign	coding	0.11418825387954712	0.049973368644714355	0.017913922667503357	0.04125760495662689
chr12:49040942:T:C	Benign	coding	0.05391012132167816	0.05438429117202759	0.04130953550338745	0.020609799772500992
chr12:49040950:A:G	Benign	coding	0.022947125136852264	0.04715454578399658	0.11030462384223938	0.2604062557220459
chr12:49040962:C:T	Benign	coding	0.08853611350059509	0.07303428649902344	0.08349275588989258	0.08190466463565826
chr12:49041018:G:T	Pathogenic	other	0.10825216770172119	0.15854912996292114	0.05492261052131653	0.0416797399520874
chr12:49041072:G:T	Benign	coding	0.06455755233764648	0.021907508373260498	0.0242597758769989	0.030199766159057617
chr12:49041101:T:C	Benign	coding	0.008333146572113037	0.07882523536682129	0.016147315502166748	0.047772109508514404
chr12:49041106:G:A	Pathogenic	other	0.09371769428253174	0.039379119873046875	0.03490930795669556	0.05500960350036621
chr12:49041120:C:T	Benign	coding	0.032592833042144775	0.04250293970108032	0.01721411943435669	0.01438373327255249
chr12:49041148:G:A	Pathogenic	other	0.019859254360198975	0.054499685764312744	0.0296400785446167	0.19568592309951782
chr12:49041156:G:T	Benign	coding	0.01632028818130493	0.036190152168273926	0.049646466970443726	0.04429560899734497
chr12:49041164:A:G	Benign	coding	0.034749507904052734	0.051277875900268555	0.006909489631652832	0.1777779459953308
chr12:49041191:C:T	Benign	coding	0.044806867837905884	0.026838839054107666	0.011039793491363525	0.032070934772491455
chr12:49041197:C:T	Benign	coding	0.07009059190750122	0.03873312473297119	0.0181732177734375	0.050595998764038086
chr12:49041198:G:A	Benign	coding	0.06124472618103027	0.07818984985351562	0.005288541316986084	0.06284904479980469
chr12:49041205:A:G	Benign	coding	0.027456462383270264	0.03487604856491089	0.007951736450195312	0.12732183933258057
chr12:49041207:C:A	Benign	coding	0.04836845397949219	0.0379256010055542	0.010005474090576172	0.01740783452987671
chr12:49041207:C:T	Benign	coding	0.06963765621185303	0.022153019905090332	0.008524060249328613	0.03799182176589966
chr12:49041216:A:G	Benign	coding	0.054574668407440186	0.07939109206199646	0.004276156425476074	0.06500455737113953
chr12:49041223:A:T	Benign	coding	0.012721121311187744	0.04603761434555054	0.01196068525314331	0.06054651737213135
chr12:49041228:G:A	Benign	coding	0.0476686954498291	0.04630523920059204	0.004374206066131592	0.07554316520690918
chr12:49041245:G:A	Benign	coding	0.07120254635810852	0.05781286954879761	0.006677389144897461	0.0632631778717041
chr12:49041262:G:T	Benign	coding	0.07595443725585938	0.09276330471038818	0.01679903268814087	0.6161421537399292
chr12:49049030:T:C	Benign	noncoding	0.020377397537231445	0.0983390212059021	0.008285492658615112	0.3608551025390625
chr12:49051120:G:C	Benign	coding	0.061805203557014465	0.14069212973117828	0.05965393781661987	0.1788753718137741
chr12:49051132:G:C	Benign	coding	0.07306629419326782	0.1946745216846466	0.03716069459915161	0.14249500632286072
chr12:49051168:C:T	Benign	coding	0.09903335571289062	0.10994791984558105	0.0644349455833435	0.1163141131401062
chr12:49051187:G:A	Benign	coding	0.1580892652273178	0.050254642963409424	0.020348012447357178	0.0577736496925354
chr12:49051190:T:C	Benign	coding	0.0952329933643341	0.15759220719337463	0.019511640071868896	0.046916961669921875
chr12:49051195:C:A	Pathogenic	other	0.2956605553627014	0.297795832157135	0.06648480892181396	0.08297240734100342
chr12:49051202:T:C	Benign	coding	0.05920863151550293	0.18530744314193726	0.03114756941795349	0.2538590431213379
chr12:49051213:A:G	Benign	coding	0.09189772605895996	0.10898441076278687	0.024385511875152588	0.19117534160614014
chr12:49051228:G:T	Benign	coding	0.09324926137924194	0.09153780341148376	0.053016483783721924	0.06012052297592163
chr12:49051245:G:A	Benign	coding	0.06966462731361389	0.15549105405807495	0.01285010576248169	0.0557672381401062
chr12:49051259:G:T	Benign	coding	0.0989488959312439	0.04757207632064819	0.02038741111755371	0.07311147451400757
chr12:49051297:G:A	Benign	coding	0.08264613151550293	0.06801480054855347	0.024014294147491455	0.03567463159561157
chr12:49051299:G:C	Benign	coding	0.0724048912525177	0.06177356839179993	0.031465888023376465	0.038516342639923096
chr12:49051304:C:T	Benign	coding	0.10312405228614807	0.06773161888122559	0.050574302673339844	0.03695964813232422
chr12:49051309:C:T	Benign	coding	0.09211850166320801	0.039247214794158936	0.05482447147369385	0.04376429319381714
chr12:49051403:G:A	Benign	coding	0.04840618371963501	0.08193367719650269	0.01704522967338562	0.03590869903564453
chr12:49051414:C:G	Benign	coding	0.10898333787918091	0.11003106832504272	0.09813541173934937	0.0898059606552124
chr12:49051420:G:A	Benign	coding	0.040322184562683105	0.16400545835494995	0.01018369197845459	0.088661789894104
chr12:49051420:G:C	Benign	coding	0.07002867758274078	0.10861745476722717	0.056479185819625854	0.098471999168396
chr12:49051434:G:A	Benign	coding	0.09228828549385071	0.11074405908584595	0.0362621545791626	0.13873732089996338
chr12:49051446:C:G	Benign	coding	0.03627324104309082	0.1906762719154358	0.019866585731506348	0.15827417373657227
chr12:49051473:C:T	Benign	coding	0.11171935498714447	0.18128922581672668	0.021210789680480957	0.10971343517303467
chr12:49051488:G:A	Benign	coding	0.11774146556854248	0.16774088144302368	0.014607369899749756	0.4117871820926666
chr12:49051509:A:T	Benign	coding	0.08417493104934692	0.04335522651672363	0.03745296597480774	0.046462446451187134
chr12:49051536:A:G	Benign	coding	0.09427618980407715	0.07837742567062378	0.018256783485412598	0.0406876802444458
chr12:49051541:C:T	Benign	coding	0.040603578090667725	0.10262393951416016	0.02005612850189209	0.20830929279327393
chr12:49051542:G:T	Pathogenic	other	0.036656856536865234	0.02733081579208374	0.03163084387779236	0.43941766023635864
chr12:49051548:T:C	Benign	coding	0.06184375286102295	0.011246025562286377	0.057360053062438965	0.0708344578742981
chr12:49051550:C:T	Benign	coding	0.09557715058326721	0.05963391065597534	0.009652435779571533	0.047933995723724365
chr12:49051558:G:A	Benign	coding	0.05730640888214111	0.023386776447296143	0.006008327007293701	0.021269142627716064
chr12:49051587:G:C	Benign	coding	0.04568964242935181	0.011150062084197998	0.016254067420959473	0.021405816078186035
chr12:49051612:G:A	Benign	coding	0.024065375328063965	0.02127671241760254	0.003036320209503174	0.033573925495147705
chr12:49051615:A:G	Benign	coding	0.041924476623535156	0.023317933082580566	0.003426790237426758	0.037315964698791504
chr12:49051619:G:A	Benign	coding	0.021747469902038574	0.01195669174194336	0.004455864429473877	0.01568758487701416
chr12:49051620:C:A	Benign	coding	0.031832337379455566	0.05089449882507324	0.014682888984680176	0.009599804878234863
chr12:49051620:C:T	Benign	coding	0.03806418180465698	0.04721623659133911	0.009413063526153564	0.01431506872177124
chr12:49051640:G:C	Benign	coding	0.04304760694503784	0.04913139343261719	0.018366694450378418	0.020239591598510742
chr12:49051644:G:A	Benign	coding	0.08664840459823608	0.07681000232696533	0.0027968287467956543	0.01648777723312378
chr12:49051658:A:C	Benign	coding	0.042617857456207275	0.13376212120056152	0.017278552055358887	0.008394241333007812
chr12:49051671:A:G	Benign	coding	0.08801418542861938	0.06886094808578491	0.0035449862480163574	0.01683753728866577
chr12:49051701:C:T	Benign	coding	0.06594693660736084	0.03738117218017578	0.01317530870437622	0.03866857290267944
chr12:49051722:G:A	Benign	coding	0.0825832188129425	0.05248522758483887	0.003475487232208252	0.038644492626190186
chr12:49051728:C:T	Benign	coding	0.09066569805145264	0.07595109939575195	0.012722313404083252	0.017988204956054688
chr12:49051743:G:C	Benign	coding	0.14150723814964294	0.10109710693359375	0.02023756504058838	0.06997686624526978
chr12:49051748:G:C	Benign	coding	0.0355147123336792	0.018771827220916748	0.024118363857269287	0.02029353380203247
chr12:49051770:G:C	Benign	coding	0.1031082272529602	0.04592806100845337	0.020556330680847168	0.04720199108123779
chr12:49051774:G:T	Benign	coding	0.09200513362884521	0.04538869857788086	0.014385342597961426	0.012562453746795654
chr12:49051784:C:T	Benign	coding	0.0580410361289978	0.051271140575408936	0.01472771167755127	0.032591819763183594
chr12:49051920:G:A	Benign	coding	0.08096098899841309	0.036659300327301025	0.004663527011871338	0.017339348793029785
chr12:49051924:C:T	Benign	coding	0.06961506605148315	0.03272688388824463	0.02183324098587036	0.06109654903411865
chr12:49051942:T:C	Benign	coding	0.11009228229522705	0.03431123495101929	0.022116243839263916	0.01905524730682373
chr12:49051968:A:G	Benign	coding	0.06926679611206055	0.057751238346099854	0.014065265655517578	0.01637423038482666
chr12:49051972:G:A	Benign	coding	0.10084164142608643	0.09843498468399048	0.008267343044281006	0.07835978269577026
chr12:49051989:G:A	Benign	coding	0.07361871004104614	0.11246925592422485	0.00591123104095459	0.05368894338607788
chr12:49051996:T:C	Benign	coding	0.1017313003540039	0.056212782859802246	0.019856691360473633	0.005938470363616943
chr12:49052011:G:A	Benign	coding	0.05280935764312744	0.04295569658279419	0.005025029182434082	0.03198915719985962
chr12:49052012:T:G	Benign	coding	0.03219103813171387	0.03316831588745117	0.008604288101196289	0.036284685134887695
chr12:49052015:C:T	Benign	coding	0.09988844394683838	0.03424239158630371	0.006525635719299316	0.008914768695831299
chr12:49052037:A:G	Benign	coding	0.0680733323097229	0.08682996034622192	0.007081389427185059	0.044062793254852295
chr12:49052043:G:A	Benign	coding	0.049700915813446045	0.06298112869262695	0.0038684606552124023	0.047119855880737305
chr12:49054579:G:A	Pathogenic	other	0.04777240753173828	0.04745376110076904	0.029022514820098877	0.4429437220096588
chr12:49054585:G:A	Benign	coding	0.0300445556640625	0.05029994249343872	0.02196788787841797	0.04036480188369751
chr12:49054593:C:G	Benign	coding	0.12002164125442505	0.1276986002922058	0.0648658275604248	0.09984834492206573
chr12:49054642:C:T	Benign	coding	0.03196519613265991	0.04474443197250366	0.01938110589981079	0.05668920278549194
chr12:49054649:C:T	Benign	coding	0.06063520908355713	0.03677171468734741	0.03372037410736084	0.15930402278900146
chr12:49054651:G:A	Benign	coding	0.04173940420150757	0.03961333632469177	0.02362734079360962	0.09659826755523682
chr12:49054655:C:T	Pathogenic	other	0.050168514251708984	0.020548522472381592	0.01836150884628296	0.3950400948524475
chr12:49054664:T:C	Benign	coding	0.039610207080841064	0.04396742582321167	0.02863335609436035	0.07714241743087769
chr12:49054670:C:T	Benign	coding	0.15275216102600098	0.08051645755767822	0.021260976791381836	0.13458594679832458
chr12:49054672:C:A	Pathogenic	other	0.042940497398376465	0.05145201086997986	0.02786087989807129	0.308480829000473
chr12:49054678:G:A	Benign	coding	0.12345141172409058	0.09200358390808105	0.031016647815704346	0.2552073001861572
chr12:49054680:C:T	Benign	coding	0.07582062482833862	0.06542378664016724	0.021065175533294678	0.06048724055290222
chr12:49054690:G:A	Benign	coding	0.08797144889831543	0.08091437816619873	0.02839142084121704	0.1466376781463623
chr12:49055319:G:C	Benign	coding	0.010337784886360168	0.028839945793151855	0.025104999542236328	0.07372182607650757
chr12:49128795:T:C	Benign	coding	0.14442723989486694	0.14932692050933838	0.02593141794204712	0.35175707936286926
chr12:49128822:C:T	Benign	coding	0.09387308359146118	0.09880465269088745	0.07550030946731567	0.1411808580160141
chr12:50718803:T:C	Benign	coding	0.04374009370803833	0.0729513168334961	0.05016791820526123	0.10096654295921326
chr12:51026305:C:G	Benign	noncoding	0.09218728542327881	0.03468954563140869	0.039916425943374634	0.04152405261993408
chr12:53309702:G:A	Pathogenic	other	0.05330467224121094	0.06847688555717468	0.010463207960128784	0.2403380572795868
chr12:54281778:A:G	Benign	noncoding	0.18081921339035034	0.1456192135810852	0.08522772789001465	0.046130627393722534
chr12:54283877:T:C	Pathogenic	coding	0.04659479856491089	0.125798761844635	0.06297442317008972	0.07805991172790527
chr12:54283877:T:G	Pathogenic	coding	0.053500592708587646	0.05971711128950119	0.03205287456512451	0.01594012975692749
chr12:54283901:T:C	Pathogenic	coding	0.08666068315505981	0.050408780574798584	0.10414177179336548	0.040394127368927
chr12:54349649:C:A	Benign	coding	0.13250237703323364	0.1316457986831665	0.03691795468330383	0.023739531636238098
chr12:56276015:G:A	Benign	coding	0.07794979214668274	0.06763079762458801	0.01564079523086548	0.08386841416358948
chr12:56420619:A:G	Benign	coding	0.05714225769042969	0.03475320339202881	0.04577469825744629	0.016823410987854004
chr12:57525746:C:G	Benign	coding	0.09425139427185059	0.048653244972229004	0.016232967376708984	0.04020535945892334
chr12:57584344:C:T	Benign	noncoding	0.14565330743789673	0.12108230590820312	0.14435970783233643	0.14946779608726501
chr12:57751373:C:T	Benign	noncoding	0.12121087312698364	0.05201864242553711	0.08881357312202454	0.012155771255493164
chr12:57751532:T:G	Benign	coding	0.06759059429168701	0.025307774543762207	0.027837395668029785	0.03194373846054077
chr12:57751559:T:C	Benign	coding	0.15011733770370483	0.01809525489807129	0.025585591793060303	0.02213376760482788
chr12:57751610:A:G	Benign	coding	0.18278586864471436	0.03253304958343506	0.024261534214019775	0.06296539306640625
chr12:57751616:G:T	Benign	coding	0.09973675012588501	0.024685144424438477	0.013065218925476074	0.1942652463912964
chr12:57751619:G:A	Benign	coding	0.05933719873428345	0.03239166736602783	0.03410285711288452	0.02922201156616211
chr12:57751622:C:T	Benign	coding	0.027435719966888428	0.014592647552490234	0.03724205493927002	0.035502076148986816
chr12:65240134:A:G	Pathogenic	noncoding	0.08419573307037354	0.07931667566299438	0.07079988718032837	0.7272416949272156
chr12:65247960:G:A	Benign	noncoding	0.04881882667541504	0.11329388618469238	0.01593303680419922	0.03526529669761658
chr12:65248205:C:T	Benign	noncoding	0.0011234879493713379	0.013926029205322266	0.05098360776901245	0.06447345018386841
chr12:65248226:G:A	Benign	noncoding	0.034005820751190186	0.17185825109481812	0.015587270259857178	0.1951049566268921
chr12:68689025:G:A	Benign	coding	0.07115907967090607	0.07411176711320877	0.06637930870056152	0.03638482093811035
chr12:68808776:G:C	Benign	noncoding	0.014439404010772705	0.03729820251464844	0.009921431541442871	0.1939551830291748
chr12:68808800:T:G	Benign	noncoding	0.009403347969055176	0.08055633306503296	0.01133650541305542	0.08373045921325684
chr12:69353388:G:A	Benign	noncoding	0.037560105323791504	0.15042799711227417	0.03915393352508545	0.05376821756362915
chr12:69353397:C:T	Benign	noncoding	0.10722559690475464	0.1604197919368744	0.03250622749328613	0.09285786747932434
chr12:69353740:G:A	Benign	noncoding	0.06341877579689026	0.007701978087425232	0.054008543491363525	0.039724528789520264
chr12:69353874:G:T	Benign	noncoding	0.10860699415206909	0.04924039542675018	0.19369357824325562	0.022077322006225586
chr12:69586834:A:G	Benign	noncoding	0.03659665584564209	0.09839847683906555	0.03290431201457977	0.12241488695144653
chr12:69587486:C:A	Benign	noncoding	0.032702744007110596	0.09020048379898071	0.04737171530723572	0.2653998136520386
chr12:79793941:T:G	Benign	noncoding	0.03829050064086914	0.051473796367645264	0.016772538423538208	0.043533384799957275
chr12:79796832:A:G	Benign	coding	0.10310995578765869	0.03828728199005127	0.06834089756011963	0.12898635864257812
chr12:79796870:C:G	Benign	coding	0.09335184097290039	0.0987878143787384	0.014508217573165894	0.10063904523849487
chr12:79809840:T:G	Benign	coding	0.217331200838089	0.07817748188972473	0.05961301922798157	0.12554368376731873
chr12:79809972:T:G	Benign	coding	0.04368811845779419	0.13470792770385742	0.021685659885406494	0.5637036561965942
chr12:79832454:C:T	Benign	coding	0.022844791412353516	0.10204705595970154	0.05804860591888428	0.12748003005981445
chr12:79845286:T:A	Benign	noncoding	0.07445597648620605	0.056660473346710205	0.010553300380706787	0.05859111249446869
chr12:79845323:G:A	Pathogenic	other	0.10882888734340668	0.11950203776359558	0.022856593132019043	0.9390279054641724
chr12:79845396:A:G	Benign	coding	0.16501635313034058	0.03410428762435913	0.02072244882583618	0.03282466530799866
chr12:88049360:C:A	Pathogenic	noncoding	0.032753705978393555	0.04923754930496216	0.026300370693206787	0.4589608609676361
chr12:94994203:C:T	Pathogenic	noncoding	0.002688169479370117	0.015935644507408142	0.042267292737960815	0.23631656169891357
chr12:94994211:G:A	Benign	coding	0.011881768703460693	0.014221817255020142	0.024900496006011963	0.035005368292331696
chr12:94994249:G:A	Pathogenic	noncoding	0.0146409273147583	0.03823375701904297	0.03343391418457031	0.07242089509963989
chr12:98598127:T:C	Benign	noncoding	0.03537267446517944	0.037694334983825684	0.03866666555404663	0.17002081871032715
chr12:98598624:C:T	Pathogenic	other	0.11298367381095886	0.20782256126403809	0.0857829749584198	0.5742053985595703
chr12:98598657:T:C	Benign	coding	0.04863250255584717	0.043951719999313354	0.047704875469207764	0.02959287166595459
chr12:98598658:T:G	Pathogenic	coding	0.06755250692367554	0.06835293769836426	0.07667285203933716	0.07555270195007324
chr12:98601285:G:A	Benign	noncoding	0.06596803665161133	0.040203750133514404	0.01345968246459961	0.5765185952186584
chr12:98677505:A:C	Benign	coding	0.028349995613098145	0.322960764169693	0.013621211051940918	0.01571601629257202
chr12:102399119:G:A	Benign	noncoding	0.002414226531982422	0.0019040107727050781	0.01685333251953125	0.002264857292175293
chr12:103932343:G:A	Benign	coding	0.10643552243709564	0.0793461799621582	0.039949893951416016	0.10101479291915894
chr12:104321083:T:C	Benign	noncoding	0.00967937707901001	0.007056593894958496	0.011811822652816772	0.04665732383728027
chr12:108569151:G:A	Benign	noncoding	0.01136171817779541	0.05583393573760986	0.00952768325805664	0.017553627490997314
chr12:108569153:A:T	Benign	noncoding	0.07290269434452057	0.03390759229660034	0.009316086769104004	0.12035232782363892
chr12:109556648:T:A	Benign	noncoding	0.21083390712738037	0.16786623001098633	0.07005871832370758	0.02442634105682373
chr12:109556650:A:T	Benign	noncoding	0.03342700004577637	0.07530169188976288	0.12601709365844727	0.022032439708709717
chr12:109556652:A:T	Benign	noncoding	0.04548078775405884	0.045796871185302734	0.03227844834327698	0.01714533567428589
chr12:109556654:A:T	Benign	noncoding	0.010030567646026611	0.006719470024108887	0.05692124366760254	0.008654117584228516
chr12:110322980:T:C	Benign	noncoding	0.04183852672576904	0.07716608047485352	0.03562679886817932	0.060213327407836914
chr12:110323007:C:T	Pathogenic	coding	0.0303841233253479	0.07550233602523804	0.02478158473968506	0.01130765676498413
chr12:110327725:G:T	Pathogenic	coding	0.11020636558532715	0.09368729591369629	0.05542312562465668	0.11120229959487915
chr12:110333180:G:A	Pathogenic	noncoding	0.25168609619140625	0.020734667778015137	0.07832804322242737	0.40209338068962097
chr12:110333286:A:G	Benign	noncoding	0.023875176906585693	0.09020519256591797	0.009183228015899658	0.027010977268218994
chr12:110345995:C:T	Benign	noncoding	0.05151107907295227	0.07545286417007446	0.01730644702911377	0.5973756313323975
chr12:110346007:C:T	Benign	coding	0.1137416660785675	0.11065822839736938	0.02986156940460205	0.12425553798675537
chr12:110346046:C:T	Benign	coding	0.08978956937789917	0.03923073410987854	0.07749807834625244	0.014440476894378662
chr12:110350345:G:A	Benign	noncoding	0.04540508985519409	0.04613250494003296	0.045412927865982056	0.0960589349269867
chr12:110350673:A:G	Benign	noncoding	0.030271172523498535	0.010414600372314453	0.014505207538604736	0.03522580862045288
chr12:110351048:G:A	Benign	noncoding	0.17809733748435974	0.09065419435501099	0.008426189422607422	0.1039586067199707
chr12:110351050:C:T	Benign	noncoding	0.08025917410850525	0.09210777282714844	0.050553202629089355	0.07633697986602783
chr12:111456065:C:T	Benign	coding	0.17713642120361328	0.0753520131111145	0.05622309446334839	0.04537433385848999
chr12:111456268:C:T	Benign	noncoding	0.021726295351982117	0.05029892921447754	0.020650148391723633	0.1461576223373413
chr12:111599125:G:A	Benign	noncoding	0.04461944103240967	0.02604776620864868	0.01355654001235962	0.02886146306991577
chr12:111599188:G:A	Benign	noncoding	0.04250454902648926	0.0074988603591918945	0.0093461275100708	0.009952783584594727
chr12:111599196:G:C	Benign	noncoding	0.03234386444091797	0.02551090717315674	0.04139399528503418	0.07729041576385498
chr12:111599210:C:G	Benign	noncoding	0.008063793182373047	0.02886277437210083	0.030075132846832275	0.05451434850692749
chr12:111799980:G:A	Benign	coding	0.10738784074783325	0.06970494985580444	0.13481837511062622	0.06326693296432495
chr12:111803916:G:A	Benign	coding	0.11682599782943726	0.022371351718902588	0.0325697660446167	0.01437079906463623
chr12:112482202:A:G	Benign	coding	0.24887466430664062	0.061562299728393555	0.03649979829788208	0.040960073471069336
chr12:112486497:G:A	Pathogenic	other	0.271414577960968	0.08330053091049194	0.008390963077545166	0.20441964268684387
chr12:112506462:G:A	Benign	noncoding	0.06631824374198914	0.019770383834838867	0.03615468740463257	0.036663442850112915
chr12:113159061:G:A	Benign	coding	0.19582945108413696	0.029283344745635986	0.055529654026031494	0.045381009578704834
chr12:115961315:T:C	Pathogenic	coding	0.07600721716880798	0.028461158275604248	0.024250686168670654	0.3732438385486603
chr12:115961319:C:T	Benign	coding	0.10307717323303223	0.04791378974914551	0.026270389556884766	0.055284470319747925
chr12:115961320:G:A	Benign	coding	0.044189512729644775	0.062231481075286865	0.010694742202758789	0.02778679132461548
chr12:115961354:T:C	Benign	coding	0.024737447500228882	0.1571195125579834	0.023225843906402588	0.05067276954650879
chr12:115969009:G:A	Benign	coding	0.11795109510421753	0.08990585803985596	0.034521475434303284	0.04261362552642822
chr12:115969057:G:A	Benign	coding	0.012028157711029053	0.16459950804710388	0.03345203399658203	0.058661848306655884
chr12:115975314:C:T	Pathogenic	noncoding	0.22389757633209229	0.014630794525146484	0.02798299491405487	0.33200007677078247
chr12:115980903:C:T	Benign	coding	0.07349623739719391	0.08700722455978394	0.016635417938232422	0.005178093910217285
chr12:115980971:C:A	Benign	noncoding	0.1552456021308899	0.11946737766265869	0.02890455722808838	0.026182830333709717
chr12:115991663:G:A	Benign	coding	0.008998069912195206	0.04226964712142944	0.01398620754480362	0.003943905234336853
chr12:115991664:G:A	Benign	coding	0.04424417018890381	0.010389089584350586	0.01273299753665924	0.08134803175926208
chr12:115991689:T:C	Benign	coding	0.017735004425048828	0.017701774835586548	0.045482903718948364	0.017955362796783447
chr12:115991723:G:A	Benign	coding	0.024672627449035645	0.09523442387580872	0.01741926372051239	0.0733221173286438
chr12:115991749:G:A	Pathogenic	other	0.0718526542186737	0.09871402382850647	0.04393818974494934	0.4726406931877136
chr12:116008424:G:A	Benign	coding	0.04258495569229126	0.06358110904693604	0.05556422472000122	0.10985535383224487
chr12:116096672:T:C	Benign	coding	0.024773046374320984	0.03168755769729614	0.02298837900161743	0.1975865364074707
chr12:116096673:T:A	Pathogenic	other	0.12026169896125793	0.06953147053718567	0.035687148571014404	0.29635417461395264
chr12:116237501:T:C	Benign	coding	0.04456835985183716	0.03852725028991699	0.0150948166847229	0.0769025981426239
chr12:116237515:C:T	Pathogenic	other	0.027695178985595703	0.03622978925704956	0.03079766035079956	0.41632023453712463
chr12:116237563:C:T	Pathogenic	other	0.02621692419052124	0.05722701549530029	0.03912046551704407	0.6757822036743164
chr12:116237567:C:T	Benign	coding	0.024392247200012207	0.08341503143310547	0.0730518102645874	0.1017346978187561
chr12:116237605:A:T	Pathogenic	other	0.027526378631591797	0.057809725403785706	0.04455524682998657	0.40239065885543823
chr12:116237612:T:C	Benign	coding	0.07952994108200073	0.18181449174880981	0.07000872492790222	0.06501242518424988
chr12:116237659:T:C	Benign	coding	0.044186875224113464	0.10006532073020935	0.025230199098587036	0.11769455671310425
chr12:118034290:C:T	Pathogenic	coding	0.09125453233718872	0.057387351989746094	0.08743539452552795	0.2547052502632141
chr12:119672396:G:A	Benign	coding	0.03754627704620361	0.06669190526008606	0.04348105192184448	0.14580100774765015
chr12:119708221:A:T	Benign	coding	0.11685782670974731	0.04435780644416809	0.02916663885116577	0.004788041114807129
chr12:119708223:T:C	Benign	coding	0.03013712167739868	0.024214282631874084	0.03969666361808777	0.027396641671657562
chr12:119708278:C:T	Benign	coding	0.031472086906433105	0.03647434711456299	0.058982521295547485	0.051390767097473145
chr12:119752254:C:G	Benign	noncoding	0.03326970338821411	0.04883795976638794	0.12995174527168274	0.0062375664710998535
chr12:119757357:C:T	Benign	noncoding	0.1882011592388153	0.07906422019004822	0.003155052661895752	0.012581758201122284
chr12:119757359:C:A	Benign	noncoding	0.09405837953090668	0.06855398416519165	0.061439186334609985	0.02032962441444397
chr12:120224274:T:C	Benign	coding	0.06100201606750488	0.05387008190155029	0.05173438787460327	0.2791837453842163
chr12:120440727:T:C	Benign	noncoding	0.1025647521018982	0.1886799931526184	0.08939424157142639	0.07336920499801636
chr12:120465781:T:C	Benign	coding	0.025913000106811523	0.018375515937805176	0.03193393349647522	0.03703168034553528
chr12:121439936:G:A	Benign	coding	0.06151503324508667	0.053576648235321045	0.014299929141998291	0.06747925281524658
chr12:122238974:A:C	Benign	noncoding	0.0009389519691467285	0.001027822494506836	0.0024689435958862305	0.0006543397903442383
chr12:123298083:G:A	Benign	coding	0.06738901138305664	0.05276685953140259	0.013282716274261475	0.07186803221702576
chr12:123309316:T:C	Benign	coding	0.17791369557380676	0.056352317333221436	0.05446505546569824	0.035939931869506836
chr12:123327582:G:A	Benign	noncoding	0.03483861684799194	0.0700920820236206	0.021533608436584473	0.01953125
chr12:123327748:T:C	Benign	coding	0.06056696176528931	0.021420836448669434	0.018511831760406494	0.04979175329208374
chr12:123758606:C:T	Benign	noncoding	0.04333772510290146	0.02321469783782959	0.04417461156845093	0.00573122501373291
chr12:124335592:G:A	Benign	coding	0.055734843015670776	0.028024256229400635	0.045397013425827026	0.05068647861480713
chr12:124336857:G:A	Benign	coding	0.06731739640235901	0.08627700805664062	0.005737245082855225	0.2651263475418091
chr12:124336867:G:A	Benign	coding	0.07381957769393921	0.06377434730529785	0.009492635726928711	0.004202008247375488
chr12:124336870:C:T	Benign	coding	0.10427793860435486	0.03602057695388794	0.01209402084350586	0.15511679649353027
chr12:124336937:C:A	Benign	coding	0.05464571714401245	0.1396459937095642	0.020859897136688232	0.12577199935913086
chr12:124337072:G:A	Benign	coding	0.15277224779129028	0.1107361912727356	0.02396303415298462	0.4000321924686432
chr12:124337120:G:A	Benign	coding	0.11863380670547485	0.07331991195678711	0.03734397888183594	0.0046266913414001465
chr12:124337150:C:T	Benign	coding	0.042494237422943115	0.04560178518295288	0.010073274374008179	0.01898324489593506
chr12:124337159:G:A	Benign	coding	0.03553515672683716	0.04350745677947998	0.01866796612739563	0.016207218170166016
chr12:124342052:T:C	Benign	coding	0.013325273990631104	0.07216280698776245	0.010718107223510742	0.06171375513076782
chr12:124355580:C:T	Benign	noncoding	0.08066436648368835	0.06788203120231628	0.03135943412780762	0.1866304874420166
chr12:124372114:T:A	Benign	coding	0.07995158433914185	0.05404382944107056	0.0036921799182891846	0.08311229944229126
chr12:124778493:C:T	Benign	coding	0.049547016620635986	0.02984607219696045	0.017778635025024414	0.07288268208503723
chr12:124778515:C:T	Benign	coding	0.02871328592300415	0.017261624336242676	0.010315418243408203	0.010505050420761108
chr12:124786227:A:G	Benign	coding	0.041030824184417725	0.03509357571601868	0.013360530138015747	0.06976526975631714
chr12:124800202:A:G	Benign	coding	0.09679453074932098	0.07098406553268433	0.021113216876983643	0.055483877658843994
chr12:124817606:G:A	Benign	coding	0.10867112874984741	0.04327356815338135	0.023086249828338623	0.07249373197555542
chr12:124980688:G:C	Benign	coding	0.23720067739486694	0.07076579332351685	0.02075028419494629	0.0812717080116272
chr12:124980722:G:A	Benign	coding	0.3139066696166992	0.018176913261413574	0.020959138870239258	0.11449229717254639
chr12:124986230:C:T	Benign	coding	0.25657397508621216	0.02598544955253601	0.017717808485031128	0.08849483728408813
chr12:131917408:C:T	Benign	other	0.07379207015037537	0.09808242321014404	0.06450366973876953	0.1046910285949707
chr12:131929732:C:T	Pathogenic	noncoding	0.07954216003417969	0.1018247902393341	0.042862534523010254	0.1853577196598053
chr12:131929780:G:T	Pathogenic	noncoding	0.0515984445810318	0.06437775492668152	0.016705438494682312	0.10661935806274414
chr12:132632153:A:G	Benign	noncoding	0.025941506028175354	0.0801001489162445	0.0893779993057251	0.06545200943946838
chr12:132664689:G:A	Benign	noncoding	0.027506381273269653	0.08299779891967773	0.034407228231430054	0.19648021459579468
chr12:132675415:G:A	Benign	coding	0.1401325762271881	0.04918617010116577	0.027923673391342163	0.016245126724243164
chr12:132675423:G:A	Pathogenic	other	0.26215660572052	0.02785685658454895	0.04004654288291931	0.09496217221021652
chr12:132675481:C:A	Benign	coding	0.23361217975616455	0.07925999164581299	0.027662068605422974	0.002534644678235054
chr12:132675484:A:G	Benign	coding	0.061801791191101074	0.05801820755004883	0.03779742121696472	0.00047266483306884766
chr12:132675735:C:T	Pathogenic	other	0.195038303732872	0.04834789037704468	0.01509171724319458	0.18230891227722168
chr12:132675773:G:T	Benign	coding	0.20803040266036987	0.04270416498184204	0.01585140824317932	0.047212421894073486
chr12:132675782:C:T	Benign	coding	0.03688278794288635	0.043022096157073975	0.02007320523262024	0.03813772276043892
chr12:132675796:C:A	Pathogenic	other	0.16525384783744812	0.03530667722225189	0.017370522022247314	0.695402979850769
chr12:132675808:G:A	Pathogenic	other	0.11905515193939209	0.031127169728279114	0.07795825600624084	0.2940196990966797
chr12:132711135:A:G	Benign	noncoding	0.05734243988990784	0.07289785146713257	0.03286343812942505	0.21314260363578796
chr12:132718142:C:T	Benign	noncoding	0.05640125274658203	0.11019563674926758	0.05029907822608948	0.04692775011062622
chr12:132718183:A:G	Benign	noncoding	0.015782460570335388	0.08516409993171692	0.034781038761138916	0.16664977371692657
chr12:132718767:C:T	Benign	coding	0.036040931940078735	0.06991523504257202	0.05751168727874756	0.09285695850849152
chr12:132718796:C:G	Benign	coding	0.09856390953063965	0.061695635318756104	0.20518797636032104	0.264350026845932
chr12:132718915:T:C	Benign	noncoding	0.04055789113044739	0.04295313358306885	0.03131479024887085	0.15626835823059082
chr12:132734301:C:T	Benign	noncoding	0.018902629613876343	0.04279440641403198	0.06561267375946045	0.06248459219932556
chr13:20003015:T:G	Pathogenic	other	0.15993115305900574	0.10617730021476746	0.1374078392982483	0.06662138551473618
chr13:25327027:C:G	Benign	coding	0.06806963682174683	0.17577487230300903	0.2654401957988739	0.052114903926849365
chr13:27253852:G:A	Benign	noncoding	0.12239342927932739	0.05667668581008911	0.10252538323402405	0.15884476900100708
chr13:27253904:A:G	Benign	noncoding	0.058227673172950745	0.055588752031326294	0.07977575063705444	0.027710825204849243
chr13:27254206:A:T	Benign	noncoding	0.027882307767868042	0.07395881414413452	0.022239863872528076	0.17930762469768524
chr13:27254247:G:A	Pathogenic	coding	0.059646666049957275	0.08718493580818176	0.047457754611968994	0.1552223563194275
chr13:27623000:T:G	Pathogenic	coding	0.10783696174621582	0.09629952907562256	0.012093037366867065	0.16388076543807983
chr13:27623011:C:G	Pathogenic	coding	0.19299085438251495	0.08507645130157471	0.06575486063957214	0.4149967432022095
chr13:27623109:A:G	Benign	coding	0.06522508710622787	0.08784830570220947	0.06513446569442749	0.7526886463165283
chr13:28678110:C:G	Benign	noncoding	0.07369410991668701	0.03801828622817993	0.02961498498916626	0.12182950973510742
chr13:32332526:G:T	Pathogenic	other	0.03844478726387024	0.01763586699962616	0.028224140405654907	0.5731965899467468
chr13:32332529:A:T	Pathogenic	other	0.14486932754516602	0.0841665044426918	0.06829312443733215	0.6551430225372314
chr13:32332534:C:G	Pathogenic	noncoding	0.18175897002220154	0.018316645175218582	0.03393052518367767	0.5464866161346436
chr13:32332536:C:A	Pathogenic	other	0.0740768164396286	0.02486080676317215	0.013238906860351562	0.6027258634567261
chr13:32332536:C:G	Pathogenic	other	0.0659937858581543	0.03356751799583435	0.05230134725570679	0.5391010046005249
chr13:32332575:T:A	Pathogenic	other	0.05419433116912842	0.024981245398521423	0.08367118239402771	0.6568648815155029
chr13:32332575:T:G	Pathogenic	other	0.017581403255462646	0.07945534586906433	0.04388296604156494	0.6144534349441528
chr13:32332581:C:A	Pathogenic	other	0.11887991428375244	0.08300422132015228	0.020892083644866943	0.5921663641929626
chr13:32332581:C:G	Pathogenic	other	0.0974150002002716	0.1657993346452713	0.07097819447517395	0.5601382255554199
chr13:32332592:A:C	Benign	coding	0.07617104053497314	0.05424635112285614	0.019259244203567505	0.058369144797325134
chr13:32332595:C:T	Pathogenic	other	0.06267893314361572	0.06558990478515625	0.07154220342636108	0.524901270866394
chr13:32332601:C:T	Benign	coding	0.06224238872528076	0.11674924194812775	0.07596138119697571	0.03428180515766144
chr13:32332613:G:T	Pathogenic	noncoding	0.06769576668739319	0.09091082215309143	0.07992184162139893	0.4651505947113037
chr13:32332629:C:T	Benign	coding	0.14907419681549072	0.053342968225479126	0.06561881303787231	0.013469070196151733
chr13:32332631:A:T	Pathogenic	other	0.07343035936355591	0.057827502489089966	0.06723770499229431	0.4089687466621399
chr13:32332634:G:T	Pathogenic	other	0.16552606225013733	0.07780003547668457	0.04396796226501465	0.9528236985206604
chr13:36952599:C:T	Pathogenic	other	0.2269251048564911	0.16620004177093506	0.011516869068145752	0.03915479779243469
chr13:39012840:G:A	Benign	coding	0.2512610852718353	0.11716926097869873	0.037557750940322876	0.12658452987670898
chr13:39751173:C:T	Benign	noncoding	0.07661066949367523	0.12102106213569641	0.011242419481277466	0.30139029026031494
chr13:46777532:T:C	Benign	coding	0.007998108863830566	0.08988337218761444	0.028403371572494507	0.045305050909519196
chr13:48253930:A:T	Benign	coding	0.011397004127502441	0.04675114154815674	0.026049315929412842	0.023452412337064743
chr13:48360005:T:G	Pathogenic	noncoding	0.08373305201530457	0.11027613282203674	0.04954558610916138	0.35645097494125366
chr13:48360016:G:A	Pathogenic	noncoding	0.060562968254089355	0.06027144193649292	0.07249191403388977	0.1886218786239624
chr13:48360019:G:T	Pathogenic	other	0.181723952293396	0.011669397354125977	0.047407329082489014	0.3598902225494385
chr13:48360028:C:T	Pathogenic	other	0.13947419822216034	0.05795982480049133	0.07568320631980896	0.5472255349159241
chr13:48360036:A:G	Benign	coding	0.10132354497909546	0.061906278133392334	0.043196797370910645	0.18267309665679932
chr13:48360053:C:A	Pathogenic	other	0.27061760425567627	0.08974173665046692	0.023689359426498413	0.3688028156757355
chr13:48360053:C:G	Pathogenic	other	0.2189839482307434	0.163039892911911	0.05290186405181885	0.37186363339424133
chr13:48360062:T:G	Pathogenic	other	0.06006622314453125	0.1365184187889099	0.0410999059677124	0.22101035714149475
chr13:48360067:C:G	Pathogenic	coding	0.17544668912887573	0.08024495840072632	0.07183820009231567	0.5636497735977173
chr13:48360098:C:G	Pathogenic	other	0.04801756143569946	0.07171565294265747	0.075808584690094	0.23961691558361053
chr13:48376974:C:A	Pathogenic	other	0.10868638753890991	0.1682189404964447	0.022477716207504272	0.45971357822418213
chr13:48376996:A:T	Pathogenic	other	0.11899405717849731	0.09267973899841309	0.06556257605552673	0.48589617013931274
chr13:48377008:C:T	Pathogenic	other	0.06802666187286377	0.18026405572891235	0.06748676300048828	0.21196722984313965
chr13:48377020:G:T	Pathogenic	other	0.16289380192756653	0.08979460597038269	0.0360565185546875	0.28253012895584106
chr13:48377030:C:A	Pathogenic	other	0.11340129375457764	0.13326844573020935	0.021749675273895264	0.09163901209831238
chr13:48377032:C:T	Pathogenic	other	0.18329286575317383	0.14414945244789124	0.03617507219314575	0.08649343252182007
chr13:48377034:G:A	Pathogenic	coding	0.4248576760292053	0.13362959027290344	0.038059115409851074	0.38425612449645996
chr13:48377034:G:C	Pathogenic	coding	0.4414350986480713	0.20534634590148926	0.04040038585662842	0.4252385199069977
chr13:48377035:G:A	Pathogenic	noncoding	0.18085652589797974	0.053212590515613556	0.03942105174064636	0.5922161340713501
chr13:48377035:G:C	Pathogenic	noncoding	0.3556419909000397	0.09798835217952728	0.06135031580924988	0.7743862867355347
chr13:48377035:G:T	Pathogenic	noncoding	0.26698821783065796	0.07256340980529785	0.041011810302734375	0.660473108291626
chr13:48377036:T:G	Pathogenic	noncoding	0.36738133430480957	0.12394341826438904	0.03434064984321594	0.8329495191574097
chr13:48480534:T:A	Benign	noncoding	0.038905538618564606	0.36460646986961365	0.018834948539733887	0.05477094650268555
chr13:50934894:C:T	Pathogenic	other	0.08270829916000366	0.12139803171157837	0.10234421491622925	0.6869313716888428
chr13:91350393:C:G	Benign	other	0.03080451488494873	0.00826255977153778	0.020290791988372803	0.03590404987335205
chr13:95164453:G:A	Benign	coding	0.07675671577453613	0.11921340227127075	0.07136499881744385	0.08548665046691895
chr13:106559449:C:T	Benign	coding	0.2642439007759094	0.027050882577896118	0.013284742832183838	0.11029611527919769
chr13:114324517:C:A	Benign	coding	0.036443233489990234	0.04188567399978638	0.033227384090423584	0.11018320918083191
chr13:114324518:A:T	Pathogenic	other	0.01939976215362549	0.06009411811828613	0.03603315353393555	0.3267356753349304
chr13:114324551:T:C	Benign	coding	0.022977769374847412	0.0164986252784729	0.03212004899978638	0.01006743311882019
chr13:114324661:T:C	Benign	coding	0.024407625198364258	0.07663732767105103	0.07517707347869873	0.10498487949371338
chr13:114325034:C:T	Pathogenic	other	0.0676611065864563	0.1650603711605072	0.011116266250610352	0.29275888204574585
chr14:20357716:T:C	Benign	coding	0.028451211750507355	0.05564802885055542	0.038376614451408386	0.051687002182006836
chr14:20449182:G:A	Pathogenic	other	0.04425358772277832	0.05507338047027588	0.013867557048797607	0.1158323884010315
chr14:20475249:G:A	Benign	coding	0.046906471252441406	0.052648335695266724	0.04324352741241455	0.15735888481140137
chr14:20476425:G:T	Pathogenic	other	0.06676948070526123	0.035736724734306335	0.04406282305717468	0.42730912566185
chr14:20476855:C:T	Benign	noncoding	0.08898425102233887	0.06286954879760742	0.07899656891822815	0.12208966910839081
chr14:20693973:G:A	Pathogenic	coding	0.024286992847919464	0.0891779363155365	0.03640681505203247	0.02086533047258854
chr14:21231018:C:T	Pathogenic	coding	0.05681878328323364	0.08588974177837372	0.04803287982940674	0.07024061679840088
chr14:21392201:G:A	Benign	noncoding	0.007183540612459183	0.04904010891914368	0.005297452211380005	0.0005900096148252487
chr14:21415815:A:G	Benign	coding	0.12404412031173706	0.12163674831390381	0.04588314890861511	0.07089823484420776
chr14:22768003:G:A	Benign	coding	0.03550112247467041	0.0867844820022583	0.02998185157775879	0.12254863232374191
chr14:24144230:G:C	Benign	coding	0.10639166831970215	0.1409739851951599	0.01877787709236145	0.0023849010467529297
chr14:30885597:C:T	Pathogenic	other	0.09391599893569946	0.054546058177948	0.09051483869552612	0.47713786363601685
chr14:31113320:T:C	Benign	coding	0.7228356599807739	0.582223653793335	0.023931503295898438	0.6876104474067688
chr14:35028060:C:T	Benign	noncoding	0.009344756603240967	0.02130281925201416	0.16732606291770935	0.14209455251693726
chr14:35028068:C:G	Benign	noncoding	0.013673245906829834	0.13849222660064697	0.4087139666080475	0.057125091552734375
chr14:35028079:T:C	Benign	noncoding	0.0031047463417053223	0.021741092205047607	0.06605669856071472	0.07376912236213684
chr14:35029237:G:A	Benign	noncoding	0.19452372193336487	0.15991291403770447	0.050035715103149414	0.03556889295578003
chr14:35029279:C:T	Benign	noncoding	0.15942049026489258	0.1844041347503662	0.08975046873092651	0.1967676281929016
chr14:35401592:C:T	Benign	noncoding	0.5651872754096985	0.49072596430778503	0.010995328426361084	0.5587413311004639
chr14:35401887:C:T	Benign	noncoding	0.07027226686477661	0.04248535633087158	0.017245113849639893	0.07986325025558472
chr14:35401914:A:T	Benign	noncoding	0.7454546689987183	0.5514477491378784	0.03059324622154236	0.9166089296340942
chr14:35401995:C:G	Benign	noncoding	0.023813247680664062	0.008475780487060547	0.033590346574783325	0.06111037731170654
chr14:35402011:G:A	Benign	noncoding	0.03139069676399231	0.032868266105651855	0.03794744610786438	0.0076920390129089355
chr14:35402026:C:T	Benign	coding	0.014593780040740967	0.10247427225112915	0.007112860679626465	0.03415578603744507
chr14:35402830:G:T	Benign	coding	0.4670810103416443	0.07154405117034912	0.06330934166908264	0.01488351821899414
chr14:35402853:G:A	Benign	coding	0.14416617155075073	0.08076800405979156	0.14776074886322021	0.010829448699951172
chr14:35402888:C:T	Benign	noncoding	0.004758119583129883	0.09607195854187012	0.019438788294792175	0.15611502528190613
chr14:39086981:G:C	Benign	coding	0.19533002376556396	0.045477092266082764	0.06920880079269409	0.05462450906634331
chr14:49625214:T:A	Benign	noncoding	0.019775688648223877	0.046208351850509644	0.06159412860870361	0.011315762996673584
chr14:50118391:G:C	Benign	coding	0.1589716076850891	0.0291936993598938	0.03732523322105408	0.30981141328811646
chr14:50312150:T:C	Pathogenic	coding	0.06531882286071777	0.042768776416778564	0.038014769554138184	0.03482365608215332
chr14:58252212:A:G	Benign	coding	0.09174340963363647	0.017059385776519775	0.11227536201477051	0.03067837655544281
chr14:58257912:C:T	Benign	noncoding	0.2532592713832855	0.2646690011024475	0.07101947069168091	0.11724823713302612
chr14:58427073:T:G	Benign	noncoding	0.04556503891944885	0.0919734537601471	0.01492077112197876	0.315459668636322
chr14:58427095:G:C	Benign	noncoding	0.05692906677722931	0.07013782858848572	0.07550209760665894	0.06848061084747314
chr14:64424902:G:C	Pathogenic	coding	0.09190201759338379	0.19122152030467987	0.10754060745239258	0.04029303789138794
chr14:64459902:A:C	Benign	coding	0.0682191550731659	0.06425060331821442	0.05430230498313904	0.029406368732452393
chr14:64801449:C:T	Benign	noncoding	0.011625409126281738	0.06025564670562744	0.013286411762237549	0.36661839485168457
chr14:65075759:A:G	Benign	noncoding	0.024925649166107178	0.016037166118621826	0.03718668222427368	0.054959237575531006
chr14:65075776:C:A	Benign	noncoding	0.03207707405090332	0.0679929256439209	0.016505807638168335	0.16633641719818115
chr14:65076179:G:A	Benign	noncoding	0.005748368799686432	0.05401518940925598	0.11609780788421631	0.02257542312145233
chr14:65076228:T:A	Benign	noncoding	0.0896725058555603	0.13056501746177673	0.06904458999633789	0.16753730177879333
chr14:65076332:G:A	Benign	noncoding	0.050724029541015625	0.026938974857330322	0.0584530234336853	0.030518293380737305
chr14:65076348:A:T	Benign	noncoding	0.10690921545028687	0.04900085926055908	0.06695234775543213	0.06173849105834961
chr14:65102337:C:G	Pathogenic	coding	0.026344813406467438	0.0974218100309372	0.05712035298347473	0.040152087807655334
chr14:65102337:C:T	Pathogenic	coding	0.0356769785284996	0.09553658962249756	0.04965302348136902	0.05656634271144867
chr14:65102339:T:C	Pathogenic	coding	0.007409900426864624	0.08203184604644775	0.043324604630470276	0.021267369389533997
chr14:65102357:G:A	Benign	noncoding	0.003585847094655037	0.027590692043304443	0.012028783559799194	0.012036748230457306
chr14:65102369:G:C	Benign	noncoding	0.0030325353145599365	0.04442545771598816	0.05228543281555176	0.013759620487689972
chr14:65102437:C:A	Benign	noncoding	0.07927411794662476	0.07757049798965454	0.1624588668346405	0.10032451152801514
chr14:67678357:G:A	Benign	coding	0.04217231273651123	0.12378215789794922	0.05030858516693115	0.14370962977409363
chr14:76482046:G:A	Pathogenic	coding	0.07429966330528259	0.05060824751853943	0.10439151525497437	0.12143516540527344
chr14:76482099:C:T	Pathogenic	other	0.1747807264328003	0.07088667154312134	0.032283127307891846	0.7362491488456726
chr14:77025519:G:A	Benign	coding	0.06445449590682983	0.08989891409873962	0.04141867160797119	0.13394397497177124
chr14:77511063:T:C	Benign	noncoding	0.1211945116519928	0.09750634431838989	0.18382298946380615	0.06687453389167786
chr14:77511761:G:A	Benign	noncoding	0.0756533145904541	0.1649162769317627	0.039446890354156494	0.29722630977630615
chr14:77511771:G:A	Benign	noncoding	0.08878540992736816	0.1333540827035904	0.14226505160331726	0.12561307847499847
chr14:77511996:G:A	Benign	noncoding	0.06418001651763916	0.12196654081344604	0.006538748741149902	0.06043970584869385
chr14:77512278:A:C	Benign	noncoding	0.4083930552005768	0.13093438744544983	0.004226624965667725	0.09402334690093994
chr14:77555328:G:A	Pathogenic	coding	0.025430023670196533	0.18307101726531982	0.01597386598587036	0.023510217666625977
chr14:90044591:G:A	Benign	noncoding	0.013742797076702118	0.06695336103439331	0.014368176460266113	0.014913246035575867
chr14:90044595:C:T	Benign	noncoding	0.024546213448047638	0.10949641466140747	0.08185437321662903	0.007822871208190918
chr14:90044603:C:G	Benign	noncoding	0.001702725887298584	0.11250185966491699	0.0154360830783844	0.052851706743240356
chr14:92039746:G:A	Benign	noncoding	0.016338646411895752	0.025825977325439453	0.041529715061187744	0.0791337788105011
chr14:94378528:G:A	Pathogenic	coding	0.16050279140472412	0.030657589435577393	0.04432189464569092	0.2880985736846924
chr14:94378561:A:C	Pathogenic	coding	0.2120295614004135	0.25962671637535095	0.04195961356163025	0.6909992694854736
chr14:94379515:A:G	Benign	coding	0.0746280699968338	0.02547416090965271	0.07473725080490112	0.017271077260375023
chr14:94379554:G:T	Benign	coding	0.036398470401763916	0.063508540391922	0.008265376091003418	0.027095977216959
chr14:94379563:A:T	Benign	coding	0.08900099247694016	0.053904950618743896	0.06394511461257935	0.011063879355788231
chr14:94379565:C:T	Benign	coding	0.04897400736808777	0.041482582688331604	0.048335105180740356	0.35521307587623596
chr14:94379606:G:A	Benign	coding	0.04419305920600891	0.0793347954750061	0.054829418659210205	0.49266189336776733
chr14:94379607:C:T	Benign	coding	0.03034454584121704	0.10852771997451782	0.07507595419883728	0.01860819011926651
chr14:94380870:C:T	Pathogenic	noncoding	0.062376827001571655	0.0886593759059906	0.03777697682380676	0.8511420488357544
chr14:94380935:G:A	Pathogenic	other	0.09983766078948975	0.08869947493076324	0.049582213163375854	0.017688093706965446
chr14:94380941:T:A	Pathogenic	other	0.03609126806259155	0.21932679414749146	0.06580835580825806	0.9974431991577148
chr14:94380947:C:A	Pathogenic	other	0.13895924389362335	0.09146089851856232	0.028951168060302734	0.03280186653137207
chr14:94382814:G:A	Benign	coding	0.021174311637878418	0.0780387818813324	0.029496222734451294	0.13196033239364624
chr14:94382835:G:A	Pathogenic	other	0.0423278883099556	0.04438771307468414	0.05300062894821167	0.013829827308654785
chr14:94382895:G:A	Pathogenic	other	0.059768110513687134	0.06983041763305664	0.03255048394203186	0.0027074217796325684
chr14:94382994:C:G	Pathogenic	coding	0.060119062662124634	0.08913987874984741	0.030848801136016846	0.0009830594062805176
chr14:94383011:A:G	Pathogenic	coding	0.18987417221069336	0.07627153396606445	0.04403683543205261	0.0004156827926635742
chr14:95544252:G:A	Benign	noncoding	0.034628726541996	0.04481056332588196	0.05557531118392944	0.21053265035152435
chr14:99465734:T:C	Benign	coding	0.06700623035430908	0.12788709998130798	0.01460188627243042	0.014086365699768066
chr14:100276529:A:G	Pathogenic	coding	0.11905497312545776	0.24606043100357056	0.05585247278213501	0.07723242044448853
chr14:100276566:G:A	Pathogenic	coding	0.06865015625953674	0.05435924232006073	0.041275978088378906	0.04380995035171509
chr14:100277451:C:G	Pathogenic	coding	0.07993793487548828	0.08383721113204956	0.06741900742053986	0.17687034606933594
chr14:100277452:T:C	Pathogenic	coding	0.11516433954238892	0.1074332594871521	0.05723258852958679	0.06205090880393982
chr14:100277466:C:T	Pathogenic	coding	0.08932539820671082	0.1465979814529419	0.04133164882659912	0.2144429087638855
chr14:100277469:A:C	Pathogenic	coding	0.09562695026397705	0.21563193202018738	0.06741935014724731	0.19355899095535278
chr14:100277478:C:T	Pathogenic	other	0.0937398225069046	0.12557584047317505	0.09847608208656311	0.06589490175247192
chr14:100277479:G:T	Pathogenic	coding	0.07765311002731323	0.18173006176948547	0.21725565195083618	0.08419424295425415
chr14:100277493:G:T	Pathogenic	coding	0.11421746015548706	0.1544477939605713	0.07237608730792999	0.05197268724441528
chr14:100342508:G:A	Benign	coding	0.07781130075454712	0.07435911893844604	0.021074235439300537	0.13416296243667603
chr14:100342522:G:A	Benign	coding	0.035595327615737915	0.0770227313041687	0.012208402156829834	0.3728834092617035
chr14:100729022:A:T	Benign	coding	0.03940713405609131	0.06196209788322449	0.010730266571044922	0.0951276421546936
chr14:100734177:G:T	Benign	coding	0.1929486095905304	0.14332568645477295	0.014304399490356445	0.056211233139038086
chr14:100734308:T:C	Benign	coding	0.2060588002204895	0.06291741132736206	0.003001779317855835	0.025751173496246338
chr14:101883344:T:C	Benign	coding	0.1294345259666443	0.03682045638561249	0.060681745409965515	0.2202509343624115
chr14:101892987:G:C	Benign	noncoding	0.07147300243377686	0.1461288332939148	0.17274951934814453	0.2930569350719452
chr14:101979824:G:A	Benign	coding	0.15954740345478058	0.25228452682495117	0.10598772764205933	0.18517065048217773
chr14:101985903:G:A	Pathogenic	coding	0.23558884859085083	0.13398268818855286	0.043911486864089966	0.06513381004333496
chr14:101985930:C:T	Pathogenic	coding	0.12331739068031311	0.0933218002319336	0.03858417272567749	0.3800698518753052
chr14:101986018:G:T	Pathogenic	coding	0.2112807035446167	0.021923556923866272	0.022042512893676758	0.04597604274749756
chr14:101986059:G:A	Pathogenic	coding	0.08830296993255615	0.09436765313148499	0.009424269199371338	0.01334381103515625
chr14:101991956:T:C	Benign	noncoding	0.026782594621181488	0.2437574863433838	0.026727132499217987	0.1340237259864807
chr14:102004669:C:T	Pathogenic	coding	0.1054496169090271	0.06692641973495483	0.04474151134490967	0.4929307997226715
chr14:102008161:C:A	Benign	noncoding	0.018801867961883545	0.08878779411315918	0.02291780710220337	0.06465965509414673
chr14:102008244:C:T	Pathogenic	coding	0.09112578630447388	0.04285848140716553	0.02006387710571289	0.08606123924255371
chr14:102029272:G:A	Benign	noncoding	0.05288589000701904	0.048029303550720215	0.07401067018508911	0.168765589594841
chr14:102030173:A:G	Benign	coding	0.12401103973388672	0.06797981262207031	0.003961026668548584	0.4043978452682495
chr14:102033419:G:A	Pathogenic	coding	0.1479148268699646	0.04499700665473938	0.014311015605926514	0.02271372079849243
chr14:102040310:C:T	Benign	coding	0.056552767753601074	0.09248685836791992	0.033561140298843384	0.2570900321006775
chr14:102042463:C:A	Benign	coding	0.010957658290863037	0.06660217046737671	0.010954529047012329	0.00795668363571167
chr14:102083847:C:T	Benign	coding	0.10648679733276367	0.06497295200824738	0.03822678327560425	0.017978370189666748
chr14:103698914:C:T	Benign	coding	0.02470332384109497	0.08802032470703125	0.03443305194377899	0.058237433433532715
chr14:104774113:C:T	Benign	noncoding	0.04782688617706299	0.015131592750549316	0.00980454683303833	0.05230569839477539
chr14:104774193:T:C	Benign	noncoding	0.007755577564239502	0.003296375274658203	0.005223870277404785	0.11159747838973999
chr14:104776037:G:A	Benign	noncoding	0.07332950830459595	0.08694612979888916	0.02546560764312744	0.04451406002044678
chr14:104776072:A:C	Benign	noncoding	0.014750182628631592	0.04854804277420044	0.025069355964660645	0.09385865926742554
chr14:104776883:G:A	Benign	noncoding	0.08937311172485352	0.05928182601928711	0.03487473726272583	0.0934562087059021
chr14:104777098:G:T	Benign	noncoding	0.04357016086578369	0.10616807639598846	0.01731252670288086	0.08508795499801636
chr14:104779988:T:A	Benign	noncoding	0.04380530118942261	0.047150105237960815	0.0330827534198761	0.08037067949771881
chr14:104780070:G:A	Benign	noncoding	0.04235273599624634	0.03430497646331787	0.04457288980484009	0.04255795478820801
chr14:104780070:G:C	Benign	noncoding	0.055857956409454346	0.0908128023147583	0.0350031852722168	0.1143643856048584
chr14:104792555:C:T	Benign	noncoding	0.010831594467163086	0.011172831058502197	0.035552978515625	0.003100454807281494
chr14:104793391:G:A	Benign	noncoding	0.07568317651748657	0.10751268267631531	0.05555957555770874	0.09484493732452393
chr15:22786945:C:G	Benign	noncoding	0.10104119777679443	0.023076534271240234	0.021967768669128418	0.03155350685119629
chr15:22866361:G:T	Benign	coding	0.044505566358566284	0.05579584836959839	0.06338226795196533	0.12199962139129639
chr15:22932292:C:T	Benign	coding	0.14906762540340424	0.10284048318862915	0.06284043192863464	0.022366732358932495
chr15:25339207:G:C	Pathogenic	other	0.04096168279647827	0.0703430026769638	0.053771018981933594	0.006779193878173828
chr15:25339211:A:G	Pathogenic	coding	0.21174418926239014	0.025946199893951416	0.011600494384765625	0.09993499517440796
chr15:25339222:A:T	Pathogenic	other	0.44643402099609375	0.13511013984680176	0.11730076372623444	0.2874828577041626
chr15:25370829:C:A	Pathogenic	noncoding	0.10398362576961517	0.07681787014007568	0.03995954990386963	0.9589084982872009
chr15:25370836:A:G	Benign	coding	0.15140148997306824	0.10069313645362854	0.041078805923461914	0.025304481387138367
chr15:25370844:C:A	Pathogenic	noncoding	0.06352663040161133	0.16524353623390198	0.023708045482635498	0.9557265639305115
chr15:25370865:G:A	Pathogenic	noncoding	0.057739198207855225	0.10711967945098877	0.04104340076446533	0.8579252362251282
chr15:25370905:G:A	Benign	coding	0.10928899049758911	0.043061673641204834	0.011145353317260742	0.1030813455581665
chr15:25370913:G:A	Pathogenic	noncoding	0.17470049858093262	0.05715137720108032	0.018280118703842163	0.4530686140060425
chr15:25371348:G:A	Pathogenic	noncoding	0.18862959742546082	0.07088309526443481	0.018837392330169678	0.22207507491111755
chr15:25371359:T:C	Benign	coding	0.14614075422286987	0.051394879817962646	0.02543330192565918	0.10946696996688843
chr15:25371364:A:T	Pathogenic	noncoding	0.2308143973350525	0.04480111598968506	0.02395486831665039	0.04766741394996643
chr15:25371395:A:T	Pathogenic	noncoding	0.2023763656616211	0.017065048217773438	0.024339616298675537	0.21219122409820557
chr15:25371397:A:T	Pathogenic	noncoding	0.03986400365829468	0.21146422624588013	0.018663525581359863	0.12037211656570435
chr15:25371404:A:G	Pathogenic	coding	0.00409168004989624	0.07324296236038208	0.01927417516708374	0.1637013554573059
chr15:25371426:C:A	Pathogenic	noncoding	0.0629395842552185	0.06735497713088989	0.14150580763816833	0.10601121187210083
chr15:25371454:G:T	Pathogenic	noncoding	0.04350334405899048	0.06913849711418152	0.025649815797805786	0.18871581554412842
chr15:29716773:T:G	Benign	coding	0.036627575755119324	0.06412538886070251	0.03856992721557617	0.04878753423690796
chr15:29761641:A:G	Benign	coding	0.2426435649394989	0.06641921401023865	0.049346208572387695	0.0023213624954223633
chr15:34101726:C:T	Benign	coding	0.0637747049331665	0.04944989085197449	0.016446471214294434	0.23913338780403137
chr15:37098218:G:T	Benign	noncoding	0.008297562599182129	0.13836660981178284	0.13661158084869385	0.03284980356693268
chr15:40016508:C:T	Pathogenic	other	0.15895183384418488	0.23399236798286438	0.10986459255218506	0.29061728715896606
chr15:40016544:C:T	Pathogenic	other	0.23425135016441345	0.3631584942340851	0.16540801525115967	0.5625944137573242
chr15:40026055:C:T	Benign	coding	0.07853889465332031	0.04916992783546448	0.026523619890213013	0.13842761516571045
chr15:40036374:G:C	Benign	coding	0.13474240899085999	0.02503448724746704	0.05419743061065674	0.03305256366729736
chr15:40036464:G:A	Benign	coding	0.016748785972595215	0.0658910870552063	0.08429741859436035	0.02963918447494507
chr15:40220870:A:G	Benign	noncoding	0.10552260279655457	0.2709745168685913	0.06465446949005127	0.05835968255996704
chr15:41278829:G:A	Benign	coding	0.08772249519824982	0.1270461082458496	0.017810702323913574	0.02246599644422531
chr15:43054941:T:C	Benign	noncoding	0.0024919509887695312	0.017304062843322754	0.07539767026901245	0.019398212432861328
chr15:43761419:C:T	Benign	noncoding	0.11040645837783813	0.09017601609230042	0.03813105821609497	0.16661405563354492
chr15:43801716:T:C	Benign	coding	0.20970356464385986	0.07428881525993347	0.03897026181221008	0.00030231475830078125
chr15:44567454:G:A	Pathogenic	other	0.05719101428985596	0.16781333088874817	0.05410298705101013	0.2955065965652466
chr15:44660431:C:G	Pathogenic	noncoding	0.00652342289686203	0.14850986003875732	0.03861948847770691	0.5388526916503906
chr15:44660431:C:T	Pathogenic	noncoding	0.01565420627593994	0.10039091110229492	0.047789812088012695	0.4890822470188141
chr15:50484328:T:C	Benign	coding	0.03504578024148941	0.06547242403030396	0.021686792373657227	2.2590160369873047e-05
chr15:51499600:C:T	Benign	coding	0.015740811824798584	0.15522468090057373	0.056596219539642334	0.44308483600616455
chr15:55204655:G:A	Benign	noncoding	0.027028992772102356	0.14129704236984253	0.03632086515426636	0.5021201968193054
chr15:55204665:C:T	Benign	noncoding	0.06936424970626831	0.13805431127548218	0.017899304628372192	0.17877453565597534
chr15:55204776:C:A	Benign	noncoding	0.09288090467453003	0.04443642497062683	0.028713703155517578	0.036050945520401
chr15:55205493:G:A	Benign	noncoding	0.12895727157592773	0.06977272033691406	0.047623246908187866	0.40162381529808044
chr15:55205575:G:A	Pathogenic	other	0.07799041271209717	0.1351843923330307	0.04564744234085083	0.5555019378662109
chr15:55205623:G:A	Pathogenic	other	0.08293503522872925	0.11627310514450073	0.04461154341697693	0.42621371150016785
chr15:55230423:A:C	Pathogenic	coding	0.04954877495765686	0.09516070783138275	0.012867908924818039	0.2922821640968323
chr15:55230526:C:G	Benign	noncoding	0.02099621295928955	0.05463741719722748	0.08539628982543945	0.5676880478858948
chr15:56094316:T:A	Benign	coding	0.0023119449615478516	0.01741022616624832	0.024323463439941406	0.028694823384284973
chr15:57232403:T:G	Pathogenic	noncoding	0.08495113253593445	0.11344152688980103	0.09033694863319397	0.09872496128082275
chr15:57232417:C:T	Benign	coding	0.11446011066436768	0.04153662919998169	0.020676463842391968	0.06517583131790161
chr15:57232431:G:A	Pathogenic	noncoding	0.021847665309906006	0.023869633674621582	0.08708900213241577	0.05280829966068268
chr15:57232710:A:G	Pathogenic	noncoding	0.06628233194351196	0.04958826303482056	0.06587040424346924	0.07950341701507568
chr15:57232728:C:G	Pathogenic	other	0.17210471630096436	0.0807453989982605	0.022208690643310547	0.16920191049575806
chr15:57232784:G:A	Benign	coding	0.09858858585357666	0.05993199348449707	0.058349549770355225	0.1169356107711792
chr15:57232818:C:G	Pathogenic	other	0.16865965723991394	0.07540133595466614	0.18890762329101562	0.17630618810653687
chr15:57234063:G:T	Pathogenic	other	0.03925508260726929	0.040715038776397705	0.06334007531404495	0.21816307306289673
chr15:57234070:C:G	Pathogenic	other	0.04370325803756714	0.07102611660957336	0.06598752737045288	0.5143204927444458
chr15:57243463:T:C	Benign	noncoding	0.04321068525314331	0.04697902500629425	0.04816579818725586	0.023152664303779602
chr15:57243477:T:G	Pathogenic	other	0.05657471716403961	0.05024087429046631	0.050872206687927246	0.027310311794281006
chr15:57243507:G:A	Benign	coding	0.11230486631393433	0.027706235647201538	0.03612852096557617	0.04521038383245468
chr15:57243509:C:G	Pathogenic	other	0.1290096640586853	0.04509955644607544	0.08345669507980347	0.08822524547576904
chr15:57251348:A:G	Pathogenic	noncoding	0.1357143223285675	0.07761552929878235	0.031728923320770264	0.2643603980541229
chr15:57251362:G:A	Pathogenic	other	0.044035494327545166	0.12112641334533691	0.09944382309913635	0.13769173622131348
chr15:57251363:G:A	Pathogenic	other	0.02721315622329712	0.09543555974960327	0.09963375329971313	0.06300055980682373
chr15:57262093:G:A	Pathogenic	noncoding	0.06362241506576538	0.019411444664001465	0.05171799659729004	0.4846678674221039
chr15:57262140:C:G	Pathogenic	other	0.24434563517570496	0.17639541625976562	0.09970343112945557	0.13643479347229004
chr15:57262167:C:A	Pathogenic	other	0.07763558626174927	0.0533159077167511	0.03596562147140503	0.19631153345108032
chr15:57262204:T:G	Pathogenic	other	0.038811370730400085	0.025135666131973267	0.0631905347108841	0.20414169132709503
chr15:57262215:A:G	Benign	noncoding	0.07378464937210083	0.02459283173084259	0.07209819555282593	0.07162749767303467
chr15:57961292:G:T	Benign	coding	0.2391350269317627	0.08370357751846313	0.04126271605491638	0.04833853244781494
chr15:57963931:C:T	Pathogenic	coding	0.08512914180755615	0.032271742820739746	0.03516921401023865	0.2805693447589874
chr15:57995089:G:T	Pathogenic	coding	0.09574103355407715	0.06030237674713135	0.02825140953063965	0.1516290158033371
chr15:58010689:T:C	Benign	coding	0.05261904001235962	0.03389418125152588	0.05585962533950806	0.002857029438018799
chr15:58010691:C:A	Benign	coding	0.11480838060379028	0.10629159212112427	0.02167367935180664	0.012329638004302979
chr15:58633367:A:G	Benign	noncoding	0.06710916757583618	0.056314945220947266	0.041103482246398926	0.017340779304504395
chr15:58640828:G:T	Benign	coding	0.0661572813987732	0.10005572438240051	0.014463186264038086	0.09488183259963989
chr15:58679163:G:A	Benign	coding	0.1486051380634308	0.1501358151435852	0.07189774513244629	0.18244904279708862
chr15:58679179:A:T	Pathogenic	other	0.08477872610092163	0.14130428433418274	0.09768164157867432	0.5821735262870789
chr15:59107670:G:A	Benign	coding	0.02064855396747589	0.025958776473999023	0.029366731643676758	0.14008307456970215
chr15:60361006:C:A	Benign	coding	0.1373773217201233	0.07246464490890503	0.00697481632232666	0.012617003172636032
chr15:63060873:C:T	Pathogenic	coding	0.1488577127456665	0.0626031756401062	0.019310295581817627	0.000800013542175293
chr15:63060899:G:A	Pathogenic	coding	0.061185359954833984	0.030443966388702393	0.019523710012435913	1.9609928131103516e-05
chr15:63060915:A:G	Pathogenic	coding	0.16270041465759277	0.06773656606674194	0.009438157081604004	0.00014466047286987305
chr15:63060929:C:T	Pathogenic	coding	0.11325114965438843	0.030016988515853882	0.016050010919570923	0.00025832653045654297
chr15:63064175:C:T	Benign	noncoding	0.024023711681365967	0.03476077318191528	0.011476337909698486	0.023360729217529297
chr15:63064183:A:T	Benign	noncoding	0.24955594539642334	0.05513162910938263	0.0022178292274475098	0.04660332202911377
chr15:63064186:C:A	Benign	noncoding	0.6120177507400513	0.1562860906124115	0.020109057426452637	0.39492863416671753
chr15:63071202:C:T	Benign	noncoding	0.12404945492744446	0.0892881453037262	0.06494253873825073	0.03022313117980957
chr15:63071203:G:A	Benign	noncoding	0.03940817713737488	0.08334830403327942	0.030984938144683838	0.019042015075683594
chr15:63609057:G:C	Benign	noncoding	0.05253550410270691	0.06628066301345825	0.052154362201690674	0.03946298360824585
chr15:63626108:G:C	Benign	coding	0.026899874210357666	0.03934258222579956	0.03965270519256592	0.10489150881767273
chr15:63675109:G:T	Benign	coding	0.14084142446517944	0.15728849172592163	0.06792467832565308	0.09729218482971191
chr15:64162139:G:A	Pathogenic	other	0.06585836410522461	0.04813671112060547	0.04731565713882446	0.4944041073322296
chr15:65002962:C:A	Benign	noncoding	0.059948861598968506	0.023050718009471893	0.08849155902862549	0.01891060173511505
chr15:66489710:C:T	Benign	noncoding	0.0036235637962818146	0.03436646610498428	0.018200308084487915	0.007018903270363808
chr15:66490923:C:A	Benign	noncoding	0.14241445064544678	0.03457522392272949	0.014266937971115112	0.1312488615512848
chr15:66716399:C:A	Benign	noncoding	0.051522016525268555	0.11283820867538452	0.012378450483083725	0.03798828274011612
chr15:66716489:G:T	Pathogenic	other	0.048097193241119385	0.16465166211128235	0.11885841190814972	0.21974968910217285
chr15:66781176:G:T	Pathogenic	other	0.035236865282058716	0.03523021936416626	0.04989013075828552	0.29941368103027344
chr15:66781558:G:T	Benign	noncoding	0.021917909383773804	0.07563291490077972	0.01866781711578369	0.10970261693000793
chr15:67202584:T:C	Benign	noncoding	0.007224380970001221	0.04118359088897705	0.03036034107208252	0.02725917100906372
chr15:68086599:G:A	Benign	coding	0.048227548599243164	0.05748206377029419	0.014623463153839111	0.08146780729293823
chr15:68086677:C:G	Benign	coding	0.0739489197731018	0.05407071113586426	0.03679916262626648	0.1533716917037964
chr15:68141938:T:G	Benign	noncoding	0.5473194718360901	0.1927008032798767	0.10457023233175278	0.41279131174087524
chr15:68206983:T:C	Benign	other	0.047912657260894775	0.08792278170585632	0.034536197781562805	0.053318679332733154
chr15:68207450:T:C	Benign	noncoding	0.0729731023311615	0.048551976680755615	0.06849387288093567	0.05048114061355591
chr15:68207473:C:T	Benign	noncoding	0.015093773603439331	0.0706903338432312	0.03392606973648071	0.07007378339767456
chr15:68211326:A:G	Benign	noncoding	0.025404274463653564	0.024646639823913574	0.027768179774284363	0.03953716158866882
chr15:72208731:C:T	Benign	coding	0.031616032123565674	0.03558880090713501	0.029689788818359375	0.04297471046447754
chr15:72208850:A:G	Benign	coding	0.07491874694824219	0.02705603837966919	0.024997472763061523	0.08186930418014526
chr15:72346234:C:G	Pathogenic	noncoding	0.06314986944198608	0.045174241065979004	0.029968857765197754	0.3373923897743225
chr15:72346234:C:T	Pathogenic	noncoding	0.017619073390960693	0.02376270294189453	0.012424886226654053	0.33728623390197754
chr15:72346235:C:T	Pathogenic	other	0.02527308464050293	0.04027050733566284	0.018397092819213867	0.32425326108932495
chr15:72346271:T:A	Pathogenic	coding	0.051838219165802	0.08847594261169434	0.04176205396652222	0.15545737743377686
chr15:72346278:A:G	Pathogenic	coding	0.011125683784484863	0.04926121234893799	0.02026224136352539	0.025918245315551758
chr15:72346679:C:G	Pathogenic	coding	0.25376713275909424	0.11928761005401611	0.05023515224456787	0.4478433430194855
chr15:72346680:G:A	Pathogenic	other	0.3494192957878113	0.21584302186965942	0.04680982232093811	0.5653289556503296
chr15:72346681:C:T	Pathogenic	other	0.1100928783416748	0.07726126909255981	0.07945337891578674	0.22725743055343628
chr15:72346689:G:A	Pathogenic	other	0.13354623317718506	0.2782718539237976	0.04237145185470581	0.5340155363082886
chr15:72346711:C:A	Pathogenic	noncoding	0.11484450101852417	0.1752569079399109	0.042994946241378784	0.701073408126831
chr15:72346712:T:C	Pathogenic	noncoding	0.0839017778635025	0.18645688891410828	0.07572799921035767	0.34597498178482056
chr15:72735202:T:C	Benign	noncoding	0.06816047430038452	0.0799914002418518	0.06480222940444946	0.11166459321975708
chr15:74036235:A:G	Benign	noncoding	0.04626494646072388	0.03548741340637207	0.0184628963470459	0.005759958177804947
chr15:74589834:C:A	Benign	coding	0.07832163572311401	0.02721261978149414	0.012610003352165222	0.07698923349380493
chr15:74926786:G:A	Pathogenic	coding	0.030035078525543213	0.07385095953941345	0.05554842948913574	0.20747077465057373
chr15:74926839:A:C	Pathogenic	coding	0.03512012958526611	0.07981252670288086	0.08107966184616089	0.05877417325973511
chr15:76216343:T:A	Benign	noncoding	0.09175348281860352	0.13234597444534302	0.091671884059906	0.3428902328014374
chr15:76274514:G:T	Benign	noncoding	0.07544267177581787	0.05846419930458069	0.047022342681884766	0.25197815895080566
chr15:76285704:C:T	Pathogenic	other	0.07548713684082031	0.11688700318336487	0.05888541042804718	0.2725491225719452
chr15:78105013:G:T	Benign	noncoding	0.012034714221954346	0.024229884147644043	0.023379385471343994	0.21811318397521973
chr15:78105738:C:T	Pathogenic	noncoding	0.050165414810180664	0.051824212074279785	0.019209861755371094	0.40317589044570923
chr15:78105804:G:A	Benign	coding	0.04224950075149536	0.0455574095249176	0.06109893321990967	0.025554656982421875
chr15:78161664:C:T	Pathogenic	other	0.0067421793937683105	0.08310174942016602	0.018942594528198242	0.20113912224769592
chr15:78161754:G:T	Pathogenic	other	0.023728296160697937	0.018873825669288635	0.05042591691017151	0.5085942149162292
chr15:78544920:G:A	Benign	coding	0.16988414525985718	0.0860910713672638	0.09567186236381531	0.009380698204040527
chr15:79845402:G:A	Benign	coding	0.12759211659431458	0.09769225120544434	0.07986050844192505	0.12763893604278564
chr15:82538982:A:C	Pathogenic	other	0.09783381223678589	0.19315768778324127	0.07224826514720917	0.3232613801956177
chr15:82540427:A:C	Pathogenic	coding	0.058321237564086914	0.06529688835144043	0.08655098080635071	0.6930688619613647
chr15:82540460:G:A	Benign	other	0.07107600569725037	0.08462569117546082	0.03857386112213135	0.38620641827583313
chr15:88905779:C:T	Benign	coding	0.036102294921875	0.06814733147621155	0.04360261559486389	0.04524615406990051
chr15:89281922:G:A	Benign	noncoding	0.15860137343406677	0.11988335847854614	0.03644156455993652	0.13996952772140503
chr15:89314663:G:T	Pathogenic	other	0.10372269153594971	0.020721375942230225	0.11292469501495361	0.2213079333305359
chr15:89314671:T:A	Pathogenic	other	0.046356201171875	0.04801464080810547	0.016446828842163086	0.4623531401157379
chr15:89314699:A:T	Pathogenic	other	0.12653076648712158	0.09072250127792358	0.008733689785003662	0.14628559350967407
chr15:89315318:C:T	Pathogenic	other	0.019412890076637268	0.06762564182281494	0.011537134647369385	0.27741026878356934
chr15:89323055:G:A	Benign	noncoding	0.00044018030166625977	0.0016527175903320312	0.12874001264572144	0.0029395222663879395
chr15:90266396:A:C	Benign	coding	0.05549444258213043	0.15431064367294312	0.05731073021888733	0.5115535259246826
chr15:90873320:C:A	Benign	noncoding	0.14284005761146545	0.12980791926383972	0.09121772646903992	0.0721845030784607
chr15:90948704:C:T	Benign	coding	0.10205000638961792	0.04237082600593567	0.10292670875787735	0.007855430245399475
chr15:90979298:C:T	Benign	noncoding	0.15204238891601562	0.06836414337158203	0.04850384593009949	0.13304316997528076
chr15:92967458:A:G	Pathogenic	coding	0.10489359498023987	0.06780791282653809	0.0720074474811554	0.17118337750434875
chr15:92967489:C:A	Pathogenic	other	0.1312817931175232	0.09102505445480347	0.012591779232025146	0.6683310270309448
chr15:92967514:G:T	Pathogenic	noncoding	0.06008213758468628	0.02584707736968994	0.06353151798248291	0.3767828345298767
chr15:98958419:C:T	Benign	noncoding	0.011685490608215332	0.04763975739479065	0.08647799491882324	0.4592466354370117
chr15:98959166:C:T	Benign	noncoding	0.08335614204406738	0.10937529802322388	0.017970144748687744	0.11934840679168701
chr15:98959298:C:T	Benign	noncoding	0.17158359289169312	0.05019247531890869	0.04800373315811157	0.20547837018966675
chr15:98961442:C:T	Benign	noncoding	0.10492962598800659	0.09136176109313965	0.03936868906021118	0.059592656791210175
chr15:101274611:C:A	Benign	coding	0.18021279573440552	0.11045068502426147	0.06237107515335083	0.0035193562507629395
chr15:101274640:G:A	Benign	coding	0.16104787588119507	0.07782721519470215	0.009476840496063232	0.00017631053924560547
chr16:88762:C:A	Pathogenic	other	0.10794994235038757	0.10753017663955688	0.038879841566085815	0.7798017859458923
chr16:88768:C:A	Pathogenic	other	0.08597561717033386	0.14390772581100464	0.04661726951599121	0.6613339781761169
chr16:89694:G:A	Benign	noncoding	0.07061418890953064	0.049580931663513184	0.0104217529296875	0.008006028831005096
chr16:89762:G:A	Benign	coding	0.03494483232498169	0.09359142184257507	0.055791109800338745	0.20701515674591064
chr16:89786:G:C	Benign	coding	0.06967705488204956	0.09815186262130737	0.026851296424865723	0.06067514419555664
chr16:89796:G:T	Benign	coding	0.04420176148414612	0.07573437690734863	0.029150187969207764	0.0390004962682724
chr16:89809:C:A	Pathogenic	other	0.0407029390335083	0.16398853063583374	0.043109625577926636	0.8569033145904541
chr16:89851:G:A	Pathogenic	other	0.04147407412528992	0.021259590983390808	0.013239026069641113	0.36413007974624634
chr16:97849:C:T	Benign	noncoding	0.07893040776252747	0.09451204538345337	0.02740579843521118	0.09411978721618652
chr16:100353:C:T	Benign	noncoding	0.11337891221046448	0.05967587232589722	0.010316789150238037	0.034568607807159424
chr16:100371:C:A	Pathogenic	noncoding	0.11307179927825928	0.10468465089797974	0.05974036455154419	0.06831562519073486
chr16:100394:C:A	Pathogenic	other	0.07294604182243347	0.12505033612251282	0.0444679856300354	0.24242371320724487
chr16:190004:T:C	Benign	coding	0.37705153226852417	0.056960999965667725	0.01952052116394043	0.08904077112674713
chr16:288190:G:A	Pathogenic	other	0.1036536693572998	0.09029370546340942	0.02856624126434326	0.16767162084579468
chr16:297928:C:T	Benign	coding	0.1876639723777771	0.09594082832336426	0.030574262142181396	0.014223776757717133
chr16:297929:G:A	Benign	coding	0.09385639429092407	0.10973593592643738	0.030825704336166382	0.027296826243400574
chr16:297931:G:A	Benign	coding	0.06656026840209961	0.06342208385467529	0.09134680032730103	0.02064432203769684
chr16:297973:C:T	Benign	coding	0.10467615723609924	0.04915666580200195	0.015691131353378296	0.06077367812395096
chr16:681160:C:G	Pathogenic	coding	0.10342729091644287	0.09879019856452942	0.058146536350250244	0.14648926258087158
chr16:681191:G:A	Pathogenic	coding	0.15262529253959656	0.02874176949262619	0.05397137999534607	0.0192338228225708
chr16:681227:G:A	Pathogenic	coding	0.02858467400074005	0.032376691699028015	0.0354156494140625	0.012832053005695343
chr16:724086:C:T	Benign	noncoding	0.1473301649093628	0.3227117359638214	0.06484955549240112	0.21662917733192444
chr16:724094:C:T	Benign	noncoding	0.2632254660129547	0.18909811973571777	0.06326505541801453	0.11743563413619995
chr16:1506967:C:T	Benign	coding	0.019923806190490723	0.034570083022117615	0.013564258813858032	0.02687293291091919
chr16:1507732:C:T	Benign	noncoding	0.012476503849029541	0.0312538743019104	0.06382206082344055	0.025886476039886475
chr16:1507793:A:T	Benign	noncoding	8.90493392944336e-05	0.00012499094009399414	0.00044912099838256836	0.00018107891082763672
chr16:1606928:A:G	Benign	noncoding	0.00014901161193847656	2.2411346435546875e-05	0.003976881504058838	0.00019913911819458008
chr16:1606935:C:T	Benign	noncoding	0.0003402829170227051	7.76052474975586e-05	0.004137277603149414	0.0009172558784484863
chr16:1841878:C:T	Pathogenic	coding	0.1140865683555603	0.08928638696670532	0.05136370658874512	0.017079148441553116
chr16:1841902:C:A	Benign	coding	0.0949086844921112	0.08225870132446289	0.09818856418132782	0.02809716947376728
chr16:1961506:C:T	Benign	coding	0.07334056496620178	0.05121895670890808	0.03388696908950806	0.24420446157455444
chr16:1961546:T:C	Pathogenic	coding	0.09202426671981812	0.0776793360710144	0.03288477659225464	0.17502105236053467
chr16:1961873:A:G	Benign	coding	0.05366763472557068	0.12414506077766418	0.064456045627594	0.08139234781265259
chr16:2054431:G:T	Pathogenic	coding	0.010189369320869446	0.09800009429454803	0.022433698177337646	0.03121250867843628
chr16:2054434:G:T	Pathogenic	noncoding	0.03465306758880615	0.07719066739082336	0.05478912591934204	0.055400311946868896
chr16:2054441:G:C	Pathogenic	noncoding	0.1527290642261505	0.14253175258636475	0.10199165344238281	0.16912463307380676
chr16:2054441:G:T	Pathogenic	noncoding	0.12391653656959534	0.08540081977844238	0.05476340651512146	0.04319030046463013
chr16:2054445:G:A	Pathogenic	noncoding	0.11853235960006714	0.06930261850357056	0.06762230396270752	0.035309016704559326
chr16:2054445:G:T	Pathogenic	noncoding	0.05161777138710022	0.06903369724750519	0.04443994164466858	0.07709473371505737
chr16:2055399:C:T	Benign	noncoding	0.11675393581390381	0.03962069749832153	0.05800032615661621	0.019906282424926758
chr16:2055401:G:A	Pathogenic	noncoding	0.00888843834400177	0.05857691168785095	0.04651689529418945	0.10577011108398438
chr16:2055416:C:T	Pathogenic	noncoding	0.0947718620300293	0.12325787544250488	0.0862407386302948	0.12365436553955078
chr16:2055420:G:A	Pathogenic	noncoding	0.010378792881965637	0.041905224323272705	0.09958633780479431	0.07600905001163483
chr16:2055421:G:A	Pathogenic	noncoding	0.13005489110946655	0.060251593589782715	0.08742663264274597	0.040894269943237305
chr16:2055443:G:T	Pathogenic	noncoding	0.0677872896194458	0.05541938543319702	0.05795848369598389	0.14815795421600342
chr16:2055471:T:A	Pathogenic	coding	0.02596759796142578	0.17448017001152039	0.13322767615318298	0.07298186421394348
chr16:2060714:G:A	Benign	coding	0.1332828402519226	0.02535143494606018	0.044365376234054565	0.05609902739524841
chr16:2060730:A:C	Benign	coding	0.06774717569351196	0.059354305267333984	0.014173060655593872	0.02890700101852417
chr16:2060741:T:A	Pathogenic	noncoding	0.17302924394607544	0.05508795380592346	0.03443428874015808	0.607629120349884
chr16:2060754:C:T	Pathogenic	other	0.24552583694458008	0.18745344877243042	0.013946115970611572	0.6409695744514465
chr16:2060756:G:C	Benign	coding	0.2329012006521225	0.08858662843704224	0.04528668522834778	0.15268614888191223
chr16:2060768:G:A	Pathogenic	other	0.10471123456954956	0.1428126096725464	0.04248613119125366	0.4788019359111786
chr16:2060790:G:T	Pathogenic	other	0.16978490352630615	0.1166892945766449	0.029063880443572998	0.5592040419578552
chr16:2060794:G:A	Benign	coding	0.11199584603309631	0.06690040230751038	0.05812087655067444	0.01724301278591156
chr16:2060802:C:T	Pathogenic	other	0.1905708909034729	0.07639887928962708	0.03303581476211548	0.09711849689483643
chr16:2060804:G:A	Benign	coding	0.21598783135414124	0.03210286796092987	0.03713923692703247	0.08176833391189575
chr16:2060805:C:T	Pathogenic	other	0.10720804333686829	0.0660758912563324	0.04931753873825073	0.11156105995178223
chr16:2062970:A:G	Pathogenic	noncoding	0.10312449932098389	0.02229773998260498	0.02936449646949768	0.11940103769302368
chr16:2062971:G:A	Pathogenic	noncoding	0.10235905647277832	0.11845305562019348	0.0391879677772522	0.17520946264266968
chr16:2062971:G:C	Pathogenic	noncoding	0.07553571462631226	0.17732778191566467	0.05601555109024048	0.22068899869918823
chr16:2062982:C:T	Pathogenic	other	0.1345662772655487	0.053908467292785645	0.020992934703826904	0.08761471509933472
chr16:2062984:A:G	Benign	coding	0.029380619525909424	0.03658828139305115	0.03845444321632385	0.025845348834991455
chr16:2063008:G:C	Benign	coding	0.08898746967315674	0.07197216153144836	0.044332653284072876	0.01221233606338501
chr16:2077847:C:G	Benign	noncoding	0.026573657989501953	0.1922002136707306	0.03394430875778198	0.1175544261932373
chr16:2080164:G:A	Pathogenic	noncoding	0.06178823113441467	0.06105443835258484	0.029218018054962158	0.18398746848106384
chr16:2080179:C:T	Pathogenic	other	0.13059072196483612	0.08355152606964111	0.03206714987754822	0.08991926908493042
chr16:2080190:C:T	Benign	coding	0.07258307933807373	0.035931698977947235	0.03850620985031128	0.0515734925866127
chr16:2080207:C:T	Benign	coding	0.054203808307647705	0.064315065741539	0.029613792896270752	0.02252250164747238
chr16:2080209:C:T	Pathogenic	other	0.09758180379867554	0.06885865330696106	0.03578305244445801	0.21829044818878174
chr16:2088866:C:T	Benign	noncoding	0.2673026919364929	0.09422612190246582	0.08825093507766724	0.06474393606185913
chr16:2088868:C:T	Benign	noncoding	0.13859403133392334	0.06651240587234497	0.07337969541549683	0.03211519122123718
chr16:2519686:T:C	Pathogenic	coding	0.06370764970779419	0.059775471687316895	0.006426304578781128	0.3508732318878174
chr16:2519722:G:A	Pathogenic	coding	0.20877009630203247	0.05512771010398865	0.028236091136932373	0.029181480407714844
chr16:2519725:C:T	Pathogenic	coding	0.046586692333221436	0.07263410091400146	0.009029388427734375	0.013730168342590332
chr16:2519744:A:T	Pathogenic	coding	0.07685518264770508	0.06058317422866821	0.033505916595458984	0.6872548460960388
chr16:2759139:G:C	Pathogenic	noncoding	0.016716107726097107	0.02333645522594452	0.06153213977813721	0.5405246019363403
chr16:2763095:C:G	Benign	coding	0.09601697325706482	0.13715603947639465	0.05384361743927002	0.10886138677597046
chr16:2763176:C:G	Benign	coding	0.04712742567062378	0.16250789165496826	0.05135810375213623	0.224763885140419
chr16:2763315:C:T	Benign	coding	0.07395575940608978	0.046091824769973755	0.09460604190826416	0.0595913827419281
chr16:2763874:C:T	Pathogenic	other	0.06575506925582886	0.07960885763168335	0.04250913858413696	0.4048779606819153
chr16:2766535:C:T	Pathogenic	other	0.10360544919967651	0.13431482017040253	0.034828901290893555	0.2545100450515747
chr16:2766553:C:T	Pathogenic	other	0.08697879314422607	0.20896106958389282	0.033964842557907104	0.5378533601760864
chr16:2766625:C:T	Pathogenic	other	0.0756678581237793	0.1179347038269043	0.01006019115447998	0.5233404040336609
chr16:2766626:G:C	Benign	coding	0.022511601448059082	0.057183802127838135	0.028881967067718506	0.05322688817977905
chr16:2769162:T:C	Benign	coding	0.002799510955810547	0.0002434849739074707	0.0006799697875976562	0.0025975704193115234
chr16:3026772:C:T	Pathogenic	other	0.0915231704711914	0.10210132598876953	0.0267641544342041	0.34393271803855896
chr16:3483416:C:T	Pathogenic	coding	0.010286211967468262	0.052790313959121704	0.005420804023742676	0.0651056170463562
chr16:3483453:A:C	Pathogenic	coding	0.04068344831466675	0.09062749147415161	0.008613109588623047	0.18221142888069153
chr16:3662005:G:A	Benign	coding	0.3515154719352722	0.049396127462387085	0.049161314964294434	0.005761086940765381
chr16:3662012:G:A	Pathogenic	noncoding	0.06900210678577423	0.05332309007644653	0.02765461802482605	0.7069445848464966
chr16:3677536:T:C	Benign	coding	0.016904354095458984	0.04458072781562805	0.0182267427444458	0.02815389633178711
chr16:3677573:A:G	Benign	coding	0.024970531463623047	0.03492721915245056	0.02097034454345703	0.12261700630187988
chr16:3677608:G:A	Benign	coding	0.12448835372924805	0.11133870482444763	0.026105493307113647	0.12959027290344238
chr16:3677628:C:T	Benign	coding	0.05797305703163147	0.15951591730117798	0.050880104303359985	0.05658590793609619
chr16:3679713:G:A	Benign	noncoding	0.03282374143600464	0.07951799035072327	0.04537460207939148	0.006286203861236572
chr16:3685978:G:A	Benign	noncoding	0.131757915019989	0.03322422504425049	0.03596079349517822	0.048205792903900146
chr16:3727781:G:A	Benign	coding	0.026887521147727966	0.09282499551773071	0.01802387833595276	0.27989763021469116
chr16:3727849:A:G	Benign	coding	0.06282645463943481	0.08100897073745728	0.012214034795761108	0.540985643863678
chr16:3727921:C:T	Benign	coding	0.15382146835327148	0.04529088735580444	0.009931564331054688	0.002226889133453369
chr16:3729098:T:C	Benign	coding	0.03982505202293396	0.03908076882362366	0.009864091873168945	0.06530141830444336
chr16:3729142:G:A	Pathogenic	other	0.14114704728126526	0.06632474064826965	0.06433716416358948	0.35728996992111206
chr16:3729145:G:A	Pathogenic	other	0.11146971583366394	0.04235537350177765	0.028925210237503052	0.522616982460022
chr16:3729169:G:T	Benign	coding	0.04096817970275879	0.10420772433280945	0.07923457026481628	0.19103069603443146
chr16:3731273:G:A	Benign	coding	0.1664057970046997	0.08567720651626587	0.016027212142944336	0.0642460286617279
chr16:3731312:G:A	Benign	coding	0.15071913599967957	0.035663217306137085	0.03476625680923462	0.0660557746887207
chr16:3731336:C:T	Pathogenic	other	0.1046457290649414	0.15145659446716309	0.026019692420959473	0.8255192637443542
chr16:3731337:C:T	Pathogenic	other	0.2302236557006836	0.10045170783996582	0.023315846920013428	0.7508270740509033
chr16:3731350:T:A	Pathogenic	other	0.2778429687023163	0.04196460545063019	0.0071825385093688965	0.7433481812477112
chr16:3731363:G:A	Benign	coding	0.2067435383796692	0.021350756287574768	0.015178859233856201	0.061334848403930664
chr16:3731417:G:A	Benign	coding	0.03969705104827881	0.04157614707946777	0.01849094033241272	0.044391877949237823
chr16:3782683:C:T	Pathogenic	noncoding	0.011736094951629639	0.0910714864730835	0.06361587345600128	0.2839181125164032
chr16:3782708:G:A	Pathogenic	other	0.034852176904678345	0.018892109394073486	0.04474079608917236	0.2218928337097168
chr16:3782774:G:A	Pathogenic	other	0.07289391756057739	0.11674943566322327	0.008102238178253174	0.3818167448043823
chr16:3782781:G:T	Pathogenic	other	0.02184879779815674	0.09111225605010986	0.032574087381362915	0.31296756863594055
chr16:3782805:G:A	Benign	coding	0.014024674892425537	0.06331366300582886	0.058557331562042236	0.039562344551086426
chr16:3782810:G:A	Pathogenic	other	0.03507751226425171	0.0861768126487732	0.029596447944641113	0.6112046241760254
chr16:3793494:G:A	Pathogenic	other	0.018615171313285828	0.04365620017051697	0.05756569653749466	0.2594519257545471
chr16:3793533:G:A	Pathogenic	other	0.03346380591392517	0.051260024309158325	0.06145147979259491	0.2537168264389038
chr16:3793539:G:A	Pathogenic	other	0.09803803265094757	0.05678968131542206	0.06183148920536041	0.11946070194244385
chr16:3793605:C:A	Pathogenic	other	0.05543816089630127	0.09080928564071655	0.07781031727790833	0.49625110626220703
chr16:3810625:G:T	Pathogenic	other	0.23673489689826965	0.1363126039505005	0.061701953411102295	0.7317456007003784
chr16:3810639:A:G	Benign	coding	0.04177016019821167	0.0356198251247406	0.06518524885177612	0.04459306597709656
chr16:3810677:G:A	Pathogenic	other	0.02232217788696289	0.06520572304725647	0.054485052824020386	0.39574968814849854
chr16:3850779:G:A	Pathogenic	other	0.022179007530212402	0.023834511637687683	0.02613973617553711	0.09415648132562637
chr16:3850809:G:A	Pathogenic	other	0.03863157331943512	0.03421291708946228	0.04325444996356964	0.2660459280014038
chr16:3850820:C:T	Benign	coding	0.019958972930908203	0.1294715404510498	0.015262395143508911	0.0983361303806305
chr16:3850825:G:A	Benign	coding	0.05659504234790802	0.030298352241516113	0.051894038915634155	0.6679779887199402
chr16:3850872:G:A	Pathogenic	other	0.10877108573913574	0.16074836254119873	0.015689685940742493	0.08361119031906128
chr16:4351057:G:C	Benign	noncoding	0.03694630414247513	0.08720585703849792	0.05921792984008789	0.12869423627853394
chr16:4860860:C:G	Benign	coding	0.08503559231758118	0.08284056186676025	0.028141170740127563	0.10627621412277222
chr16:4875083:A:C	Benign	coding	0.04356873035430908	0.09042009711265564	0.01877284049987793	0.07241988182067871
chr16:8917032:G:C	Pathogenic	other	0.14899197220802307	0.14389845728874207	0.04155564308166504	0.24791650474071503
chr16:8919076:C:T	Pathogenic	coding	0.08509993553161621	0.03805208206176758	0.04854077100753784	0.5362582206726074
chr16:11549184:G:T	Benign	noncoding	0.06287652254104614	0.07885372638702393	0.02238839864730835	0.13479691743850708
chr16:11549198:C:T	Benign	noncoding	0.012421637773513794	0.037857234477996826	0.06725645065307617	0.1957320123910904
chr16:11549494:G:A	Benign	noncoding	0.0545215904712677	0.09776407480239868	0.04335212707519531	0.2742641270160675
chr16:11549720:G:T	Pathogenic	coding	0.05970767140388489	0.052722811698913574	0.031184852123260498	0.5224979519844055
chr16:11687934:G:A	Benign	coding	0.014452517032623291	0.014671564102172852	0.008994579315185547	0.8883707523345947
chr16:11687946:G:A	Benign	coding	0.07960909605026245	0.02740079164505005	0.023522615432739258	0.1834714412689209
chr16:13922130:C:T	Pathogenic	other	0.18976083397865295	0.07737338542938232	0.05511629581451416	0.8456150889396667
chr16:14551992:T:C	Benign	noncoding	0.06249958276748657	0.025281906127929688	0.03295339643955231	0.1278611421585083
chr16:18793089:T:C	Benign	noncoding	0.1817052960395813	0.14105695486068726	0.057664692401885986	0.10199171304702759
chr16:18798011:G:A	Benign	coding	0.02343541383743286	0.02051788568496704	0.011542141437530518	0.026618242263793945
chr16:18798016:G:A	Benign	coding	0.010786116123199463	0.038101136684417725	0.021769404411315918	0.014981985092163086
chr16:21965441:G:A	Benign	coding	0.08408969640731812	0.1177682876586914	0.055590540170669556	0.2382519394159317
chr16:21971615:G:A	Benign	coding	0.22505009174346924	0.042125433683395386	0.02117234468460083	0.06741088628768921
chr16:21983090:G:A	Benign	coding	0.13600143790245056	0.2206476926803589	0.20686182379722595	0.1876857429742813
chr16:23413536:G:A	Pathogenic	other	0.07923394441604614	0.02318364381790161	0.11530429124832153	0.7296954393386841
chr16:23988577:G:T	Pathogenic	coding	0.04518091678619385	0.08562284708023071	0.05588740110397339	0.22128570079803467
chr16:27508661:A:G	Benign	noncoding	0.022454142570495605	0.039434731006622314	0.06731712818145752	0.040610432624816895
chr16:28834672:C:T	Benign	coding	0.156452476978302	0.15059703588485718	0.07185229659080505	0.4880630373954773
chr16:28844214:G:A	Benign	noncoding	0.08961349725723267	0.03278094530105591	0.030437588691711426	0.06877875328063965
chr16:28844406:A:G	Benign	noncoding	0.24540168046951294	0.05962246656417847	0.023852825164794922	0.2039969563484192
chr16:29799274:G:A	Benign	coding	0.07678179442882538	0.06852519512176514	0.07088536024093628	0.0021335333585739136
chr16:29804037:T:C	Benign	coding	0.1876402497291565	0.03606212139129639	0.02507534623146057	0.1051790714263916
chr16:29804082:G:A	Benign	noncoding	0.11470085382461548	0.13024094700813293	0.04216259717941284	0.09104299545288086
chr16:29804814:C:G	Benign	coding	0.03788334131240845	0.06095108389854431	0.07550284266471863	0.08513087034225464
chr16:30723827:C:T	Benign	coding	0.061852723360061646	0.02147895097732544	0.025777041912078857	0.7096467614173889
chr16:30724087:C:T	Benign	coding	0.059186577796936035	0.13326233625411987	0.01399374008178711	0.07506465911865234
chr16:30737295:C:T	Pathogenic	other	0.03681066632270813	0.10182753205299377	0.04128366708755493	0.6045282483100891
chr16:30737327:C:A	Pathogenic	other	0.07354360818862915	0.07894885540008545	0.039440155029296875	0.23779736459255219
chr16:30737370:C:T	Pathogenic	other	0.06425443291664124	0.0410228967666626	0.025854527950286865	0.39740777015686035
chr16:30751319:C:T	Benign	noncoding	0.030545473098754883	0.04558062553405762	0.03628137707710266	0.04442371428012848
chr16:30751384:C:G	Benign	noncoding	0.05579644441604614	0.08610072731971741	0.048267513513565063	0.06986469775438309
chr16:31091268:G:A	Benign	coding	0.041771844029426575	0.025089561939239502	0.010832428932189941	0.004181195050477982
chr16:31093392:T:C	Benign	coding	0.12338882684707642	0.0916028618812561	0.03705093264579773	0.04383374750614166
chr16:31182673:T:C	Benign	noncoding	0.07980939745903015	0.11322873830795288	0.08578163385391235	0.10912194848060608
chr16:31184438:C:T	Benign	noncoding	0.061198651790618896	0.09682971239089966	0.03516954183578491	0.09715926647186279
chr16:31184444:T:C	Benign	noncoding	0.12623247504234314	0.10571950674057007	0.009869039058685303	0.0456622838973999
chr16:31185191:A:C	Benign	noncoding	0.0808756947517395	0.06977128982543945	0.020507752895355225	0.04012638330459595
chr16:31186777:C:T	Benign	noncoding	0.10371538996696472	0.07723695039749146	0.037772923707962036	0.030519917607307434
chr16:31187015:G:C	Benign	noncoding	0.1704382300376892	0.20929527282714844	0.21908530592918396	0.17811915278434753
chr16:31188078:G:T	Benign	noncoding	0.07827109098434448	0.056721508502960205	0.06127023696899414	0.14578914642333984
chr16:31189106:C:T	Benign	noncoding	0.17091301083564758	0.16093158721923828	0.05759233236312866	0.10202610492706299
chr16:31189158:C:T	Pathogenic	other	0.02091865986585617	0.05284659564495087	0.040566325187683105	0.019702289253473282
chr16:31191052:C:T	Pathogenic	other	0.020048856735229492	0.07342261075973511	0.13977891206741333	0.05637079477310181
chr16:31191109:A:G	Pathogenic	coding	0.10685163736343384	0.06827203929424286	0.04806548357009888	0.0456048846244812
chr16:31191111:G:A	Pathogenic	noncoding	0.18425965309143066	0.09036573767662048	0.06405702233314514	0.6665023565292358
chr16:31191399:G:T	Pathogenic	coding	0.1925029754638672	0.13045108318328857	0.07651901245117188	0.1910792589187622
chr16:31191408:C:G	Pathogenic	coding	0.022506773471832275	0.14645299315452576	0.2548215985298157	0.10144084692001343
chr16:31191410:G:A	Pathogenic	coding	0.09347015619277954	0.11535561084747314	0.03196936845779419	0.12795856595039368
chr16:31191412:C:T	Pathogenic	other	0.09944218397140503	0.10129165649414062	0.07165509462356567	0.16553452610969543
chr16:31191418:C:A	Pathogenic	coding	0.028352439403533936	0.1224396824836731	0.034596920013427734	0.22565144300460815
chr16:31191418:C:G	Pathogenic	coding	0.0689052939414978	0.17349547147750854	0.08257442712783813	0.18162986636161804
chr16:31191418:C:T	Pathogenic	coding	0.06068682670593262	0.09089869260787964	0.04728043079376221	0.10337674617767334
chr16:31191419:G:A	Pathogenic	coding	0.04839193820953369	0.2070181965827942	0.03998386859893799	0.08050921559333801
chr16:31191429:G:C	Pathogenic	coding	0.05858597159385681	0.1680344045162201	0.05344536900520325	0.08464539051055908
chr16:31191430:C:A	Pathogenic	coding	0.029617369174957275	0.11293399333953857	0.06359937787055969	0.1638568639755249
chr16:31191431:C:T	Pathogenic	coding	0.06345248222351074	0.07250308990478516	0.06895467638969421	0.1332048922777176
chr16:31191434:A:G	Pathogenic	coding	0.16639041900634766	0.09316454827785492	0.03619849681854248	0.03389221429824829
chr16:31191448:C:T	Benign	noncoding	0.056440502405166626	0.17485013604164124	0.10659664869308472	0.3527408242225647
chr16:46660050:G:T	Benign	noncoding	0.06564128398895264	0.1735514998435974	0.022626161575317383	0.04023575782775879
chr16:46660118:C:G	Benign	noncoding	0.07557402551174164	0.017740517854690552	0.016241252422332764	0.1937013864517212
chr16:46697501:T:C	Benign	coding	0.12445199489593506	0.02018752694129944	0.0499630868434906	0.008365392684936523
chr16:46697521:A:C	Pathogenic	coding	0.12255048751831055	0.10739362239837646	0.05859646201133728	0.38494497537612915
chr16:47497402:C:G	Pathogenic	other	0.06990581750869751	0.1420654058456421	0.26363229751586914	0.11314171552658081
chr16:47497449:G:T	Pathogenic	other	0.09857514500617981	0.1997314691543579	0.23928287625312805	0.3939230442047119
chr16:47503003:T:C	Benign	coding	0.03726041316986084	0.049412548542022705	0.014317572116851807	0.1896461844444275
chr16:47511668:C:T	Pathogenic	other	0.06021738052368164	0.07777561247348785	0.016665995121002197	0.1386878490447998
chr16:47511755:G:T	Pathogenic	other	0.036983877420425415	0.09158691763877869	0.06250253319740295	0.7435650825500488
chr16:47641091:G:A	Pathogenic	noncoding	0.0986555814743042	0.04835449159145355	0.07973554730415344	0.1892622709274292
chr16:47641630:C:T	Pathogenic	other	0.028470993041992188	0.025735080242156982	0.01642763614654541	0.06525737047195435
chr16:53464311:A:T	Benign	coding	0.06334906816482544	0.02603185921907425	0.026417315006256104	0.07557651400566101
chr16:55579140:C:T	Benign	coding	0.03306400775909424	0.04022228717803955	0.06585162878036499	0.12137064337730408
chr16:56389369:A:T	Pathogenic	other	0.04937952756881714	0.023480117321014404	0.04103732109069824	0.06693828105926514
chr16:56434354:A:G	Benign	coding	0.0875091552734375	0.08189186453819275	0.06483060121536255	0.17223644256591797
chr16:56434401:A:G	Benign	coding	0.21037563681602478	0.13841547071933746	0.060408949851989746	0.09187161922454834
chr16:56834788:A:G	Benign	noncoding	0.13719499111175537	0.05069613456726074	0.06821700930595398	0.02542215585708618
chr16:57744772:G:T	Benign	noncoding	0.0006507635116577148	0.00039696693420410156	0.009624242782592773	0.0005248188972473145
chr16:58197773:G:A	Benign	noncoding	0.12070181965827942	0.04331010580062866	0.020364344120025635	0.1448460817337036
chr16:58521276:C:T	Pathogenic	noncoding	0.12746891379356384	0.1039731502532959	0.06299290060997009	0.2257421463727951
chr16:58523438:G:A	Benign	coding	0.055965542793273926	0.08674395084381104	0.01732480525970459	0.1526261568069458
chr16:58542479:C:T	Benign	coding	0.03932058811187744	0.16025617718696594	0.039314210414886475	0.11901829391717911
chr16:58543517:C:T	Benign	coding	0.16323664784431458	0.04846780002117157	0.02181023359298706	0.0679125189781189
chr16:58543563:C:G	Benign	coding	0.06460058689117432	0.06981313228607178	0.04894015192985535	0.17565256357192993
chr16:58543607:A:T	Benign	coding	0.04980620741844177	0.16630971431732178	0.06778031587600708	0.12386298179626465
chr16:58555915:G:T	Benign	noncoding	0.2737234830856323	0.09015107154846191	0.044356465339660645	0.42782944440841675
chr16:58580632:C:A	Pathogenic	noncoding	0.07626365125179291	0.07045197486877441	0.07194206118583679	0.7704559564590454
chr16:58582808:G:A	Benign	coding	0.058077991008758545	0.060720622539520264	0.1311277151107788	0.010181307792663574
chr16:58582911:A:G	Benign	noncoding	0.04199272394180298	0.011477947235107422	0.04285931587219238	0.033772945404052734
chr16:66550578:A:T	Benign	other	0.15501129627227783	0.1360756903886795	0.1915186643600464	0.13901296257972717
chr16:66813805:G:C	Pathogenic	coding	0.05215597152709961	0.15218064188957214	0.09310716390609741	0.0002468228340148926
chr16:68122295:C:T	Benign	coding	0.02270817756652832	0.016536787152290344	0.033291757106781006	0.20485088229179382
chr16:68191498:A:G	Benign	coding	0.14638063311576843	0.05033308267593384	0.02097839117050171	0.07477933168411255
chr16:69136806:G:A	Benign	coding	0.09947684407234192	0.07115676999092102	0.029030323028564453	0.06653112173080444
chr16:69647467:A:G	Benign	coding	0.05653798580169678	0.09104469418525696	0.03993041813373566	0.14975233376026154
chr16:69691904:G:A	Benign	coding	0.07084023952484131	0.04169577360153198	0.06466978788375854	0.04037052392959595
chr16:69693577:A:G	Benign	coding	0.04798316955566406	0.06445133686065674	0.04934990406036377	0.045202016830444336
chr16:70253397:G:A	Benign	noncoding	0.019844770431518555	0.056128621101379395	0.018033921718597412	0.04670673608779907
chr16:70254321:A:G	Benign	noncoding	0.042147040367126465	0.03135383129119873	0.029072165489196777	0.0319659560918808
chr16:70262450:G:A	Pathogenic	other	0.0670623779296875	0.031181275844573975	0.038217782974243164	0.21060454845428467
chr16:70267659:C:A	Pathogenic	other	0.1401444375514984	0.03815920650959015	0.10581165552139282	0.5075355768203735
chr16:70277003:T:C	Pathogenic	coding	0.1352056860923767	0.04810738563537598	0.055576443672180176	0.019629061222076416
chr16:72104481:C:T	Benign	noncoding	0.03328591585159302	0.029038190841674805	0.013680756092071533	0.09219980239868164
chr16:72104500:C:T	Benign	coding	0.023405492305755615	0.024104148149490356	0.005217939615249634	0.056411415338516235
chr16:72788061:G:C	Benign	coding	0.0583498477935791	0.06926137208938599	0.0302162766456604	0.08015549182891846
chr16:72788063:G:C	Benign	coding	0.040925800800323486	0.05503201484680176	0.02701270580291748	0.16036656498908997
chr16:72794968:T:C	Benign	coding	0.05724358558654785	0.041704654693603516	0.011502504348754883	0.6573870182037354
chr16:72796349:C:T	Benign	coding	0.19782471656799316	0.0873916745185852	0.02525550127029419	0.20588764548301697
chr16:72796353:A:G	Benign	coding	0.03235456347465515	0.05555799603462219	0.047054141759872437	0.7157614231109619
chr16:72959437:G:A	Pathogenic	noncoding	0.07239788770675659	0.1469726860523224	0.1210060566663742	0.9915895462036133
chr16:74626484:T:C	Benign	coding	0.003016650676727295	0.03805088996887207	0.0218203067779541	0.02704256772994995
chr16:74649112:T:A	Benign	noncoding	0.05007387697696686	0.038466498255729675	0.13511306047439575	0.022603407502174377
chr16:75634259:C:A	Pathogenic	other	0.10563844442367554	0.05579877644777298	0.10650748014450073	0.12640684843063354
chr16:75634266:G:C	Benign	coding	0.06058555841445923	0.01894737035036087	0.05190923810005188	0.021353989839553833
chr16:75635968:G:C	Pathogenic	coding	0.31421470642089844	0.1943608522415161	0.07863405346870422	0.08712688833475113
chr16:75640226:G:A	Pathogenic	noncoding	0.032048553228378296	0.08660340309143066	0.05108344554901123	0.5829144716262817
chr16:75640236:A:C	Pathogenic	noncoding	0.0865803062915802	0.11061125993728638	0.1584957093000412	0.43266889452934265
chr16:75640258:A:T	Pathogenic	coding	0.04553258419036865	0.04919075965881348	0.038064420223236084	0.08251693844795227
chr16:75654436:C:T	Benign	noncoding	0.06694769859313965	0.07488751411437988	0.056145310401916504	0.030824005603790283
chr16:75654494:G:C	Benign	noncoding	0.012035667896270752	0.0982324481010437	0.00922587513923645	0.050189971923828125
chr16:81363889:C:A	Pathogenic	other	0.03378570079803467	0.10562664270401001	0.02082735300064087	0.17216283082962036
chr16:81363889:C:G	Pathogenic	other	0.01963740587234497	0.12295949459075928	0.05040329694747925	0.11818587779998779
chr16:81363898:T:A	Pathogenic	other	0.03137767314910889	0.15402290225028992	0.04197174310684204	0.257452130317688
chr16:85663514:C:T	Benign	coding	0.07270288467407227	0.053883105516433716	0.04266974329948425	0.48889774084091187
chr16:85805047:T:C	Benign	coding	0.06315445899963379	0.04861822724342346	0.04939669370651245	0.1116909384727478
chr16:85806818:C:A	Pathogenic	coding	0.19373810291290283	0.0752912163734436	0.007892429828643799	0.061534397304058075
chr16:87834535:G:C	Benign	coding	0.074765145778656	0.03678753972053528	0.03846055269241333	0.02673601359128952
chr16:87837854:G:A	Benign	coding	0.05659365653991699	0.08214360475540161	0.008106827735900879	0.05306649208068848
chr16:88648151:C:T	Benign	noncoding	0.049683839082717896	0.07352936267852783	0.029679343104362488	0.014296412467956543
chr16:88714515:C:G	Benign	noncoding	0.13418683409690857	0.0912773609161377	0.04659119248390198	0.0738496482372284
chr16:88714606:G:A	Benign	coding	0.0938636064529419	0.06931641697883606	0.08582085371017456	0.09678986668586731
chr16:88715383:A:C	Benign	noncoding	0.010767251253128052	0.0525205135345459	0.08272413909435272	0.09476611763238907
chr16:88716877:G:A	Pathogenic	other	0.05642038583755493	0.0233270525932312	0.010515779256820679	0.5486004948616028
chr16:88716880:C:T	Benign	coding	0.05616128444671631	0.09249818325042725	0.03202858567237854	0.0717204213142395
chr16:88716881:G:A	Benign	coding	0.11550295352935791	0.06447145342826843	0.014462113380432129	0.16800636053085327
chr16:88721819:C:T	Benign	coding	0.053171783685684204	0.03143972158432007	0.03261774778366089	0.004659831523895264
chr16:88732488:G:T	Pathogenic	other	0.15370969474315643	0.05315274000167847	0.0076751708984375	0.2809215188026428
chr16:88732509:C:T	Benign	coding	0.11178521811962128	0.11923214793205261	0.025970816612243652	0.007504582405090332
chr16:88732724:G:A	Benign	coding	0.022128641605377197	0.02191179245710373	0.026589691638946533	0.06523758172988892
chr16:88732830:T:C	Benign	noncoding	0.035300254821777344	0.07353556156158447	0.03886014223098755	0.05275927484035492
chr16:88733009:G:C	Benign	noncoding	0.024449437856674194	0.021661967039108276	0.016030848026275635	0.02733074128627777
chr16:88733076:T:G	Benign	noncoding	0.028244972229003906	0.04706466197967529	0.012081027030944824	0.1163313090801239
chr16:88735362:G:A	Benign	noncoding	0.07252436876296997	0.1111876368522644	0.010284721851348877	0.10113739967346191
chr16:88735840:G:A	Benign	noncoding	0.02220553159713745	0.026876866817474365	0.037757694721221924	0.017348408699035645
chr16:88737092:G:C	Benign	noncoding	0.043981701135635376	0.09179189801216125	0.03433707356452942	0.09574234485626221
chr16:88784632:C:T	Benign	noncoding	0.06334641575813293	0.18152526021003723	0.05315059423446655	0.048059165477752686
chr16:88784889:C:A	Benign	noncoding	0.07171595096588135	0.09778487682342529	0.04505181312561035	0.050055861473083496
chr16:88784902:A:C	Benign	coding	0.08232009410858154	0.07723081111907959	0.073525071144104	0.037486135959625244
chr16:88785151:A:T	Benign	noncoding	0.037090420722961426	0.06224489212036133	0.011362552642822266	0.08617812395095825
chr16:88859673:G:A	Benign	coding	0.11252930760383606	0.042651623487472534	0.03373599052429199	0.0588875412940979
chr16:88859681:C:T	Benign	coding	0.07088053226470947	0.05318149924278259	0.05905315279960632	0.05872344970703125
chr16:89101314:C:T	Benign	coding	0.06095719337463379	0.17197713255882263	0.06831616163253784	0.1110263466835022
chr16:89112431:T:C	Benign	noncoding	0.005289673805236816	0.00972360372543335	0.00630563497543335	0.014278650283813477
chr16:89282173:T:A	Pathogenic	other	0.09193989634513855	0.09128743410110474	0.022624731063842773	0.3268762230873108
chr16:89282175:A:G	Benign	coding	0.05774801969528198	0.028469055891036987	0.010589003562927246	0.15097305178642273
chr16:89282198:A:G	Benign	coding	0.09789770841598511	0.055291712284088135	0.05052691698074341	0.16789649426937103
chr16:89283770:G:A	Benign	coding	0.27056336402893066	0.06826984882354736	0.025614619255065918	0.003460027277469635
chr16:89283826:G:A	Pathogenic	other	0.2825703024864197	0.11265939474105835	0.017857998609542847	0.9269853234291077
chr16:89283838:C:A	Pathogenic	other	0.18703119456768036	0.14113660156726837	0.01573359966278076	0.9440484642982483
chr16:89283850:G:A	Pathogenic	other	0.08405548334121704	0.037833571434020996	0.027040481567382812	0.9564985632896423
chr16:89283864:C:A	Benign	coding	0.08294010907411575	0.11698278784751892	0.01123267412185669	0.13805153965950012
chr16:89283895:C:A	Pathogenic	other	0.16919147968292236	0.11238473653793335	0.052247554063797	0.6775721311569214
chr16:89283907:C:A	Pathogenic	other	0.36763155460357666	0.13736337423324585	0.015219002962112427	0.3706638813018799
chr16:89283969:C:T	Pathogenic	other	0.09642806649208069	0.056681931018829346	0.0038909316062927246	0.6191706657409668
chr16:89284019:C:T	Pathogenic	other	0.19681358337402344	0.0868520736694336	0.012417972087860107	0.949851393699646
chr16:89284030:G:A	Pathogenic	other	0.19794541597366333	0.05711963772773743	0.013444304466247559	0.8933528661727905
chr16:89285185:T:A	Pathogenic	other	0.033987343311309814	0.03545409440994263	0.026147320866584778	0.35972434282302856
chr16:89285224:G:A	Pathogenic	other	0.23131102323532104	0.04333150386810303	0.017264127731323242	0.35005247592926025
chr16:89285246:C:G	Benign	coding	0.04068368673324585	0.03271454572677612	0.02230343222618103	0.07754546403884888
chr16:89285256:G:T	Pathogenic	other	0.05312079191207886	0.08963489532470703	0.018774986267089844	0.7817474007606506
chr16:89285310:G:T	Pathogenic	other	0.43797552585601807	0.09987013041973114	0.014989763498306274	0.7072039246559143
chr16:89305631:C:G	Benign	noncoding	0.10068917274475098	0.027904272079467773	0.036594003438949585	0.060179829597473145
chr16:89305638:G:C	Benign	noncoding	0.1542830467224121	0.023507416248321533	0.05831354856491089	0.05184715986251831
chr16:89305671:C:T	Benign	noncoding	0.01158374547958374	0.024620234966278076	0.012625455856323242	0.06384801864624023
chr16:89316939:C:T	Benign	coding	0.0851970911026001	0.010630875825881958	0.0038036108016967773	0.004726290702819824
chr16:89561263:C:T	Benign	coding	0.15484505891799927	0.04530423879623413	0.0343548059463501	0.10517299175262451
chr16:89693468:G:A	Pathogenic	noncoding	0.04162156581878662	0.07086506485939026	0.04175648093223572	0.038732171058654785
chr16:89694144:T:C	Benign	noncoding	0.10407739877700806	0.15167826414108276	0.06170451641082764	0.12320488691329956
chr16:89770373:G:A	Benign	noncoding	0.08198654651641846	0.07869106531143188	0.07611235976219177	0.12262624502182007
chr16:89785166:A:G	Benign	noncoding	0.034923017024993896	0.03494665026664734	0.09482830762863159	0.05414402484893799
chr16:89808342:C:T	Pathogenic	other	0.26859450340270996	0.08469641208648682	0.030652135610580444	0.3763551712036133
chr17:1361317:T:A	Benign	noncoding	0.0489882230758667	0.0424320325255394	0.0119362473487854	0.005037322640419006
chr17:1362023:A:T	Benign	noncoding	0.02369588613510132	0.01637423038482666	0.02739131450653076	0.06385993957519531
chr17:1362024:T:A	Benign	noncoding	0.06608349084854126	0.042897820472717285	0.00361478328704834	0.030475854873657227
chr17:1362031:T:A	Benign	noncoding	0.10986852645874023	0.027195632457733154	0.0097886323928833	0.028712287545204163
chr17:1400164:C:G	Benign	noncoding	0.023147106170654297	0.04066646099090576	0.038354694843292236	0.06451213359832764
chr17:1478703:C:T	Benign	coding	0.03701527416706085	0.0856635570526123	0.052115827798843384	0.05614490807056427
chr17:1651776:G:A	Benign	coding	0.0568385124206543	0.04003244638442993	0.008834302425384521	0.2589230537414551
chr17:1653558:G:A	Pathogenic	coding	0.16447876393795013	0.0961771309375763	0.017097294330596924	0.026406198740005493
chr17:1653617:C:T	Benign	coding	0.07960373163223267	0.07331386208534241	0.029931634664535522	0.05731689929962158
chr17:1653664:G:A	Benign	coding	0.08488094061613083	0.04331773519515991	0.03188908100128174	0.12759840488433838
chr17:1656719:G:A	Pathogenic	other	0.18084752559661865	0.12223461270332336	0.02786940336227417	0.5447084307670593
chr17:1659562:G:A	Benign	noncoding	0.15222522616386414	0.05082711577415466	0.056325554847717285	0.05395360291004181
chr17:1660528:G:A	Benign	coding	0.04797540605068207	0.022165298461914062	0.046521544456481934	0.19573312997817993
chr17:1660591:C:T	Benign	noncoding	0.15817557275295258	0.04647877812385559	0.012398362159729004	0.04142773151397705
chr17:1660595:A:C	Benign	noncoding	0.09475022554397583	0.03514513373374939	0.017273306846618652	0.16896776854991913
chr17:1674543:C:T	Benign	coding	0.13985836505889893	0.12146201729774475	0.021411657333374023	0.0628986656665802
chr17:1674691:A:C	Benign	noncoding	0.08951514959335327	0.19963276386260986	0.10476237535476685	0.03694133460521698
chr17:1676574:T:C	Benign	coding	0.6154371500015259	0.7318663001060486	0.025381356477737427	0.7886468172073364
chr17:1680838:T:C	Benign	noncoding	0.12374964356422424	0.06293749809265137	0.026222020387649536	0.061495423316955566
chr17:1680911:G:T	Benign	noncoding	0.027061492204666138	0.09884411096572876	0.04877889156341553	0.14890745282173157
chr17:1683704:G:A	Benign	noncoding	0.05820569396018982	0.062140047550201416	0.08818849921226501	0.2908763587474823
chr17:1775065:G:A	Pathogenic	other	0.19388651847839355	0.051591962575912476	0.06423801183700562	0.45193955302238464
chr17:1775110:C:G	Pathogenic	other	0.1003943681716919	0.08072012662887573	0.04979139566421509	0.5096071362495422
chr17:1775148:C:A	Pathogenic	other	0.20723742246627808	0.05296841263771057	0.007374107837677002	0.5949912071228027
chr17:1775173:T:C	Benign	coding	0.03380781412124634	0.031498491764068604	0.023611724376678467	0.08455502986907959
chr17:2669879:A:G	Benign	noncoding	0.012330949306488037	0.04363414645195007	0.009946189820766449	0.007031559944152832
chr17:2673883:A:T	Benign	noncoding	0.028482258319854736	0.1586432158946991	0.02043098211288452	0.20418712496757507
chr17:2685436:C:T	Benign	noncoding	0.029248416423797607	0.06131573021411896	0.09315329790115356	0.16223564743995667
chr17:2700723:G:A	Benign	coding	0.27751535177230835	0.07097816467285156	0.023870855569839478	0.00453031063079834
chr17:4735235:G:A	Benign	coding	0.056553423404693604	0.08429819345474243	0.030785441398620605	0.4835713505744934
chr17:4897899:T:C	Benign	noncoding	0.00716651976108551	0.05137366056442261	0.008988842368125916	0.045444488525390625
chr17:4897988:C:T	Benign	noncoding	0.015697598457336426	0.040979862213134766	0.04094737768173218	0.01578068733215332
chr17:4897991:C:T	Benign	noncoding	0.0011692047119140625	0.03286087512969971	0.036730051040649414	0.014961600303649902
chr17:4897993:A:C	Benign	noncoding	0.010533511638641357	0.018091678619384766	0.018839150667190552	0.01832747459411621
chr17:4946742:A:C	Pathogenic	coding	0.16913706064224243	0.10230159759521484	0.017310798168182373	0.06189221143722534
chr17:4948130:C:G	Benign	noncoding	0.09226715564727783	0.09739542007446289	0.049656808376312256	0.04817190766334534
chr17:5432868:A:G	Benign	noncoding	0.05681568384170532	0.04608985781669617	0.08008140325546265	0.16296347975730896
chr17:5432890:T:C	Benign	noncoding	0.05883815884590149	0.011953748762607574	0.025695383548736572	0.01155918836593628
chr17:5433040:A:G	Pathogenic	coding	0.15544196963310242	0.07443752884864807	0.14439305663108826	0.11112980544567108
chr17:5433041:G:A	Pathogenic	coding	0.23800349235534668	0.023212909698486328	0.06928762793540955	0.09084855020046234
chr17:5433125:C:A	Pathogenic	coding	0.052086591720581055	0.10698217153549194	0.031106293201446533	0.16279345750808716
chr17:5433128:G:A	Pathogenic	other	0.08089691400527954	0.09649419784545898	0.028248131275177002	0.4427938163280487
chr17:5433147:T:C	Benign	coding	0.37217265367507935	0.06843036413192749	0.035734355449676514	0.3586892783641815
chr17:5433727:A:T	Benign	coding	0.02517932653427124	0.055983662605285645	0.039508163928985596	0.09822001308202744
chr17:6685892:C:T	Benign	noncoding	0.19875982403755188	0.02233058214187622	0.03165203332901001	0.6146654486656189
chr17:6686176:A:G	Benign	noncoding	0.11826738715171814	0.016605615615844727	0.012561619281768799	0.004853785037994385
chr17:7222253:G:T	Pathogenic	other	0.052866995334625244	0.0382610559463501	0.03037545084953308	0.5470222234725952
chr17:7222272:T:C	Pathogenic	coding	0.10878485441207886	0.06614278256893158	0.06777974963188171	0.04896385967731476
chr17:7311395:G:A	Pathogenic	coding	0.024515628814697266	0.06550461053848267	0.011331349611282349	0.06316748261451721
chr17:7311404:C:G	Pathogenic	coding	0.16196957230567932	0.0990610122680664	0.008254855871200562	0.5611482262611389
chr17:7415077:C:T	Benign	coding	0.31601816415786743	0.08178776502609253	0.03051745891571045	0.07459865510463715
chr17:7579882:C:T	Benign	coding	0.05409485101699829	0.06454992294311523	0.0735194981098175	0.20861953496932983
chr17:7848827:G:A	Benign	coding	0.05710726976394653	0.03797191381454468	0.016869664192199707	0.02195119857788086
chr17:7848872:C:T	Pathogenic	other	0.08077040314674377	0.03191232681274414	0.014975428581237793	0.10151565074920654
chr17:7885091:C:G	Benign	noncoding	0.22861534357070923	0.04664969444274902	0.016787707805633545	0.0003078579902648926
chr17:7910418:C:T	Benign	noncoding	0.021878600120544434	0.042671024799346924	0.05097454786300659	0.017915189266204834
chr17:8141125:T:C	Benign	coding	0.061361610889434814	0.09553205966949463	0.0636415183544159	0.025136619806289673
chr17:8173508:C:G	Pathogenic	noncoding	0.10705262422561646	0.07513761520385742	0.013705559074878693	0.02675284445285797
chr17:8173516:A:C	Pathogenic	noncoding	0.10444587469100952	0.12887553870677948	0.005966320633888245	0.037144988775253296
chr17:8173518:G:A	Benign	noncoding	0.06989920139312744	0.06796252727508545	0.07372027635574341	0.01315470039844513
chr17:8173529:C:G	Pathogenic	noncoding	0.18821492791175842	0.07298657298088074	0.06256091594696045	0.06075277924537659
chr17:8173530:A:C	Pathogenic	noncoding	0.19951967895030975	0.09667778015136719	0.01982298493385315	0.08529150485992432
chr17:8173532:C:A	Pathogenic	noncoding	0.20031794905662537	0.09337848424911499	0.023752808570861816	0.07723233103752136
chr17:8173534:T:C	Benign	noncoding	0.02161884307861328	0.07194651663303375	0.08644437789916992	0.03950121998786926
chr17:8173535:G:A	Benign	noncoding	0.013986289501190186	0.05803400278091431	0.05458027124404907	0.03564107418060303
chr17:8173537:T:C	Benign	noncoding	0.04318469762802124	0.03009733557701111	0.0895710289478302	0.02021920680999756
chr17:8173546:C:T	Benign	noncoding	0.17129424214363098	0.042204439640045166	0.06623494625091553	0.035878702998161316
chr17:8173550:C:G	Pathogenic	noncoding	0.09276974201202393	0.10426685214042664	0.07353366911411285	0.032087862491607666
chr17:8173552:G:A	Benign	noncoding	0.020146995782852173	0.056350648403167725	0.05246594548225403	0.03537428379058838
chr17:8173553:G:A	Benign	noncoding	0.020859956741333008	0.017903268337249756	0.06653255224227905	0.04607000946998596
chr17:8173554:A:C	Benign	noncoding	0.032971546053886414	0.04525601863861084	0.023907840251922607	0.030389025807380676
chr17:8173559:G:A	Benign	noncoding	0.040248990058898926	0.008073143661022186	0.06408411264419556	0.018474847078323364
chr17:8173578:C:T	Benign	noncoding	0.04990577697753906	0.08000718057155609	0.11519357562065125	0.08893674612045288
chr17:8173580:C:T	Benign	noncoding	0.0413936972618103	0.061107128858566284	0.12805721163749695	0.02684091031551361
chr17:8173586:G:T	Pathogenic	noncoding	0.06764447689056396	0.03714057803153992	0.03380519151687622	0.07363507151603699
chr17:8173587:A:G	Pathogenic	noncoding	0.055791378021240234	0.19648927450180054	0.08362525701522827	0.09035766124725342
chr17:8173593:A:G	Benign	noncoding	0.23290151357650757	0.10530179738998413	0.1060430109500885	0.1314706951379776
chr17:8173598:C:G	Benign	noncoding	0.41888487339019775	0.1337859034538269	0.14533856511116028	0.20926213264465332
chr17:8173598:C:T	Benign	noncoding	0.35427361726760864	0.11182250082492828	0.14484138786792755	0.20088157057762146
chr17:8173599:A:C	Benign	noncoding	0.2715277671813965	0.1452084630727768	0.021772488951683044	0.08468560874462128
chr17:8481351:C:T	Benign	coding	0.19337338209152222	0.05270308256149292	0.005370378494262695	0.00014144182205200195
chr17:13005417:T:A	Benign	noncoding	0.02510732412338257	0.10413269698619843	0.0208776593208313	0.031925320625305176
chr17:15230005:C:T	Benign	noncoding	0.021865040063858032	0.07791000604629517	0.14708635210990906	0.06712746620178223
chr17:15230027:G:A	Benign	noncoding	0.08087754249572754	0.10247823596000671	0.040802717208862305	0.1557806134223938
chr17:15230712:G:T	Benign	noncoding	0.0015219449996948242	0.02396637201309204	0.019139766693115234	0.012907624244689941
chr17:15230717:A:C	Benign	noncoding	0.0031246542930603027	0.01762598752975464	0.07124641537666321	0.022633910179138184
chr17:15230719:G:C	Benign	noncoding	0.00151139497756958	0.019569873809814453	0.01893562078475952	0.010563194751739502
chr17:15239469:A:C	Pathogenic	noncoding	0.05164843797683716	0.12686601281166077	0.03256446123123169	0.7688409686088562
chr17:15239470:C:A	Pathogenic	noncoding	0.029085472226142883	0.03859478980302811	0.03895765542984009	0.7323909401893616
chr17:15239470:C:T	Pathogenic	noncoding	0.057059794664382935	0.041754335165023804	0.02429664134979248	0.793644905090332
chr17:15239483:G:A	Pathogenic	other	0.0623319149017334	0.10545367002487183	0.01790723204612732	0.6436479091644287
chr17:15239492:C:T	Pathogenic	coding	0.11543068289756775	0.060712993144989014	0.02913680672645569	0.5115749835968018
chr17:15239534:G:A	Pathogenic	other	0.062335848808288574	0.05464711785316467	0.023651301860809326	0.4419086277484894
chr17:15239554:G:A	Pathogenic	coding	0.02754420042037964	0.04786846041679382	0.0062468647956848145	0.16430769860744476
chr17:15239554:G:C	Pathogenic	coding	0.012717962265014648	0.0586094856262207	0.037450432777404785	0.1411653459072113
chr17:15239555:A:G	Pathogenic	coding	0.029819607734680176	0.041090309619903564	0.0047844648361206055	0.08650040626525879
chr17:16057910:G:T	Benign	coding	0.08915483951568604	0.10461252927780151	0.052329301834106445	0.8047426342964172
chr17:16139000:T:C	Benign	noncoding	0.06258544325828552	0.07792675495147705	0.06435820460319519	0.054282426834106445
chr17:28563430:C:G	Pathogenic	noncoding	0.5585269927978516	0.15471218526363373	0.06023642420768738	0.5651163458824158
chr17:28883230:A:C	Benign	coding	0.3432634770870209	0.09023404121398926	0.03520768880844116	0.04508030414581299
chr17:29086488:A:G	Benign	coding	0.08208313584327698	0.08062183856964111	0.032940030097961426	0.03086268901824951
chr17:29086942:G:A	Benign	coding	0.04201483726501465	0.07125638425350189	0.018287301063537598	0.0003337860107421875
chr17:29086957:C:T	Benign	coding	0.22535648941993713	0.10429751873016357	0.08144021034240723	0.08978980779647827
chr17:29086963:G:A	Benign	coding	0.1903790831565857	0.022914737462997437	0.09569680690765381	0.00046688318252563477
chr17:29287671:A:G	Benign	coding	0.06486773490905762	0.019465727731585503	0.003058135509490967	0.007672209292650223
chr17:29293916:G:A	Benign	coding	0.03342437744140625	0.01985764503479004	0.008379220962524414	0.026397347450256348
chr17:29294016:C:T	Benign	coding	0.018358469009399414	0.10734862089157104	0.00802546739578247	0.030883193016052246
chr17:29467217:G:A	Pathogenic	noncoding	0.09606745839118958	0.010872721672058105	0.04490518569946289	0.5902808308601379
chr17:29475765:A:G	Benign	coding	0.1511116325855255	0.15804025530815125	0.07191824913024902	0.04223358631134033
chr17:31225115:T:A	Pathogenic	other	0.19872111082077026	0.11821639537811279	0.09334838390350342	0.11436247825622559
chr17:31225133:C:A	Pathogenic	other	0.05675780773162842	0.012910068035125732	0.07771450281143188	0.2218729853630066
chr17:31225134:G:A	Pathogenic	coding	0.0546833872795105	0.056901708245277405	0.027522772550582886	0.3111459016799927
chr17:31225161:G:T	Pathogenic	other	0.016606736928224564	0.023087263107299805	0.027057349681854248	0.1314149647951126
chr17:31225173:C:T	Pathogenic	other	0.008354105055332184	0.009662985801696777	0.0807340145111084	0.22251129150390625
chr17:31225191:G:T	Pathogenic	other	0.1986023485660553	0.2014268934726715	0.23788326978683472	0.03350569307804108
chr17:31225194:G:T	Pathogenic	other	0.2588145136833191	0.050257839262485504	0.07961151003837585	0.1616705060005188
chr17:31233076:A:C	Pathogenic	coding	0.052680209279060364	0.043637678027153015	0.03344283998012543	0.056683480739593506
chr17:31233079:G:T	Pathogenic	other	0.12590675055980682	0.11025947332382202	0.021815627813339233	0.6395843029022217
chr17:31233083:T:C	Pathogenic	coding	0.06808808445930481	0.1253989189863205	0.03880837559700012	0.05514712631702423
chr17:31233083:T:G	Pathogenic	coding	0.20002955198287964	0.10866448283195496	0.05919840931892395	0.11165513098239899
chr17:31233084:T:A	Pathogenic	coding	0.03867447376251221	0.031263530254364014	0.03581950068473816	0.06482468545436859
chr17:31233084:T:G	Pathogenic	coding	0.09909769892692566	0.09955060482025146	0.07626646757125854	0.04617840051651001
chr17:31233107:T:A	Pathogenic	other	0.07513022422790527	0.0447273850440979	0.029793918132781982	0.5558875799179077
chr17:31233121:G:T	Pathogenic	other	0.06535282731056213	0.02558419108390808	0.018994688987731934	0.32888203859329224
chr17:31233128:T:A	Pathogenic	other	0.2579740881919861	0.07261696457862854	0.03425788879394531	0.5931546092033386
chr17:31233133:G:T	Pathogenic	other	0.0959206223487854	0.09115460515022278	0.030798494815826416	0.7731041312217712
chr17:31233149:T:G	Pathogenic	coding	0.27295756340026855	0.05235987901687622	0.018193423748016357	0.07939118146896362
chr17:31233154:G:T	Pathogenic	coding	0.26607435941696167	0.058126211166381836	0.033714354038238525	0.04001343250274658
chr17:31233155:A:G	Pathogenic	coding	0.06260210275650024	0.13581809401512146	0.020892977714538574	0.008072257041931152
chr17:31233157:C:T	Pathogenic	other	0.03678494691848755	0.06456008553504944	0.04346257448196411	0.4117332994937897
chr17:31233161:G:T	Pathogenic	coding	0.01535707712173462	0.15676194429397583	0.03091973066329956	0.06944578886032104
chr17:31327676:G:T	Pathogenic	other	0.07744446396827698	0.14249050617218018	0.06599736213684082	0.37284472584724426
chr17:31327681:T:A	Pathogenic	other	0.035391420125961304	0.08512526750564575	0.0314483642578125	0.598012387752533
chr17:31327682:G:T	Pathogenic	other	0.10132035613059998	0.27688097953796387	0.07120847702026367	0.6798681020736694
chr17:31327694:C:T	Pathogenic	other	0.027212470769882202	0.024508893489837646	0.01908460259437561	0.4461551308631897
chr17:31327718:C:A	Pathogenic	coding	0.04514873027801514	0.10588353872299194	0.029384583234786987	0.05288933217525482
chr17:31327718:C:T	Pathogenic	coding	0.03902846574783325	0.12048912048339844	0.015402436256408691	0.0987924337387085
chr17:31327719:G:C	Pathogenic	coding	0.06010842323303223	0.0453299880027771	0.048681020736694336	0.0891880989074707
chr17:31327722:G:A	Pathogenic	other	0.07480448484420776	0.12818533182144165	0.02979898452758789	0.43653571605682373
chr17:31327723:G:A	Pathogenic	other	0.04507416486740112	0.057259708642959595	0.03810912370681763	0.3432488441467285
chr17:31327724:G:T	Pathogenic	other	0.14685019850730896	0.09172055125236511	0.02482980489730835	0.5098414421081543
chr17:31327731:C:G	Pathogenic	other	0.13048869371414185	0.06777894496917725	0.028086036443710327	0.44795945286750793
chr17:31327733:C:T	Pathogenic	other	0.10345351696014404	0.030142903327941895	0.028088271617889404	0.4996999204158783
chr17:31327751:C:T	Pathogenic	other	0.06159055233001709	0.0469973087310791	0.010014593601226807	0.38102486729621887
chr17:31327772:A:T	Pathogenic	other	0.02264837920665741	0.00828641653060913	0.03530693054199219	0.08760184049606323
chr17:31327775:G:A	Pathogenic	coding	0.08287492394447327	0.02623838186264038	0.030843913555145264	0.06197279691696167
chr17:31327775:G:T	Pathogenic	coding	0.14227378368377686	0.05173170566558838	0.042208969593048096	0.02374255657196045
chr17:31337817:A:C	Pathogenic	noncoding	0.12214398384094238	0.09849344193935394	0.018797695636749268	0.28853023052215576
chr17:31337817:A:T	Pathogenic	noncoding	0.1562233567237854	0.024374961853027344	0.03668525815010071	0.33523982763290405
chr17:31337818:G:C	Pathogenic	noncoding	0.03875380754470825	0.10156840085983276	0.07578903436660767	0.29441529512405396
chr17:31337818:G:T	Pathogenic	noncoding	0.09763865172863007	0.0799945592880249	0.0598069429397583	0.31910330057144165
chr17:31337824:C:A	Pathogenic	other	0.154751718044281	0.06812417507171631	0.03299587965011597	0.055915385484695435
chr17:31337830:A:G	Benign	coding	0.04898881912231445	0.06435048580169678	0.05730178952217102	0.06995368003845215
chr17:31337858:C:T	Pathogenic	other	0.052503347396850586	0.18196451663970947	0.05775773525238037	0.12393099069595337
chr17:31337862:G:A	Pathogenic	other	0.14987045526504517	0.08305445313453674	0.06697505712509155	0.18240034580230713
chr17:31337863:G:A	Pathogenic	other	0.12736806273460388	0.04737496376037598	0.0625910758972168	0.23819923400878906
chr17:31337867:G:T	Pathogenic	other	0.13914519548416138	0.04124002158641815	0.08627080917358398	0.25163698196411133
chr17:31337876:C:T	Pathogenic	other	0.11228877305984497	0.14874503016471863	0.06755763292312622	0.06158947944641113
chr17:31337879:A:T	Pathogenic	other	0.22598570585250854	0.047152698040008545	0.054177701473236084	0.16041305661201477
chr17:31337881:G:A	Pathogenic	noncoding	0.08659908175468445	0.12569665908813477	0.11906126141548157	0.9110530614852905
chr17:31337881:G:C	Pathogenic	noncoding	0.2613290548324585	0.21088121831417084	0.10196512937545776	0.9426994919776917
chr17:31337881:G:T	Pathogenic	noncoding	0.11258596181869507	0.12534070014953613	0.06982937455177307	0.9381387829780579
chr17:31337882:T:A	Pathogenic	noncoding	0.2918435037136078	0.1386335790157318	0.040685057640075684	0.9253575801849365
chr17:31337882:T:G	Pathogenic	noncoding	0.2716909945011139	0.06897109746932983	0.04727894067764282	0.8838022947311401
chr17:31374165:G:C	Benign	noncoding	0.12534379959106445	0.05803994834423065	0.05065605044364929	0.043135374784469604
chr17:31374165:G:T	Benign	noncoding	0.0847996175289154	0.039196908473968506	0.041351646184921265	0.05514216423034668
chr17:31375026:A:T	Benign	noncoding	0.6033233404159546	0.3291590213775635	0.17106640338897705	0.3059217631816864
chr17:31375028:A:T	Benign	noncoding	0.45608416199684143	0.42392417788505554	0.12370741367340088	0.16187909245491028
chr17:35103461:C:T	Benign	coding	0.025758564472198486	0.051754534244537354	0.01942843198776245	0.11443156003952026
chr17:35103463:G:A	Pathogenic	other	0.02393573522567749	0.015223860740661621	0.05903208255767822	0.025684058666229248
chr17:35103475:G:A	Benign	coding	0.0365215539932251	0.02428203821182251	0.027902662754058838	0.03708028793334961
chr17:37252940:C:T	Benign	coding	0.2786376476287842	0.0853523313999176	0.057584717869758606	0.07008478045463562
chr17:38735358:G:C	Benign	coding	0.19129467010498047	0.030944645404815674	0.015111088752746582	0.07536470890045166
chr17:38735417:T:G	Benign	coding	0.09352666139602661	0.09102767705917358	0.018796086311340332	0.7580969333648682
chr17:38736070:C:T	Benign	noncoding	0.03881886601448059	0.06662565469741821	0.04045760631561279	0.7726300954818726
chr17:38736149:C:T	Benign	coding	0.05248844623565674	0.06090131402015686	0.046282559633255005	0.031630247831344604
chr17:38740281:C:T	Benign	noncoding	0.09301331639289856	0.1221865713596344	0.003310084342956543	0.12158793210983276
chr17:38850487:A:G	Benign	noncoding	0.2012304663658142	0.22859573364257812	0.024447739124298096	0.001562356948852539
chr17:38853014:G:C	Benign	noncoding	0.34175118803977966	0.13239902257919312	0.1300492286682129	0.5405392646789551
chr17:39204593:C:T	Benign	coding	0.1041419506072998	0.012731790542602539	0.0077641308307647705	0.03613477945327759
chr17:39204610:A:T	Benign	coding	0.08836221694946289	0.05430316925048828	0.02587723731994629	0.04079565405845642
chr17:40412819:T:C	Benign	coding	0.06441271305084229	0.03754569590091705	0.11889597773551941	0.186091810464859
chr17:40628675:G:A	Benign	noncoding	0.08570462465286255	0.056924447417259216	0.023755699396133423	0.029164060950279236
chr17:40818360:T:C	Benign	noncoding	0.06534671783447266	0.11829161643981934	0.08959698677062988	0.16837933659553528
chr17:40818811:C:A	Benign	coding	0.062285929918289185	0.05896374583244324	0.06671619415283203	0.28147658705711365
chr17:40818895:G:T	Benign	coding	0.03092581033706665	0.038120806217193604	0.015430241823196411	0.024823948740959167
chr17:42313598:T:C	Benign	noncoding	0.024843066930770874	0.05563431978225708	0.052554935216903687	0.09910848736763
chr17:42613652:G:C	Benign	coding	0.07733961939811707	0.08383065462112427	0.09331190586090088	0.09608668088912964
chr17:42613694:G:A	Benign	coding	0.15380215644836426	0.13573092222213745	0.038245439529418945	0.10412144660949707
chr17:42614010:C:T	Benign	noncoding	0.03977859020233154	0.06551682949066162	0.007823646068572998	0.0689399242401123
chr17:42614996:G:A	Benign	coding	0.1290704607963562	0.07540768384933472	0.025768518447875977	0.012647690251469612
chr17:42911676:G:A	Benign	noncoding	0.10834258794784546	0.05657857656478882	0.054098814725875854	0.02673274278640747
chr17:43002731:C:A	Benign	coding	0.05340254306793213	0.02536875009536743	0.025249600410461426	0.02928924560546875
chr17:43002800:A:C	Benign	noncoding	0.06402420997619629	0.09866112470626831	0.026194095611572266	0.00365447998046875
chr17:43045728:G:A	Pathogenic	noncoding	0.28946343064308167	0.0992182195186615	0.024923168122768402	0.373384028673172
chr17:43045729:G:T	Pathogenic	noncoding	0.19755768775939941	0.049885839223861694	0.02115386724472046	0.3952328860759735
chr17:43045734:G:A	Pathogenic	noncoding	0.01820935308933258	0.11501014232635498	0.020783618092536926	0.48825934529304504
chr17:43045735:G:C	Pathogenic	noncoding	0.16262876987457275	0.09926468133926392	0.04940590262413025	0.3851158618927002
chr17:43045735:G:T	Pathogenic	noncoding	0.03090900182723999	0.059552013874053955	0.005416989326477051	0.40090855956077576
chr17:43045739:A:C	Benign	coding	0.033970803022384644	0.02538621425628662	0.02368098497390747	0.15149182081222534
chr17:43045747:A:C	Pathogenic	coding	0.01140187680721283	0.0457245409488678	0.02335488796234131	0.017682135105133057
chr17:43045754:A:G	Pathogenic	coding	0.00957508385181427	0.0995132327079773	0.03419005870819092	0.06767106056213379
chr17:43045757:A:T	Pathogenic	coding	0.0392642617225647	0.07503437995910645	0.04750007390975952	0.03657376766204834
chr17:43045759:C:T	Pathogenic	noncoding	0.07280689477920532	0.02512115240097046	0.045184195041656494	0.21510255336761475
chr17:43045760:C:T	Pathogenic	noncoding	0.09096837043762207	0.016483068466186523	0.04400312900543213	0.26377320289611816
chr17:43045761:A:C	Pathogenic	coding	0.030265063047409058	0.04890918731689453	0.021056711673736572	0.03641015291213989
chr17:43045761:A:G	Pathogenic	coding	0.01480013132095337	0.08443963527679443	0.02869945764541626	0.04719233512878418
chr17:43045764:C:A	Pathogenic	noncoding	0.08422863483428955	0.08582597970962524	0.021061718463897705	0.11554574966430664
chr17:43045767:G:A	Pathogenic	noncoding	0.0380474328994751	0.04198649525642395	0.04251745343208313	0.20715171098709106
chr17:43045786:A:T	Pathogenic	coding	0.016419947147369385	0.013322710990905762	0.03700441122055054	0.20814085006713867
chr17:43045791:T:A	Benign	coding	0.3309042453765869	0.05459374189376831	0.024975717067718506	0.10782361030578613
chr17:43045792:C:G	Benign	coding	0.12323057651519775	0.11967188119888306	0.060640424489974976	0.13009858131408691
chr17:43045794:G:A	Pathogenic	coding	0.04853835701942444	0.07885563373565674	0.04100632667541504	0.2334842085838318
chr17:43045803:C:T	Pathogenic	noncoding	0.03456205129623413	0.04549229145050049	0.032544076442718506	0.2457624077796936
chr17:43045804:T:C	Pathogenic	noncoding	0.055692970752716064	0.018686771392822266	0.047486573457717896	0.18086552619934082
chr17:43045805:G:A	Benign	noncoding	0.11903810501098633	0.03325238823890686	0.04243633151054382	0.190486341714859
chr17:43045812:G:T	Benign	noncoding	0.05856055021286011	0.0441167950630188	0.010128796100616455	0.07908886671066284
chr17:43082524:C:A	Pathogenic	other	0.08657893538475037	0.07366317510604858	0.02890545129776001	0.5911849737167358
chr17:43082533:C:A	Pathogenic	other	0.13146452605724335	0.04195046424865723	0.031022965908050537	0.4901472330093384
chr17:43082536:G:A	Pathogenic	other	0.12152081727981567	0.04851461946964264	0.050479888916015625	0.47395166754722595
chr17:43082539:G:A	Pathogenic	other	0.09342873096466064	0.09954062104225159	0.08232355117797852	0.7217271327972412
chr17:43082545:T:A	Pathogenic	other	0.08981682360172272	0.13951101899147034	0.05486100912094116	0.6114842295646667
chr17:43082557:G:A	Benign	coding	0.03592336177825928	0.08295893669128418	0.028796374797821045	0.09938058257102966
chr17:43082560:G:A	Pathogenic	other	0.03895096480846405	0.18235252797603607	0.06096690893173218	0.3272649943828583
chr17:43082575:G:A	Pathogenic	other	0.059500157833099365	0.06312817335128784	0.05790221691131592	0.5998527407646179
chr17:43090934:C:G	Benign	noncoding	0.023170948028564453	0.06593886017799377	0.05525946617126465	0.02674195170402527
chr17:43090942:A:G	Pathogenic	noncoding	0.016044318675994873	0.03070482611656189	0.04281646013259888	0.5192996263504028
chr17:43090942:A:T	Pathogenic	noncoding	0.026827216148376465	0.021854698657989502	0.03569042682647705	0.5500860214233398
chr17:43090943:C:T	Pathogenic	noncoding	0.08183646202087402	0.07249146699905396	0.05112266540527344	0.5234820246696472
chr17:43090944:C:T	Pathogenic	coding	0.4295780658721924	0.07624460756778717	0.06057232618331909	0.5356664061546326
chr17:43090946:G:A	Pathogenic	other	0.08079749345779419	0.04962998628616333	0.040067851543426514	0.627162754535675
chr17:43090967:G:A	Pathogenic	other	0.05139791965484619	0.04490044713020325	0.049468398094177246	0.4521101117134094
chr17:43090981:G:C	Pathogenic	other	0.08494973182678223	0.11428418755531311	0.06943660974502563	0.17397445440292358
chr17:43090983:G:T	Pathogenic	other	0.028572916984558105	0.05448538064956665	0.00939488410949707	0.25259220600128174
chr17:43125086:A:C	Benign	noncoding	0.059439122676849365	0.01709151268005371	0.019214630126953125	0.07548004388809204
chr17:43125119:T:C	Benign	noncoding	0.031415462493896484	0.0067601799964904785	0.031761229038238525	0.00765460729598999
chr17:43125170:G:C	Benign	noncoding	0.014439165592193604	0.014971792697906494	0.04187053442001343	0.011007726192474365
chr17:44209421:C:T	Benign	coding	0.07119566202163696	0.023713096976280212	0.07221508026123047	0.07888531684875488
chr17:44210151:C:T	Benign	coding	0.06334829330444336	0.04076051712036133	0.014414846897125244	0.05411195755004883
chr17:44211293:G:A	Benign	coding	0.07002103328704834	0.03968678414821625	0.10786193609237671	0.0005856156349182129
chr17:44211317:G:A	Benign	coding	0.04479455202817917	0.13899755477905273	0.012243330478668213	0.047249019145965576
chr17:44212647:G:A	Benign	noncoding	0.0008420348167419434	0.0021857023239135742	0.0451677143573761	0.010851800441741943
chr17:44383630:C:T	Pathogenic	coding	0.02003568410873413	0.0401550829410553	0.033306241035461426	0.03977006673812866
chr17:44383640:C:T	Pathogenic	coding	0.010751008987426758	0.06019026041030884	0.04570123553276062	0.05216209590435028
chr17:44383652:G:A	Pathogenic	other	0.01009368896484375	0.03980693221092224	0.029066920280456543	0.5436338186264038
chr17:44383675:A:G	Pathogenic	coding	0.03535187244415283	0.02381587028503418	0.02830052375793457	0.08487510681152344
chr17:44854268:C:A	Pathogenic	noncoding	0.32060906291007996	0.0892600417137146	0.0380399227142334	0.5788092613220215
chr17:44854286:C:A	Pathogenic	coding	0.04847908020019531	0.06502258777618408	0.058406829833984375	0.2015506625175476
chr17:44883641:C:T	Benign	noncoding	0.08406305313110352	0.0771198570728302	0.019662469625473022	0.0005346536636352539
chr17:44883725:C:A	Pathogenic	noncoding	0.24805182218551636	0.18982651829719543	0.05486211180686951	0.3898186981678009
chr17:46039584:T:G	Benign	noncoding	0.011083126068115234	0.04012173414230347	0.03119760751724243	0.23238986730575562
chr17:46082483:T:C	Benign	coding	0.029515445232391357	0.03615480661392212	0.05746893584728241	0.2309088259935379
chr17:46082514:G:A	Benign	coding	0.09679439663887024	0.01916748285293579	0.010908365249633789	0.0059868693351745605
chr17:46082520:A:T	Benign	coding	0.06661123037338257	0.08208587765693665	0.107144296169281	0.008655250072479248
chr17:46082570:A:G	Benign	noncoding	0.15889209508895874	0.04224438965320587	0.030665874481201172	0.013675212860107422
chr17:46171228:G:A	Pathogenic	other	0.3036794066429138	0.13315340876579285	0.05633443593978882	0.5981124639511108
chr17:47222424:C:T	Pathogenic	other	0.10184013843536377	0.0850876122713089	0.04698970913887024	0.5608018636703491
chr17:47222448:A:T	Benign	coding	0.01813650131225586	0.14032024145126343	0.028068453073501587	0.010686099529266357
chr17:47222468:G:A	Benign	noncoding	0.013795971870422363	0.051158905029296875	0.0263826847076416	0.013742387294769287
chr17:47587239:A:G	Benign	coding	0.06271827220916748	0.009434163570404053	0.08389720320701599	0.03314298391342163
chr17:47676479:T:C	Benign	coding	0.12661691009998322	0.093333899974823	0.04434257745742798	0.059696584939956665
chr17:47947393:C:T	Benign	noncoding	0.08329150080680847	0.04057362675666809	0.03679737448692322	0.11317172646522522
chr17:49411800:C:A	Benign	coding	0.15870070457458496	0.0364726185798645	0.023508012294769287	0.0151633620262146
chr17:50346285:C:A	Benign	noncoding	0.021269798278808594	0.026836514472961426	0.013943076133728027	0.021388709545135498
chr17:50346373:G:C	Benign	noncoding	0.016240447759628296	0.022760212421417236	0.03735220432281494	0.03883904218673706
chr17:50984913:C:T	Benign	noncoding	0.015247821807861328	0.11673140525817871	0.028739988803863525	0.052113354206085205
chr17:56908513:C:T	Benign	coding	0.03846962749958038	0.024029724299907684	0.025661230087280273	0.11254938691854477
chr17:57110059:C:T	Benign	coding	0.009516298770904541	0.007125794887542725	0.017588317394256592	0.00458180159330368
chr17:58006471:A:C	Pathogenic	coding	0.11004868149757385	0.07323235273361206	0.12022233009338379	0.048412203788757324
chr17:58006491:A:C	Pathogenic	other	0.06496059894561768	0.05662605166435242	0.3215593695640564	0.5212407112121582
chr17:58006514:C:T	Pathogenic	coding	0.07677161693572998	0.029682010412216187	0.028158120810985565	0.19039185345172882
chr17:58703228:G:C	Benign	coding	0.19851088523864746	0.018099352717399597	0.03507572412490845	0.05142003297805786
chr17:58703251:T:G	Pathogenic	other	0.6924782395362854	0.15034690499305725	0.10573455691337585	0.4839080274105072
chr17:58703254:T:A	Pathogenic	other	0.20628738403320312	0.09888233244419098	0.10447028279304504	0.1292555034160614
chr17:58703274:C:T	Benign	coding	0.2231743335723877	0.029390469193458557	0.06331828236579895	0.022403329610824585
chr17:58703279:T:C	Benign	coding	0.030223846435546875	0.023267701268196106	0.04086118936538696	0.015329897403717041
chr17:58703280:T:A	Pathogenic	other	0.1336861401796341	0.03608983755111694	0.06745773553848267	0.055737078189849854
chr17:58703288:C:T	Pathogenic	other	0.03086233139038086	0.03540980815887451	0.02767154574394226	0.03786134719848633
chr17:58703297:C:T	Benign	coding	0.3130147457122803	0.14403313398361206	0.015385502949357033	0.07395432144403458
chr17:58703316:C:G	Pathogenic	other	0.08727920055389404	0.02122698724269867	0.024664701893925667	0.04955703020095825
chr17:58703323:C:T	Benign	coding	0.007869832217693329	0.0343361496925354	0.011315524578094482	0.004056505858898163
chr17:58703325:C:G	Pathogenic	other	0.0031871572136878967	0.000906527042388916	0.003512224182486534	0.008681774139404297
chr17:58703333:T:C	Benign	noncoding	0.020163774490356445	0.003278631716966629	0.010746613144874573	0.045244038105010986
chr17:59644259:C:A	Benign	noncoding	0.08940348029136658	0.12740957736968994	0.06295493245124817	0.3079618811607361
chr17:59644279:C:T	Pathogenic	other	0.12194409966468811	0.15375754237174988	0.036594241857528687	0.3575758934020996
chr17:59644330:G:T	Pathogenic	other	0.15324658155441284	0.16267430782318115	0.15813994407653809	0.42771968245506287
chr17:59644366:G:T	Pathogenic	other	0.04864218831062317	0.08605171740055084	0.37177857756614685	0.5156485438346863
chr17:59644420:C:T	Pathogenic	other	0.0955558717250824	0.10841447114944458	0.04161804914474487	0.3385035991668701
chr17:59647682:T:G	Benign	noncoding	0.052987873554229736	0.023411273956298828	0.13139447569847107	0.02248162031173706
chr17:59660450:A:G	Benign	coding	0.08008649945259094	0.16904400289058685	0.10603556036949158	0.6382613182067871
chr17:59661479:C:T	Pathogenic	other	0.19215476512908936	0.07270795106887817	0.030811935663223267	0.7265360355377197
chr17:59661605:C:T	Pathogenic	other	0.07357141375541687	0.09393966197967529	0.02598699927330017	0.19011157751083374
chr17:59663886:C:T	Benign	coding	0.04248642921447754	0.12322467565536499	0.12226852774620056	0.012406691908836365
chr17:59663968:C:T	Pathogenic	other	0.149544358253479	0.1377880573272705	0.05916401743888855	0.21319028735160828
chr17:59666162:T:C	Benign	coding	0.10574617981910706	0.08344405889511108	0.0885763168334961	0.08384621143341064
chr17:59666174:T:C	Benign	coding	0.07385799288749695	0.08805220574140549	0.0598299503326416	0.03489333391189575
chr17:59666899:C:T	Pathogenic	other	0.10919108986854553	0.10231339931488037	0.039665430784225464	0.42935481667518616
chr17:59668907:C:A	Pathogenic	other	0.010336875915527344	0.009171664714813232	0.033364176750183105	0.32171475887298584
chr17:59668917:G:T	Pathogenic	other	0.03754977136850357	0.09161606431007385	0.025877445936203003	0.38846951723098755
chr17:59677028:T:G	Pathogenic	other	0.07153090834617615	0.0803365707397461	0.060831233859062195	0.21217384934425354
chr17:59682423:C:T	Pathogenic	other	0.15224432945251465	0.0885210633277893	0.05638262629508972	0.71326744556427
chr17:59683658:C:T	Pathogenic	other	0.1464284360408783	0.20631054043769836	0.06266558170318604	0.3806281089782715
chr17:59683971:G:T	Pathogenic	other	0.06405970454216003	0.14591830968856812	0.14432138204574585	0.21703851222991943
chr17:59685223:C:G	Pathogenic	other	0.05266663432121277	0.046296775341033936	0.0067681558430194855	0.20375186204910278
chr17:59685644:C:T	Pathogenic	other	0.1531207263469696	0.18507441878318787	0.04270046949386597	0.5841219425201416
chr17:59685653:T:C	Benign	coding	0.0462455153465271	0.08212834596633911	0.03483128547668457	0.1340283751487732
chr17:59685720:A:G	Pathogenic	coding	0.06498581171035767	0.15024054050445557	0.04364997148513794	0.24537533521652222
chr17:61965074:T:C	Benign	coding	0.06208714842796326	0.05670475959777832	0.06042361259460449	0.04776543378829956
chr17:61965208:T:C	Benign	coding	0.07409390807151794	0.027278780937194824	0.035372376441955566	0.0640338659286499
chr17:62033889:G:A	Pathogenic	other	0.036177366971969604	0.08853854238986969	0.10903039574623108	0.26662638783454895
chr17:62052514:C:T	Benign	noncoding	0.11649668216705322	0.16226094961166382	0.025627613067626953	0.2224864661693573
chr17:66220679:G:T	Benign	coding	0.025078237056732178	0.14786392450332642	0.028309494256973267	0.36725878715515137
chr17:66220681:T:C	Benign	coding	0.06145995855331421	0.14591720700263977	0.03157499432563782	0.1678047776222229
chr17:66220697:C:T	Benign	coding	0.16617286205291748	0.017671048641204834	0.022301435470581055	0.3405470550060272
chr17:66228102:C:A	Benign	coding	0.04345100373029709	0.0694495141506195	0.129116952419281	0.021978378295898438
chr17:66229308:G:A	Benign	noncoding	0.0494171679019928	0.15494027733802795	0.0428619384765625	0.0486835241317749
chr17:67340873:G:T	Benign	coding	0.09976145625114441	0.059341609477996826	0.025354087352752686	0.0752694308757782
chr17:67340940:A:C	Pathogenic	other	0.13356301188468933	0.13488805294036865	0.3317393958568573	0.3154289722442627
chr17:67366436:T:A	Benign	coding	0.0781812071800232	0.040828973054885864	0.10856053233146667	0.024181365966796875
chr17:67940553:C:T	Benign	coding	0.035690903663635254	0.08674377202987671	0.026612699031829834	0.12234687805175781
chr17:67944294:C:T	Pathogenic	other	0.040124475955963135	0.044988907873630524	0.026705175638198853	0.260473370552063
chr17:67945870:C:T	Pathogenic	other	0.07831931114196777	0.02715778350830078	0.014267504215240479	0.026160597801208496
chr17:68044059:T:C	Benign	coding	0.056641072034835815	0.12590843439102173	0.02061602473258972	0.33916589617729187
chr17:68524074:C:T	Pathogenic	other	0.027362287044525146	0.021174907684326172	0.028875648975372314	0.05095130205154419
chr17:68524078:G:C	Pathogenic	noncoding	0.030208468437194824	0.172673761844635	0.16868355870246887	0.29773837327957153
chr17:68524079:T:G	Pathogenic	noncoding	0.05478936433792114	0.022258222103118896	0.012021422386169434	0.29157495498657227
chr17:68524944:C:T	Pathogenic	other	0.022108137607574463	0.057325661182403564	0.07504677772521973	0.3272910714149475
chr17:68528977:T:A	Pathogenic	coding	0.04985666275024414	0.08359760046005249	0.054097890853881836	0.1258336901664734
chr17:68529919:G:A	Pathogenic	noncoding	0.02041494846343994	0.037046849727630615	0.05169045925140381	0.1227031946182251
chr17:68529968:G:T	Pathogenic	other	0.009424746036529541	0.055148303508758545	0.0327380895614624	0.10309368371963501
chr17:68531121:T:C	Benign	noncoding	0.10730817914009094	0.05343849956989288	0.041994333267211914	0.14062024652957916
chr17:68531661:T:G	Benign	noncoding	0.07074511051177979	0.09321218729019165	0.08549106121063232	0.11822965741157532
chr17:68531693:T:C	Benign	noncoding	0.08397096395492554	0.1274031400680542	0.06964421272277832	0.1297842264175415
chr17:68532637:C:G	Benign	noncoding	0.1342308521270752	0.13392582535743713	0.08071625232696533	0.14794450998306274
chr17:68532661:C:T	Benign	noncoding	0.07522261142730713	0.04277080297470093	0.036650002002716064	0.027955174446105957
chr17:72124106:C:T	Pathogenic	other	0.059519052505493164	0.06307923793792725	0.0255548357963562	0.9073300957679749
chr17:72124177:C:A	Pathogenic	other	0.1197068989276886	0.031367480754852295	0.008236169815063477	0.012559354305267334
chr17:72124177:C:G	Pathogenic	other	0.11329019069671631	0.030658960342407227	0.016040265560150146	0.012591063976287842
chr17:72124229:C:T	Pathogenic	other	0.041564881801605225	0.027284443378448486	0.006890296936035156	0.9251542687416077
chr17:72124276:G:A	Benign	coding	0.013653218746185303	0.020641863346099854	0.018850624561309814	0.03021305799484253
chr17:72124292:C:T	Benign	coding	0.0733877420425415	0.02232062816619873	0.007489144802093506	0.027840077877044678
chr17:72124355:C:T	Pathogenic	other	0.05548816919326782	0.19358444213867188	0.02334451675415039	0.1490599364042282
chr17:74916961:G:A	Benign	noncoding	0.00017976760864257812	1.1801719665527344e-05	0.007349550724029541	0.00012856721878051758
chr17:75218173:C:G	Benign	noncoding	0.20981603860855103	0.12158404290676117	0.13189518451690674	0.22650229930877686
chr17:75495282:A:G	Pathogenic	noncoding	0.028805553913116455	0.025922954082489014	0.03134310245513916	0.3400360345840454
chr17:75830026:A:G	Pathogenic	noncoding	0.01773446798324585	0.017437972128391266	0.039265334606170654	0.21374449133872986
chr17:75842241:A:G	Benign	noncoding	0.05700284242630005	0.14067494869232178	0.03162306547164917	0.08882513642311096
chr17:75843056:G:A	Benign	coding	0.05106791853904724	0.02524113655090332	0.05283498764038086	0.024882197380065918
chr17:75843090:C:T	Benign	noncoding	0.1289241760969162	0.00869816541671753	0.020638391375541687	0.09641659259796143
chr17:75843168:G:T	Pathogenic	other	0.02973228693008423	0.05428200960159302	0.029009521007537842	0.47011005878448486
chr17:75855032:C:A	Benign	noncoding	0.023081660270690918	0.020624637603759766	0.020756840705871582	0.06586912274360657
chr17:75943520:A:C	Benign	noncoding	0.18763457238674164	0.03662419319152832	0.046547651290893555	0.14850059151649475
chr17:77203586:C:T	Benign	coding	0.04773777723312378	0.041877031326293945	0.026650458574295044	0.010419368743896484
chr17:77203637:G:A	Benign	coding	0.005314528942108154	0.018786132335662842	0.03680431842803955	0.003980159759521484
chr17:77319927:G:T	Benign	noncoding	0.05928921699523926	0.09022724628448486	0.016543328762054443	0.1790742576122284
chr17:77402575:C:T	Benign	coding	0.21786731481552124	0.014357388019561768	0.004571795463562012	0.08174026012420654
chr17:77402606:G:A	Benign	coding	0.05049353837966919	0.022097885608673096	0.017290443181991577	0.10844790935516357
chr17:77488823:C:T	Benign	coding	0.19917315244674683	0.04050455987453461	0.0470336377620697	0.17577290534973145
chr17:77488850:C:T	Benign	coding	0.27254846692085266	0.07124277949333191	0.011001229286193848	0.03071439266204834
chr17:77488877:A:G	Benign	noncoding	0.2575956881046295	0.05392155051231384	0.037365615367889404	0.06642001867294312
chr17:77498918:C:T	Benign	noncoding	0.03296591341495514	0.0388314425945282	0.029314696788787842	0.41798317432403564
chr17:77499693:G:A	Benign	noncoding	0.021173980087041855	0.026137053966522217	0.07125025987625122	0.1059921383857727
chr17:78117633:G:T	Pathogenic	other	0.12318748235702515	0.10350793600082397	0.0163210928440094	0.05423042178153992
chr17:78117658:C:T	Benign	noncoding	0.04837009310722351	0.08027279376983643	0.06448763608932495	0.10434043407440186
chr17:78120776:C:T	Benign	coding	0.014920055866241455	0.166978120803833	0.05170160531997681	0.02065974473953247
chr17:78121066:G:A	Benign	coding	0.08805066347122192	0.013373076915740967	0.06392267346382141	0.028760552406311035
chr17:78121077:G:A	Benign	coding	0.09796667098999023	0.018558204174041748	0.03683352470397949	0.0866454541683197
chr17:78121184:G:A	Benign	noncoding	0.041635796427726746	0.0562397837638855	0.0218048095703125	0.0601327121257782
chr17:78121280:T:C	Benign	noncoding	0.09958791732788086	0.17067551612854004	0.07357388734817505	0.1244029700756073
chr17:78121320:A:G	Benign	noncoding	0.11310917139053345	0.10505688190460205	0.07697749137878418	0.045943379402160645
chr17:78121489:G:C	Benign	noncoding	0.03722509741783142	0.018199175596237183	0.04763162136077881	0.05759963393211365
chr17:78121607:G:A	Benign	coding	0.06447803974151611	0.13235685229301453	0.04788249731063843	0.06989091634750366
chr17:78121663:C:T	Benign	coding	0.1544911414384842	0.05463710427284241	0.05851560831069946	0.10077720880508423
chr17:78121719:C:T	Benign	noncoding	0.06329923868179321	0.13167226314544678	0.11638563871383667	0.051669955253601074
chr17:78121890:G:A	Benign	noncoding	0.10780403017997742	0.09078168869018555	0.05285078287124634	0.071463942527771
chr17:78123849:T:C	Benign	noncoding	0.07356882095336914	0.011525928974151611	0.014128267765045166	0.05982273817062378
chr17:78123984:A:G	Benign	noncoding	0.11399620771408081	0.07736647129058838	0.045649945735931396	0.07630681991577148
chr17:78124873:G:A	Benign	noncoding	0.01781332492828369	0.07997366786003113	0.04370832443237305	0.11571329832077026
chr17:78125997:T:C	Benign	noncoding	0.02577352523803711	0.034734368324279785	0.0390436053276062	0.09898525476455688
chr17:78140631:G:A	Benign	noncoding	0.036249399185180664	0.028783321380615234	0.04833871126174927	0.14389586448669434
chr17:78140634:T:C	Benign	noncoding	0.06230038404464722	0.03233832120895386	0.02911001443862915	0.05643165111541748
chr17:78223604:G:C	Benign	coding	0.06860038638114929	0.1792580485343933	0.056514590978622437	0.04479613155126572
chr17:78803535:C:G	Benign	coding	0.006781280040740967	0.02050715684890747	0.017780959606170654	0.054460227489471436
chr17:80287905:T:C	Benign	coding	0.0830315351486206	0.027234971523284912	0.04968944191932678	0.03468060493469238
chr17:80287931:G:A	Benign	coding	0.11338001489639282	0.09060502052307129	0.014905482530593872	0.04509037733078003
chr17:80288006:A:G	Benign	coding	0.2745446562767029	0.04053354263305664	0.005431532859802246	0.371675968170166
chr17:80289696:C:G	Benign	coding	0.04193234443664551	0.06483429670333862	0.00926661491394043	0.043704330921173096
chr17:80289715:G:A	Benign	coding	0.237186998128891	0.05047804117202759	0.0036481618881225586	0.11544197797775269
chr17:80289744:A:G	Benign	coding	0.0967031717300415	0.0894206166267395	0.013209939002990723	0.15085813403129578
chr17:80290747:T:G	Benign	noncoding	0.08691298961639404	0.07874923944473267	0.03743469715118408	0.019594036042690277
chr17:80337566:C:T	Benign	noncoding	0.06101709604263306	0.13401582837104797	0.12153291702270508	0.0331382155418396
chr17:80375864:G:A	Benign	coding	0.004210315644741058	0.05809451639652252	0.03367108106613159	0.07607799768447876
chr17:81510658:T:C	Benign	noncoding	0.17845457792282104	0.027469739317893982	0.008065193891525269	0.07060502469539642
chr17:81510688:G:A	Benign	noncoding	0.09089916944503784	0.02040080726146698	0.04006195068359375	0.37986209988594055
chr17:81510690:T:C	Benign	coding	0.10085880756378174	0.040807634592056274	0.01910904049873352	0.3894292712211609
chr17:81510709:A:G	Pathogenic	coding	0.03468409180641174	0.026736408472061157	0.02501705288887024	0.09886571764945984
chr17:81511442:C:T	Pathogenic	coding	0.2069474756717682	0.041830211877822876	0.04251599311828613	0.09817373752593994
chr17:81511526:G:A	Pathogenic	coding	0.09192132949829102	0.0944037139415741	0.018311023712158203	0.14703047275543213
chr17:81511635:G:A	Benign	noncoding	0.007825374603271484	0.018613994121551514	0.03580272197723389	0.10410070419311523
chr17:81511725:G:A	Benign	noncoding	0.024014204740524292	0.08467909693717957	0.04410755634307861	0.040671706199645996
chr17:81511739:G:A	Benign	noncoding	0.09648114442825317	0.10910996794700623	0.029834002256393433	0.19680064916610718
chr17:81843795:T:G	Benign	noncoding	0.01584911346435547	0.23266732692718506	0.0865989625453949	0.8383336663246155
chr17:81845965:C:T	Benign	coding	0.12516003847122192	0.08530253171920776	0.01111912727355957	0.01913386583328247
chr17:81846452:G:C	Benign	coding	0.21242904663085938	0.14250227808952332	0.055629342794418335	0.038637638092041016
chr17:81846479:C:A	Benign	coding	0.1735306978225708	0.0906478762626648	0.03829318284988403	0.06741073727607727
chr17:81855428:A:G	Benign	noncoding	0.12240681052207947	0.03329432010650635	0.03864610195159912	0.13136112689971924
chr17:81932942:C:T	Benign	coding	0.07896363735198975	0.038858771324157715	0.04431790113449097	0.17484146356582642
chr17:81934915:G:A	Benign	noncoding	0.16060826182365417	0.05529284477233887	0.05660533905029297	0.0382881760597229
chr17:81934925:C:T	Pathogenic	noncoding	0.14412587881088257	0.08489963412284851	0.02826976776123047	0.47597306966781616
chr17:82081589:G:A	Benign	noncoding	0.09817931056022644	0.03930085897445679	0.05062016844749451	0.14640164375305176
chr17:82081605:G:A	Benign	coding	0.20664292573928833	0.05179387331008911	0.02852809429168701	0.033373475074768066
chr17:82082158:A:G	Benign	coding	0.033516645431518555	0.06743711233139038	0.07454162836074829	0.02928239107131958
chr17:82082170:C:T	Benign	noncoding	0.011223003268241882	0.06498634815216064	0.039759159088134766	0.19521087408065796
chr17:82082172:C:G	Benign	noncoding	0.12215593457221985	0.3275705575942993	0.1205441951751709	0.18135952949523926
chr17:82083120:G:A	Benign	noncoding	0.0738288164138794	0.05939978361129761	0.022321045398712158	0.11741501092910767
chr17:82083192:C:T	Benign	noncoding	0.06122010946273804	0.08061856031417847	0.044397830963134766	0.142440527677536
chr17:82083211:G:A	Benign	coding	0.14279460906982422	0.07662063837051392	0.047143399715423584	0.05195671319961548
chr17:82083232:T:C	Benign	coding	0.10268187522888184	0.04646196961402893	0.03818783164024353	0.06344670057296753
chr17:82083424:G:A	Benign	coding	0.020530879497528076	0.03754103183746338	0.016534030437469482	0.04625868797302246
chr17:82083509:G:A	Benign	noncoding	0.029175102710723877	0.027034878730773926	0.03871065378189087	0.06457147002220154
chr17:82084493:C:T	Benign	noncoding	0.05434137582778931	0.03677210211753845	0.03853669762611389	0.037601470947265625
chr17:82084494:G:A	Benign	noncoding	0.06786048412322998	0.021630585193634033	0.025705397129058838	0.034830331802368164
chr17:82087042:G:A	Benign	noncoding	0.0204048752784729	0.06630569696426392	0.02889212965965271	0.033779799938201904
chr17:82087210:G:C	Benign	coding	0.03177788108587265	0.05893871188163757	0.03142493963241577	0.022467494010925293
chr17:82087271:G:A	Benign	noncoding	0.15596556663513184	0.058230698108673096	0.018356144428253174	0.013914048671722412
chr17:82586043:C:T	Benign	coding	0.12236842513084412	0.10849440097808838	0.035234689712524414	0.3182913661003113
chr17:82616656:A:G	Benign	noncoding	0.06483647227287292	0.02127176523208618	0.01492297649383545	0.008238725364208221
chr17:82831592:G:A	Benign	coding	0.07989299297332764	0.06912374496459961	0.11864376068115234	0.09940558671951294
chr17:82831752:T:C	Benign	coding	0.07287091016769409	0.055278480052948	0.02849644422531128	0.020283639430999756
chr17:82832090:G:T	Benign	coding	0.04965892434120178	0.061421334743499756	0.08003410696983337	0.17793551087379456
chr17:82884148:A:C	Benign	coding	0.08654177188873291	0.05323651432991028	0.037516623735427856	0.10069108009338379
chr17:82884173:C:T	Pathogenic	other	0.003665626049041748	0.07047027349472046	0.03938758373260498	0.1248520016670227
chr17:82893609:A:G	Benign	coding	0.08968180418014526	0.03086492419242859	0.05424755811691284	0.04371589422225952
chr17:82907650:G:A	Benign	noncoding	0.06686568260192871	0.03036743402481079	0.06505703926086426	0.07691070437431335
chr17:82920387:G:C	Benign	noncoding	0.04144644737243652	0.12480515241622925	0.10635042190551758	0.042603999376297
chr18:211194:G:T	Benign	coding	0.21893340349197388	0.1013064980506897	0.041884660720825195	0.022284239530563354
chr18:662209:C:T	Pathogenic	noncoding	0.11491966247558594	0.0440729558467865	0.021291792392730713	0.4810185134410858
chr18:669174:G:A	Pathogenic	noncoding	0.3444066643714905	0.03429335355758667	0.015887856483459473	0.11853593587875366
chr18:2656249:G:C	Benign	coding	0.06615221500396729	0.07091569900512695	0.040691912174224854	0.08691996335983276
chr18:2726367:C:G	Benign	noncoding	0.015609711408615112	0.022716909646987915	0.059121400117874146	0.022206366062164307
chr18:2951049:T:C	Benign	noncoding	0.05007582902908325	0.027647733688354492	0.023017168045043945	0.04714852571487427
chr18:3253944:C:T	Benign	coding	0.03494465351104736	0.029582083225250244	0.015402555465698242	0.03232128918170929
chr18:3450457:C:A	Benign	noncoding	0.06607872247695923	0.0980307012796402	0.02414107322692871	0.08421672880649567
chr18:3451764:C:T	Benign	noncoding	0.17270731925964355	0.07888758182525635	0.06362545490264893	0.041189491748809814
chr18:3451898:G:A	Benign	noncoding	0.04045030474662781	0.13145527243614197	0.0631239116191864	0.0764722228050232
chr18:3452032:C:T	Benign	noncoding	0.15198898315429688	0.13127434253692627	0.06858137249946594	0.25126442313194275
chr18:3452156:C:G	Pathogenic	noncoding	0.09443122148513794	0.09847205877304077	0.09782028198242188	0.06029544770717621
chr18:3452225:T:C	Benign	noncoding	0.013265863060951233	0.04153801500797272	0.006833076477050781	0.04710069298744202
chr18:3452566:T:C	Benign	noncoding	0.28302615880966187	0.0883515477180481	0.029924392700195312	0.18328899145126343
chr18:3457610:G:A	Benign	coding	0.09051826596260071	0.09871600568294525	0.0202944278717041	0.09014172852039337
chr18:9117869:T:C	Benign	coding	0.04065650701522827	0.029398836195468903	0.032480210065841675	0.029280006885528564
chr18:9134359:C:T	Benign	other	0.26837214827537537	0.04212683439254761	0.028596103191375732	0.16063827276229858
chr18:12329254:G:A	Benign	noncoding	0.027725934982299805	0.03577423095703125	0.01986914873123169	0.08534854650497437
chr18:12367019:G:A	Benign	coding	0.14568287134170532	0.07659143209457397	0.024381816387176514	0.09240098297595978
chr18:12703068:A:G	Benign	noncoding	0.05032128095626831	0.038701534271240234	0.03206151723861694	0.043009936809539795
chr18:12703147:G:A	Benign	coding	0.10268953442573547	0.05599689483642578	0.02086743712425232	0.007833421230316162
chr18:12720499:A:T	Benign	noncoding	0.03805088996887207	0.06635746359825134	0.013785645365715027	0.08282053470611572
chr18:12971216:C:T	Benign	coding	0.04587996006011963	0.006798505783081055	0.025397539138793945	0.07903850078582764
chr18:13008498:G:C	Benign	coding	0.12437081336975098	0.06269179284572601	0.07222948968410492	0.34293460845947266
chr18:23560431:A:T	Pathogenic	other	0.07954096794128418	0.04100394248962402	0.037571221590042114	0.5298083424568176
chr18:23560468:T:C	Benign	coding	0.1498432755470276	0.06942451000213623	0.040728092193603516	0.036711931228637695
chr18:31066919:A:G	Benign	noncoding	0.11577031016349792	0.04070994257926941	0.053255945444107056	0.04682175815105438
chr18:31083007:A:C	Pathogenic	other	0.1328030824661255	0.0687795877456665	0.05282336473464966	0.21943849325180054
chr18:31083012:G:A	Pathogenic	other	0.09774896502494812	0.26706504821777344	0.04551190137863159	0.4114154577255249
chr18:31546707:T:C	Benign	coding	0.022999703884124756	0.013571828603744507	0.025613099336624146	0.024784862995147705
chr18:31548609:T:C	Benign	noncoding	0.046736836433410645	0.04672783613204956	0.06640744209289551	0.05697774887084961
chr18:36159984:C:T	Pathogenic	other	0.09418147802352905	0.06958001852035522	0.02906876802444458	0.141079843044281
chr18:36159990:A:C	Pathogenic	coding	0.021082699298858643	0.03575456142425537	0.03358309715986252	0.23437491059303284
chr18:36170083:C:T	Benign	coding	0.19958972930908203	0.057304710149765015	0.17877432703971863	0.05967683345079422
chr18:36268618:T:C	Benign	coding	0.04738914966583252	0.060120582580566406	0.05056178569793701	0.05694609880447388
chr18:46084149:T:C	Benign	noncoding	0.07078438997268677	0.1594194769859314	0.08226165175437927	0.15698522329330444
chr18:46088241:T:C	Benign	coding	0.16559140384197235	0.0683860182762146	0.05062401294708252	0.003596576862037182
chr18:46089652:T:C	Benign	coding	0.1444668173789978	0.13773691654205322	0.04492977261543274	0.039094120264053345
chr18:46091742:G:C	Benign	coding	0.026561081409454346	0.07841324806213379	0.029341518878936768	0.2949106991291046
chr18:46091855:T:C	Benign	noncoding	0.022462785243988037	0.04874888062477112	0.09276330471038818	0.12207108736038208
chr18:46094838:A:G	Benign	noncoding	0.058762192726135254	0.07021081447601318	0.04638481140136719	0.2878979444503784
chr18:46094865:G:A	Benign	noncoding	0.02302175760269165	0.06717274338006973	0.11335772275924683	0.20620158314704895
chr18:46094913:A:T	Benign	noncoding	0.0499347448348999	0.13890671730041504	0.08148080110549927	0.1220671534538269
chr18:49331908:G:T	Pathogenic	noncoding	0.16564416885375977	0.10653874278068542	0.011472761631011963	0.2076570987701416
chr18:50285233:C:T	Benign	coding	0.0587117075920105	0.06781858205795288	0.012299060821533203	0.10268494486808777
chr18:50286835:C:T	Benign	coding	0.015582501888275146	0.0823175311088562	0.03939884901046753	0.044906020164489746
chr18:51065424:T:C	Benign	coding	0.05172306299209595	0.027282774448394775	0.03268617391586304	0.029242753982543945
chr18:51065435:G:A	Pathogenic	other	0.09223532676696777	0.02687913179397583	0.06268185377120972	0.2521399259567261
chr18:51065436:G:A	Pathogenic	other	0.11146152019500732	0.021113157272338867	0.04412645101547241	0.2958377003669739
chr18:51065448:T:G	Benign	coding	0.08843547105789185	0.03226274251937866	0.03405660390853882	0.13050532341003418
chr18:51065463:T:C	Benign	coding	0.03757190704345703	0.09227943420410156	0.024148523807525635	0.16265791654586792
chr18:51065487:G:A	Benign	coding	0.028683125972747803	0.059162139892578125	0.026822447776794434	0.1193075180053711
chr18:51065495:C:G	Pathogenic	other	0.04830801486968994	0.05459463596343994	0.08735895156860352	0.6059730052947998
chr18:51065514:T:C	Benign	coding	0.031381845474243164	0.10651189088821411	0.028122305870056152	0.07876992225646973
chr18:51065526:C:A	Pathogenic	other	0.04413408041000366	0.0710030198097229	0.017351865768432617	0.3041823208332062
chr18:51065539:G:T	Pathogenic	other	0.029643476009368896	0.06161665916442871	0.025975465774536133	0.288845956325531
chr18:51065548:C:G	Pathogenic	coding	0.03949087858200073	0.05161309242248535	0.043164074420928955	0.1395992636680603
chr18:51065554:T:C	Pathogenic	coding	0.02435481548309326	0.08964258432388306	0.046744465827941895	0.26812201738357544
chr18:51065556:T:C	Benign	coding	0.025006234645843506	0.08975529670715332	0.07812345027923584	0.057885587215423584
chr18:51065562:T:C	Benign	coding	0.021161675453186035	0.05691641569137573	0.046843767166137695	0.05316054821014404
chr18:51065563:C:T	Pathogenic	other	0.030848324298858643	0.09205198287963867	0.040665268898010254	0.6644455790519714
chr18:51065577:C:A	Benign	coding	0.025436460971832275	0.050557732582092285	0.024959564208984375	0.08225458860397339
chr18:55227203:C:A	Benign	noncoding	0.050673723220825195	0.016570553183555603	0.04011557996273041	0.012283414602279663
chr18:56614600:T:C	Benign	noncoding	0.08905541896820068	0.057424068450927734	0.02197706699371338	0.05346781015396118
chr18:57550016:G:A	Benign	noncoding	0.1256159543991089	0.08363428711891174	0.02416682243347168	0.018286943435668945
chr18:57550464:G:A	Benign	noncoding	0.07031553983688354	0.0405735969543457	0.053771764039993286	0.08764722943305969
chr18:57550816:G:A	Pathogenic	other	0.08829131722450256	0.08115845918655396	0.01976114511489868	0.31241685152053833
chr18:57562855:C:G	Benign	noncoding	0.07808434963226318	0.05880672484636307	0.033870846033096313	0.019017037004232407
chr18:57562899:C:T	Pathogenic	other	0.12411388754844666	0.05803316831588745	0.0725441575050354	0.3548954129219055
chr18:57562952:G:T	Pathogenic	other	0.18451502919197083	0.12676182389259338	0.08446311950683594	0.5859110355377197
chr18:57562958:G:T	Pathogenic	other	0.21673712134361267	0.1718926727771759	0.06277066469192505	0.6953747272491455
chr18:57562982:T:C	Pathogenic	noncoding	0.07374027371406555	0.12042933702468872	0.06949721276760101	0.6466286182403564
chr18:57562982:T:G	Pathogenic	noncoding	0.0805845856666565	0.14567801356315613	0.03293871879577637	0.37274032831192017
chr18:57566446:C:A	Pathogenic	noncoding	0.08744058012962341	0.10846847295761108	0.07342502474784851	0.8833493590354919
chr18:57566477:G:A	Pathogenic	other	0.0630321204662323	0.05110996961593628	0.029218390583992004	0.733169674873352
chr18:57566492:C:T	Pathogenic	coding	0.08340495824813843	0.06517946720123291	0.02354314923286438	0.3263677954673767
chr18:57566531:C:T	Benign	coding	0.09100353717803955	0.11298045516014099	0.052661359310150146	0.06720661371946335
chr18:57586587:G:A	Benign	coding	0.033754557371139526	0.05302399396896362	0.025971591472625732	0.08702343702316284
chr18:57602481:G:A	Benign	coding	0.12432962656021118	0.0323561429977417	0.08520376682281494	0.03348827362060547
chr18:58322536:A:G	Benign	noncoding	0.009019076824188232	0.03335469961166382	0.009488403797149658	0.06203889846801758
chr18:58323169:C:A	Benign	noncoding	0.01227337121963501	0.05925774574279785	0.022050797939300537	0.07408648729324341
chr18:58341773:A:G	Benign	coding	0.13288122415542603	0.18310722708702087	0.06244784593582153	0.32572245597839355
chr18:58342903:T:C	Benign	noncoding	0.06995505094528198	0.12768340110778809	0.020894348621368408	0.01408916711807251
chr18:59328164:A:G	Benign	noncoding	0.06606194376945496	0.11206243932247162	0.07652415335178375	0.2286515086889267
chr18:59328688:G:T	Benign	noncoding	0.17373260855674744	0.10008561611175537	0.029588311910629272	0.06405317783355713
chr18:59328706:T:C	Benign	noncoding	0.040253907442092896	0.05003690719604492	0.02483588457107544	0.004392895847558975
chr18:59329271:C:A	Benign	noncoding	0.08889110386371613	0.11820322275161743	0.09785252809524536	0.94233238697052
chr18:59329294:T:G	Benign	noncoding	0.026579082012176514	0.2229001224040985	0.08887335658073425	0.10824814438819885
chr18:59329600:T:C	Benign	noncoding	0.026867598295211792	0.09503799676895142	0.11317378282546997	0.12478765845298767
chr18:59333237:T:A	Benign	coding	0.06735044717788696	0.1102403998374939	0.058692410588264465	0.041835904121398926
chr18:59349129:T:G	Benign	coding	0.004256784915924072	0.057877302169799805	0.01920795440673828	0.005382657051086426
chr18:79973859:G:C	Pathogenic	noncoding	0.1277918815612793	0.10311660170555115	0.08968332409858704	0.4586244821548462
chr19:577782:G:T	Benign	coding	0.05395543575286865	0.023920193314552307	0.03011322021484375	0.052510131150484085
chr19:582505:G:A	Benign	noncoding	0.0715392678976059	0.07724910974502563	0.04694652557373047	0.03578615188598633
chr19:582982:C:T	Benign	noncoding	0.08708170056343079	0.07681167125701904	0.0643395483493805	0.14034828543663025
chr19:803562:G:A	Pathogenic	coding	0.1258782148361206	0.32709789276123047	0.09578296542167664	0.11959698796272278
chr19:863077:G:C	Benign	noncoding	0.07457548379898071	0.0866849422454834	0.030847758054733276	0.05651259422302246
chr19:1037757:G:A	Pathogenic	coding	0.08177679777145386	0.06357380747795105	0.03357154130935669	0.051123976707458496
chr19:1037767:G:A	Pathogenic	coding	0.04373916983604431	0.0328858345746994	0.04930105805397034	0.04623216390609741
chr19:1104439:G:C	Benign	noncoding	0.043663084506988525	0.032669126987457275	0.053855955600738525	0.11463755369186401
chr19:1104528:C:G	Benign	noncoding	0.06803625822067261	0.11244416236877441	0.0906420350074768	0.10662668943405151
chr19:1104564:G:T	Benign	noncoding	0.12191329896450043	0.19960814714431763	0.050212562084198	0.09576761722564697
chr19:1105845:T:G	Benign	noncoding	0.0367356538772583	0.02339351177215576	0.03688669204711914	0.12917420268058777
chr19:1105851:T:G	Benign	noncoding	0.012101829051971436	0.036927103996276855	0.01365169882774353	0.1102113127708435
chr19:1106478:G:C	Benign	noncoding	0.14058341085910797	0.05625942349433899	0.006177425384521484	0.0007038712501525879
chr19:1106533:C:G	Benign	noncoding	0.07111003994941711	0.10309529304504395	0.020401060581207275	0.0012529492378234863
chr19:1106616:T:C	Benign	coding	0.21859699487686157	0.0361553430557251	0.004999399185180664	0.005117207765579224
chr19:1228070:T:A	Benign	noncoding	0.241355299949646	0.006300091743469238	0.06810951232910156	0.013494670391082764
chr19:1244113:C:T	Benign	coding	0.11765263974666595	0.20049786567687988	0.026968061923980713	0.0562404990196228
chr19:1244118:T:G	Pathogenic	coding	0.22114461660385132	0.18237069249153137	0.018903374671936035	0.023439526557922363
chr19:1244171:A:G	Benign	coding	0.04479330778121948	0.05692499876022339	0.018198460340499878	0.014185667037963867
chr19:1244201:G:C	Benign	noncoding	0.08624696731567383	0.05838221311569214	0.016837656497955322	0.02814161777496338
chr19:1387934:A:G	Benign	noncoding	0.0260220468044281	0.04274234175682068	0.012236952781677246	0.0454670786857605
chr19:1395227:C:T	Benign	noncoding	0.024838268756866455	0.030689626932144165	0.016752958297729492	0.08271947503089905
chr19:1395302:A:G	Benign	noncoding	0.015805155038833618	0.057664960622787476	0.021445780992507935	0.0612168163061142
chr19:1468458:C:T	Benign	coding	0.10944265127182007	0.0831100344657898	0.06355422735214233	0.053521037101745605
chr19:1468468:G:C	Benign	coding	0.046469032764434814	0.2103034257888794	0.06840914487838745	0.08484697341918945
chr19:1469468:C:A	Benign	coding	0.05621415376663208	0.0708039402961731	0.03602194786071777	0.0630970299243927
chr19:1469470:G:A	Benign	coding	0.014387428760528564	0.20432767271995544	0.025569677352905273	0.09341934323310852
chr19:1469531:C:G	Benign	coding	0.013264954090118408	0.06193268299102783	0.1539236307144165	0.10373541712760925
chr19:1469553:G:A	Benign	coding	0.05022752285003662	0.12176710367202759	0.02070552110671997	0.23561245203018188
chr19:1646222:C:T	Benign	noncoding	0.20919694006443024	0.14741957187652588	0.16193988919258118	0.20268654823303223
chr19:2111662:G:A	Benign	noncoding	0.1126006469130516	0.026611268520355225	0.012761533260345459	0.21829915046691895
chr19:2121029:G:A	Benign	coding	0.021595120429992676	0.0304039865732193	0.04908481240272522	0.01814103126525879
chr19:2250470:G:A	Benign	coding	0.10144633054733276	0.04390060901641846	0.03979623317718506	0.13166344165802002
chr19:2250480:G:T	Pathogenic	noncoding	0.013999104499816895	0.057809650897979736	0.027578651905059814	0.6324324607849121
chr19:2250529:G:A	Benign	noncoding	0.011944293975830078	0.053134918212890625	0.016754567623138428	0.08779346942901611
chr19:2250659:G:A	Pathogenic	coding	0.022738099098205566	0.015160530805587769	0.022061705589294434	0.07783523201942444
chr19:2250667:C:T	Pathogenic	other	0.033125489950180054	0.04272645711898804	0.02987438440322876	0.1704050898551941
chr19:2324173:C:T	Pathogenic	coding	0.048590123653411865	0.036900848150253296	0.08163860440254211	0.023343324661254883
chr19:2444365:A:G	Benign	noncoding	0.023377925157546997	0.03038725256919861	0.036615848541259766	0.059528499841690063
chr19:2444567:C:T	Benign	noncoding	0.05509349703788757	0.07472690939903259	0.058279991149902344	0.06778812408447266
chr19:2444610:G:A	Benign	noncoding	0.024335481226444244	0.03194919228553772	0.05310302972793579	0.06070023775100708
chr19:2456410:C:A	Benign	noncoding	0.07091742753982544	0.05480968952178955	0.0621681809425354	0.07387670874595642
chr19:2767212:C:T	Benign	coding	0.09851568937301636	0.04508340358734131	0.051262885332107544	0.09825807809829712
chr19:3110351:T:G	Benign	noncoding	0.07399767637252808	0.11509066820144653	0.05967813730239868	0.014809966087341309
chr19:3110363:C:T	Benign	noncoding	0.11031872034072876	0.08845704793930054	0.1383940577507019	0.046098947525024414
chr19:3121368:C:T	Benign	noncoding	0.03475511074066162	0.019564718008041382	0.05537605285644531	0.03564596176147461
chr19:3121419:C:G	Benign	noncoding	0.02282145619392395	0.012662559747695923	0.03632935881614685	0.025931358337402344
chr19:3121442:C:G	Benign	noncoding	0.054426148533821106	0.006293505430221558	0.008441954851150513	0.0087510347366333
chr19:3595008:A:G	Benign	coding	0.01428067684173584	0.035650283098220825	0.04378633201122284	0.04920947551727295
chr19:3595034:C:T	Benign	coding	0.024372607469558716	0.04075905680656433	0.088873952627182	0.008129894733428955
chr19:3595035:G:A	Benign	coding	0.02976110577583313	0.03322416543960571	0.04360795021057129	0.00529325008392334
chr19:3642970:A:G	Benign	noncoding	0.09983688592910767	0.04892146587371826	0.0210229754447937	0.04563719034194946
chr19:3643095:G:A	Benign	noncoding	0.020850300788879395	0.010753929615020752	0.009333133697509766	0.04649710655212402
chr19:3651808:G:A	Benign	noncoding	0.034041017293930054	0.04634755849838257	0.03539031744003296	0.04060676693916321
chr19:3651825:C:T	Pathogenic	noncoding	0.08944648504257202	0.06302100419998169	0.08804598450660706	0.03482338786125183
chr19:3976255:G:A	Benign	noncoding	0.08117160201072693	0.10323700308799744	0.06288057565689087	0.2977079749107361
chr19:3976323:T:G	Benign	noncoding	0.09728685021400452	0.06255543231964111	0.04587623476982117	0.7266033887863159
chr19:3976443:G:A	Benign	noncoding	0.05270791053771973	0.1008484959602356	0.12694019079208374	0.12300246953964233
chr19:3976551:C:T	Benign	noncoding	0.17034244537353516	0.0398658886551857	0.019333600997924805	0.1278674304485321
chr19:3978099:G:T	Pathogenic	coding	0.12450355291366577	0.06828030943870544	0.024590253829956055	0.0954442024230957
chr19:3980627:G:A	Benign	coding	0.08809949457645416	0.04143106937408447	0.04664155840873718	0.107807956635952
chr19:3980645:G:A	Benign	coding	0.19754493236541748	0.06646740436553955	0.03708866238594055	0.19503778219223022
chr19:3980828:C:T	Benign	noncoding	0.2512625753879547	0.045445919036865234	0.06325384974479675	0.028568044304847717
chr19:3980854:G:A	Benign	coding	0.07816743850708008	0.06612227857112885	0.13328033685684204	0.0006524324417114258
chr19:3982326:G:A	Benign	coding	0.017216145992279053	0.0748254656791687	0.023789703845977783	0.0653824508190155
chr19:3982933:G:A	Benign	coding	0.0386044979095459	0.028044402599334717	0.009704351425170898	0.08768779039382935
chr19:3982969:G:A	Benign	coding	0.1605459451675415	0.05728593468666077	0.007302701473236084	0.034498631954193115
chr19:3983186:A:G	Benign	coding	0.06981590390205383	0.04784363508224487	0.027082502841949463	0.1710961014032364
chr19:3983192:G:A	Benign	coding	0.10143721103668213	0.044406548142433167	0.018378734588623047	0.3054714798927307
chr19:3983231:C:T	Benign	coding	0.03902560472488403	0.10540375113487244	0.01605093479156494	0.3155224323272705
chr19:3984294:G:T	Benign	coding	0.20915967226028442	0.06599527597427368	0.03406459093093872	0.21385252475738525
chr19:3985367:G:A	Benign	noncoding	0.08429807424545288	0.04351681470870972	0.025197654962539673	0.0599941611289978
chr19:5649932:C:T	Benign	coding	0.19362705945968628	0.12864577770233154	0.062066465616226196	0.20562797784805298
chr19:5693605:C:T	Benign	coding	0.037745751440525055	0.03252576291561127	0.03216277062892914	0.020114840939641
chr19:5693609:C:T	Benign	coding	0.06335681676864624	0.03054623305797577	0.04094134271144867	0.009753182530403137
chr19:5693624:T:C	Benign	coding	0.004363134503364563	0.051796913146972656	0.05719783902168274	0.016352474689483643
chr19:5693627:G:A	Benign	coding	0.054104141891002655	0.10466533899307251	0.030539482831954956	0.04438513517379761
chr19:5694372:C:G	Benign	noncoding	0.10894769430160522	0.014319419860839844	0.022792786359786987	0.629500150680542
chr19:5694393:C:T	Benign	coding	0.13752979040145874	0.03505396842956543	0.016427040100097656	0.05704858899116516
chr19:5694418:G:A	Benign	coding	0.07840096950531006	0.02117455005645752	0.02778702974319458	0.12560153007507324
chr19:5694421:G:A	Benign	coding	0.10405746102333069	0.03390195965766907	0.015081286430358887	0.18309110403060913
chr19:5694457:C:G	Benign	coding	0.2366899847984314	0.11763986945152283	0.02527719736099243	0.06987553834915161
chr19:5694490:G:A	Benign	coding	0.21594607830047607	0.09701597690582275	0.05023568868637085	0.21333128213882446
chr19:5694511:G:A	Benign	coding	0.18344688415527344	0.10058021545410156	0.023257017135620117	0.09781044721603394
chr19:5694520:G:A	Benign	coding	0.09724298119544983	0.05974432826042175	0.09392592310905457	0.09938150644302368
chr19:5694521:C:G	Benign	coding	0.1298958659172058	0.16700518131256104	0.0908239483833313	0.07708972692489624
chr19:5694532:G:A	Benign	coding	0.1303619146347046	0.07232055068016052	0.027056753635406494	0.14218026399612427
chr19:5694532:G:T	Pathogenic	other	0.18389591574668884	0.045865416526794434	0.02600914239883423	0.4179471731185913
chr19:5694536:G:A	Pathogenic	coding	0.16288843750953674	0.04970231652259827	0.03658264875411987	0.061447009444236755
chr19:5696234:A:G	Benign	noncoding	0.15222546458244324	0.00874471664428711	0.043088167905807495	0.00862187147140503
chr19:5696237:C:G	Benign	noncoding	0.16519783437252045	0.06350140273571014	0.017187386751174927	0.0018025636672973633
chr19:5696246:C:T	Benign	noncoding	0.09004411101341248	0.0699111819267273	0.08217251300811768	0.00911778211593628
chr19:5696253:G:T	Pathogenic	coding	0.3375009298324585	0.10358718037605286	0.004139214754104614	0.0009854435920715332
chr19:5711764:G:A	Benign	noncoding	0.13471391797065735	0.048579275608062744	0.006744325160980225	0.0014094114303588867
chr19:5711807:A:G	Benign	coding	0.08428627252578735	0.047136783599853516	0.017982304096221924	0.025383740663528442
chr19:6366326:C:G	Pathogenic	coding	0.15388858318328857	0.05731378495693207	0.030951380729675293	0.07549017667770386
chr19:6368677:G:A	Benign	coding	0.032823145389556885	0.13521549105644226	0.054601848125457764	0.19538649916648865
chr19:6368680:G:A	Benign	coding	0.09359073638916016	0.0926939845085144	0.04743689298629761	0.15854954719543457
chr19:6368863:C:G	Benign	noncoding	0.054319798946380615	0.05543392896652222	0.04009702801704407	0.38947468996047974
chr19:6387520:C:T	Benign	coding	0.16581480205059052	0.0654367208480835	0.050487905740737915	0.04522484540939331
chr19:6415866:T:G	Benign	coding	0.032666802406311035	0.014126718044281006	0.022813260555267334	0.016540706157684326
chr19:6494904:C:G	Benign	noncoding	0.03396564722061157	0.07921609282493591	0.028071343898773193	0.14001095294952393
chr19:7639825:C:T	Benign	noncoding	0.05580464005470276	0.05313926935195923	0.0943528413772583	0.14583106338977814
chr19:7640566:G:A	Benign	noncoding	0.05149763822555542	0.005629181861877441	0.06828787922859192	0.016279518604278564
chr19:7644385:A:G	Benign	noncoding	0.029658257961273193	0.037424325942993164	0.05235359072685242	0.06952887773513794
chr19:7645968:T:C	Benign	noncoding	4.416704177856445e-05	2.4020671844482422e-05	0.00020903348922729492	4.89354133605957e-05
chr19:7646034:G:A	Benign	noncoding	0.0007306933403015137	0.0014178156852722168	0.00091552734375	0.0008763670921325684
chr19:8302274:C:T	Benign	noncoding	0.1678725779056549	0.049674928188323975	0.03495839238166809	0.052686452865600586
chr19:8302334:G:A	Benign	noncoding	0.06361490488052368	0.05683504045009613	0.060840070247650146	0.3305404782295227
chr19:8322323:G:A	Benign	noncoding	0.07721462845802307	0.13207775354385376	0.04917743802070618	0.04202395677566528
chr19:8474177:G:A	Benign	coding	0.18936461210250854	0.03037208318710327	0.014146506786346436	0.00186920166015625
chr19:8486231:C:T	Benign	coding	0.14328646659851074	0.07472407817840576	0.01955997943878174	0.05210083723068237
chr19:10111734:G:A	Benign	coding	0.1694786548614502	0.06625090539455414	0.06400555372238159	0.06534737348556519
chr19:10156401:T:C	Benign	coding	0.1582493782043457	0.03550782799720764	0.012954145669937134	0.020226549357175827
chr19:10159917:G:A	Benign	coding	0.07435713708400726	0.029077589511871338	0.010490715503692627	0.09841446578502655
chr19:10160426:G:C	Benign	noncoding	0.26448988914489746	0.027832329273223877	0.029478132724761963	0.036132216453552246
chr19:10163327:G:C	Benign	coding	0.3725246787071228	0.17037513852119446	0.022647202014923096	0.0016423463821411133
chr19:10350688:A:T	Benign	noncoding	0.02863943576812744	0.07124325633049011	0.06032213568687439	0.16295702755451202
chr19:10395469:G:A	Benign	coding	0.24366751313209534	0.04277598857879639	0.010709822177886963	0.003657270222902298
chr19:10775697:T:C	Benign	noncoding	0.11325991153717041	0.05612605810165405	0.041533052921295166	0.09994387626647949
chr19:10775860:G:A	Benign	coding	0.062054336071014404	0.07411473989486694	0.009012818336486816	0.045636534690856934
chr19:10797318:G:C	Benign	noncoding	0.0834113359451294	0.16528725624084473	0.02160826325416565	0.22219210863113403
chr19:10831315:A:T	Benign	noncoding	0.23392784595489502	0.14855927228927612	0.051285505294799805	0.1263955533504486
chr19:10831368:A:G	Benign	noncoding	0.06831824779510498	0.07635265588760376	0.02800193428993225	0.04051360487937927
chr19:10831500:C:T	Benign	noncoding	0.016724660992622375	0.06218528747558594	0.02362382411956787	0.11269563436508179
chr19:10985393:C:T	Pathogenic	other	0.36055275797843933	0.07638710737228394	0.019740283489227295	0.2858020067214966
chr19:10985416:G:A	Benign	noncoding	0.22471338510513306	0.10825276374816895	0.017293155193328857	0.0036854147911071777
chr19:10986175:A:G	Benign	noncoding	0.24389344453811646	0.12709647417068481	0.004380375146865845	0.04611065983772278
chr19:10986198:C:A	Pathogenic	other	0.2269078493118286	0.04238125681877136	0.009386986494064331	0.6246708631515503
chr19:10987721:G:A	Benign	coding	0.1806052178144455	0.09622961282730103	0.031458139419555664	0.07354927062988281
chr19:10987722:C:T	Pathogenic	other	0.06130385398864746	0.0560513436794281	0.03913283348083496	0.31628769636154175
chr19:10987872:C:T	Pathogenic	other	0.12499803304672241	0.040237605571746826	0.014651238918304443	0.8031027913093567
chr19:10987908:C:T	Pathogenic	other	0.15969771146774292	0.06784072518348694	0.008859813213348389	0.6998193264007568
chr19:11003321:G:T	Benign	noncoding	0.11050406098365784	0.11644083261489868	0.04201948642730713	0.5630719065666199
chr19:11003392:G:T	Pathogenic	other	0.1045989990234375	0.1347656548023224	0.07279589772224426	0.0005958676338195801
chr19:11021762:G:A	Pathogenic	coding	0.16860856115818024	0.10715395212173462	0.026552319526672363	0.08543866872787476
chr19:11021791:C:T	Pathogenic	other	0.18377554416656494	0.031659841537475586	0.015300333499908447	0.630473256111145
chr19:11041454:C:T	Pathogenic	other	0.04829967021942139	0.036411434412002563	0.017140328884124756	0.5686413645744324
chr19:11041481:G:T	Pathogenic	other	0.15373438596725464	0.08882266283035278	0.021630465984344482	0.39904165267944336
chr19:11058833:A:T	Pathogenic	other	0.16005676984786987	0.03801509737968445	0.03150057792663574	0.37767231464385986
chr19:11058838:C:T	Benign	coding	0.08198165893554688	0.034340888261795044	0.00962918996810913	0.0648311972618103
chr19:11058854:C:T	Pathogenic	other	0.1969117522239685	0.1263972520828247	0.015942156314849854	0.42445409297943115
chr19:11060163:T:C	Benign	coding	0.04077300429344177	0.039694368839263916	0.06529852747917175	0.36164870858192444
chr19:11061817:G:T	Benign	noncoding	0.4476472735404968	0.08516061305999756	0.036685824394226074	0.2340763807296753
chr19:11131368:G:A	Benign	noncoding	0.02309367060661316	0.07610145211219788	0.06853196024894714	0.027903638780117035
chr19:11437972:G:C	Pathogenic	noncoding	0.023512065410614014	0.1702728271484375	0.017989754676818848	0.5638648867607117
chr19:11448917:C:A	Pathogenic	other	0.04480177164077759	0.03872030973434448	0.03900173306465149	0.0058432817459106445
chr19:11448986:T:C	Benign	coding	0.1908426582813263	0.016209900379180908	0.06434118747711182	0.000643610954284668
chr19:11449532:T:G	Benign	noncoding	0.06282761693000793	0.05113866925239563	0.04705771803855896	0.017792224884033203
chr19:12658062:C:A	Pathogenic	noncoding	0.2216164469718933	0.10677704215049744	0.012127101421356201	0.7752368450164795
chr19:12658134:T:C	Benign	coding	0.19370141625404358	0.07417371869087219	0.03435385227203369	0.0022516846656799316
chr19:12658226:G:A	Pathogenic	other	0.13478010892868042	0.04045838117599487	0.03104090690612793	0.00928109884262085
chr19:12658250:C:A	Pathogenic	other	0.08144831657409668	0.04554566740989685	0.03917902708053589	0.4316810965538025
chr19:12892299:C:A	Benign	noncoding	0.3644506633281708	0.243888258934021	0.05235676467418671	0.06409114599227905
chr19:12940356:C:T	Benign	coding	0.2660709023475647	0.0640801191329956	0.05782541632652283	0.05168658494949341
chr19:12943801:A:C	Benign	coding	0.032266974449157715	0.020594656467437744	0.009176373481750488	0.040315091609954834
chr19:12943967:G:T	Benign	noncoding	0.22301238775253296	0.11143195629119873	0.02268388867378235	0.021082155406475067
chr19:13078754:C:T	Benign	noncoding	0.01764899492263794	0.09585228562355042	0.03432786464691162	0.052673935890197754
chr19:13078755:G:A	Benign	noncoding	0.025660276412963867	0.026173323392868042	0.03904157876968384	0.02548062801361084
chr19:13927923:C:T	Pathogenic	other	0.03000067174434662	0.031575143337249756	0.030482858419418335	0.5791841149330139
chr19:13930083:G:A	Benign	coding	0.026356592774391174	0.06988559663295746	0.025078237056732178	0.13309520483016968
chr19:15239678:G:A	Benign	coding	0.07987824082374573	0.0374484658241272	0.034688711166381836	0.013605840504169464
chr19:15239768:C:T	Benign	coding	0.09393462538719177	0.0974138081073761	0.03878176212310791	0.09970909357070923
chr19:15239783:G:A	Benign	coding	0.04166969656944275	0.05653296411037445	0.03505265712738037	0.1503099501132965
chr19:15242882:C:T	Benign	noncoding	0.17130765318870544	0.07495316863059998	0.08245301246643066	0.13107584416866302
chr19:15242892:C:A	Benign	noncoding	0.10262185335159302	0.0809594988822937	0.08375322818756104	0.025814950466156006
chr19:15242964:C:T	Benign	coding	0.07526955008506775	0.032047152519226074	0.03288942575454712	0.2673409879207611
chr19:15242967:G:A	Benign	coding	0.08654460310935974	0.034982919692993164	0.00732046365737915	0.33332952857017517
chr19:15243008:G:T	Benign	coding	0.04911923408508301	0.014723896980285645	0.004661500453948975	0.2882261574268341
chr19:15244286:C:T	Benign	coding	0.08918046951293945	0.07412856817245483	0.012463390827178955	0.2428622543811798
chr19:15244479:G:C	Benign	coding	0.056965529918670654	0.03489124774932861	0.015047609806060791	0.32055360078811646
chr19:15244502:C:T	Benign	coding	0.026009738445281982	0.014154434204101562	0.008570432662963867	0.006354153156280518
chr19:15255394:G:A	Benign	coding	0.07214617729187012	0.08695819973945618	0.020595192909240723	0.013589799404144287
chr19:15255537:C:A	Pathogenic	other	0.1770409643650055	0.13669544458389282	0.02972954511642456	0.08729466795921326
chr19:15264446:G:A	Benign	coding	0.043776363134384155	0.015052542090415955	0.10957351326942444	0.020374536514282227
chr19:15265402:G:A	Benign	coding	0.04709428548812866	0.043986976146698	0.004870712757110596	0.021007657051086426
chr19:15265488:T:G	Benign	coding	0.03293412923812866	0.026511669158935547	0.007816731929779053	0.014591515064239502
chr19:15355149:G:A	Benign	coding	0.16059443354606628	0.03765994310379028	0.034618079662323	0.0788952112197876
chr19:15401582:G:A	Benign	coding	0.00444263219833374	0.014685317873954773	0.02260640263557434	0.029509782791137695
chr19:16895976:G:A	Benign	noncoding	0.04301057755947113	0.046138107776641846	0.011350534856319427	0.013618424534797668
chr19:17203024:G:A	Benign	noncoding	0.005264997482299805	0.009626507759094238	0.09811027348041534	0.04529166221618652
chr19:17286684:G:T	Benign	coding	0.0005928277969360352	0.0007182955741882324	0.007940948009490967	0.001452326774597168
chr19:17338793:C:T	Benign	noncoding	0.022200673818588257	0.023289382457733154	0.0031339824199676514	0.03866684436798096
chr19:17559374:G:A	Benign	coding	0.04245120286941528	0.04587221145629883	0.04982924461364746	0.07771539688110352
chr19:17559392:C:T	Benign	coding	0.051322758197784424	0.02590543031692505	0.04052892327308655	0.010180473327636719
chr19:18169420:T:A	Benign	noncoding	0.05679917335510254	0.04638373851776123	0.16211339831352234	0.07382148504257202
chr19:19516253:G:C	Pathogenic	coding	0.1536901295185089	0.07613039016723633	0.038461148738861084	0.38093674182891846
chr19:19516312:T:G	Benign	coding	0.04974508285522461	0.05935189127922058	0.0115278959274292	0.0566752552986145
chr19:19527317:G:C	Benign	coding	0.2642306685447693	0.0804324746131897	0.012397736310958862	0.002805471420288086
chr19:19657090:T:C	Benign	coding	0.18053609132766724	0.03374999761581421	0.10100457072257996	0.03755280375480652
chr19:34399417:G:A	Benign	noncoding	0.004242628812789917	0.06333106756210327	0.026537835597991943	0.15066491067409515
chr19:35267842:G:C	Benign	coding	0.08905324339866638	0.04816292226314545	0.012866109609603882	0.03832998871803284
chr19:35718326:C:G	Benign	coding	0.06332297623157501	0.05946803092956543	0.025660812854766846	0.10485172271728516
chr19:35718345:G:A	Benign	coding	0.16959458589553833	0.03135120868682861	0.015022039413452148	0.16705575585365295
chr19:35719957:C:T	Pathogenic	other	0.07110512256622314	0.0539165735244751	0.06665998697280884	0.5039867162704468
chr19:35719986:C:G	Benign	coding	0.2992715835571289	0.10154956579208374	0.012707412242889404	0.1339566707611084
chr19:35719990:A:C	Benign	coding	0.18561512231826782	0.08548581600189209	0.010205090045928955	0.10994696617126465
chr19:35719997:G:A	Benign	coding	0.28569841384887695	0.08394387364387512	0.06728541851043701	0.3453662395477295
chr19:35720006:G:A	Benign	coding	0.15531080961227417	0.08053553104400635	0.012929379940032959	0.10688775777816772
chr19:35720012:G:A	Benign	coding	0.09362578392028809	0.11075285077095032	0.006714969873428345	0.16867117583751678
chr19:35720023:C:T	Benign	coding	0.08336913585662842	0.014616578817367554	0.021461397409439087	0.08096775412559509
chr19:35720036:C:T	Benign	coding	0.036131396889686584	0.041178613901138306	0.02932804822921753	0.0955759584903717
chr19:35720038:T:C	Benign	coding	0.07680779695510864	0.057424113154411316	0.03650131821632385	0.3332916796207428
chr19:35721258:T:C	Benign	coding	0.20639368891716003	0.01997813582420349	0.006559908390045166	0.0945550799369812
chr19:35721262:A:G	Benign	coding	0.04463628679513931	0.05036461353302002	0.04006579518318176	0.2834813892841339
chr19:35721273:G:T	Benign	coding	0.0504765510559082	0.05872073769569397	0.039957523345947266	0.42481398582458496
chr19:35721309:A:G	Benign	coding	0.049795329570770264	0.10818320512771606	0.05782601237297058	0.15692687034606934
chr19:35736778:C:T	Benign	coding	0.07076394557952881	0.07370918989181519	0.024518966674804688	0.03002774715423584
chr19:35736795:A:G	Pathogenic	coding	0.11114698648452759	0.06885403394699097	0.042605310678482056	0.06606060266494751
chr19:35736805:C:T	Benign	coding	0.12326830625534058	0.04038998484611511	0.024242281913757324	0.030664950609207153
chr19:35738738:C:T	Benign	noncoding	0.02060791850090027	0.007417142391204834	0.0633888840675354	0.04574047029018402
chr19:35745965:T:A	Pathogenic	other	0.08909872174263	0.04872405529022217	0.07710292935371399	0.05757713317871094
chr19:35745970:C:T	Benign	coding	0.11799800395965576	0.04793626070022583	0.024695515632629395	0.02181035280227661
chr19:38457877:C:G	Benign	noncoding	0.0001690387725830078	0.0003268122673034668	0.0022235512733459473	0.00026476383209228516
chr19:38700683:C:T	Benign	coding	0.03758612275123596	0.1384415626525879	0.04611611366271973	0.07603371143341064
chr19:38700990:T:G	Benign	noncoding	0.05876213312149048	0.06629893183708191	0.02735719084739685	0.08593285083770752
chr19:38815889:C:T	Benign	coding	0.11350977420806885	0.023288890719413757	0.0367102324962616	0.04650643467903137
chr19:38920346:C:G	Benign	noncoding	0.001065075397491455	0.0008562207221984863	0.0009092092514038086	0.00042897462844848633
chr19:39840759:G:A	Benign	coding	0.054797470569610596	0.059596240520477295	0.019942104816436768	0.0055182576179504395
chr19:40235367:G:A	Benign	noncoding	0.20222008228302002	0.06498928368091583	0.028723210096359253	0.08984273672103882
chr19:40369893:C:G	Benign	noncoding	0.0667421817779541	0.12188372015953064	0.036458492279052734	0.17559343576431274
chr19:40369903:C:G	Benign	noncoding	0.02326919138431549	0.03978168964385986	0.07059571146965027	0.24194246530532837
chr19:40369903:C:T	Benign	noncoding	0.08438146114349365	0.07635931670665741	0.01579183340072632	0.11246569454669952
chr19:40369949:G:A	Benign	coding	0.04240790009498596	0.039251744747161865	0.043039679527282715	0.12077397108078003
chr19:40613923:C:T	Benign	coding	0.05251795053482056	0.06388244032859802	0.0986143946647644	0.04643738269805908
chr19:40800329:C:T	Benign	noncoding	0.0035451650619506836	0.009409129619598389	0.0050026774406433105	0.0011760592460632324
chr19:40801265:G:A	Benign	coding	0.05059221386909485	0.07265210151672363	0.05186763405799866	0.05636793375015259
chr19:40806356:G:A	Benign	noncoding	0.10342025756835938	0.04969972372055054	0.035291045904159546	0.040058434009552
chr19:41273979:C:T	Benign	noncoding	0.08413049578666687	0.05582618713378906	0.01228630542755127	0.1292940378189087
chr19:41332269:C:T	Benign	coding	0.014884412288665771	0.049023449420928955	0.010127723217010498	0.007972896099090576
chr19:41424917:A:G	Benign	noncoding	0.017178654670715332	0.0467524528503418	0.025242790579795837	0.03228086233139038
chr19:41860775:A:C	Pathogenic	coding	0.01516483724117279	0.15817394852638245	0.013638436794281006	0.07014453411102295
chr19:41860777:G:A	Pathogenic	coding	0.016903400421142578	0.07411891222000122	0.016469180583953857	0.060709670186042786
chr19:41860777:G:C	Pathogenic	coding	0.10289758443832397	0.11368480324745178	0.03321802616119385	0.06885957717895508
chr19:41860777:G:T	Pathogenic	coding	0.03998064994812012	0.08083981275558472	0.03900271654129028	0.0500243604183197
chr19:41860805:C:T	Pathogenic	other	0.08956676721572876	0.055638790130615234	0.0209808349609375	0.11542889475822449
chr19:41860808:C:T	Pathogenic	other	0.028484314680099487	0.03063148260116577	0.07492850720882416	0.1388533115386963
chr19:41860817:G:T	Pathogenic	coding	0.011606357991695404	0.04759123921394348	0.0387955904006958	0.16587162017822266
chr19:41860827:T:C	Pathogenic	coding	0.0018672570586204529	0.10668548941612244	0.09356194734573364	0.06218576431274414
chr19:41861213:G:C	Pathogenic	coding	0.0802847146987915	0.06404095888137817	0.020073622465133667	0.7522661685943604
chr19:41869138:C:T	Pathogenic	coding	0.1048429012298584	0.11321517825126648	0.04361754655838013	0.6336502432823181
chr19:41869171:C:T	Pathogenic	coding	0.01026429608464241	0.12261107563972473	0.03707849979400635	0.6688672304153442
chr19:41869697:A:G	Pathogenic	noncoding	0.09259605407714844	0.08368712663650513	0.042167484760284424	0.6709678173065186
chr19:41869718:C:T	Pathogenic	coding	0.1891697347164154	0.05801662802696228	0.03707057237625122	0.11419922113418579
chr19:41869748:G:T	Pathogenic	coding	0.20612555742263794	0.071399986743927	0.024222582578659058	0.007733523845672607
chr19:41869755:T:C	Pathogenic	noncoding	0.30285921692848206	0.06624262034893036	0.04338297247886658	0.4985496997833252
chr19:41869765:G:A	Benign	noncoding	0.12987148761749268	0.06006127595901489	0.07322812080383301	0.04030725359916687
chr19:42292681:T:C	Benign	coding	0.04281347990036011	0.07979309558868408	0.005297243595123291	0.04242062568664551
chr19:42292700:T:A	Benign	coding	0.012784302234649658	0.04298335313796997	0.022996455430984497	0.055059611797332764
chr19:42403292:T:A	Benign	noncoding	0.26854977011680603	0.513181209564209	0.096900075674057	0.05350726842880249
chr19:43769027:C:T	Pathogenic	coding	0.1912367343902588	0.12439596652984619	0.01905834674835205	0.013697624206542969
chr19:44907777:G:A	Pathogenic	coding	0.09920904040336609	0.04854327440261841	0.0559065043926239	0.047176241874694824
chr19:44909171:G:A	Pathogenic	coding	0.052233755588531494	0.05893224477767944	0.0238608717918396	0.03904680907726288
chr19:45277918:T:C	Benign	noncoding	0.00609661266207695	0.003771904855966568	0.017064154148101807	0.013837885111570358
chr19:45408744:A:C	Benign	coding	0.1808432936668396	0.029815614223480225	0.11109209060668945	0.0565219521522522
chr19:45408812:A:G	Benign	coding	0.2910841703414917	0.028599411249160767	0.049810707569122314	0.19154053926467896
chr19:45409085:A:G	Benign	coding	0.025979340076446533	0.04046374559402466	0.046491801738739014	0.11663946509361267
chr19:46608949:A:G	Pathogenic	coding	0.025360509753227234	0.02877204120159149	0.017112135887145996	0.03185206651687622
chr19:46608950:C:G	Pathogenic	coding	0.01729203760623932	0.024148263037204742	0.011846184730529785	0.008545398712158203
chr19:46608950:C:T	Benign	coding	0.021492183208465576	0.0272662490606308	0.023302584886550903	0.085889533162117
chr19:46608981:G:A	Pathogenic	coding	0.014443270862102509	0.015453118830919266	0.05496400594711304	0.44166916608810425
chr19:46609129:T:G	Pathogenic	coding	0.7711327075958252	0.7368075251579285	0.037413448095321655	0.7542914152145386
chr19:46846102:C:A	Pathogenic	coding	0.19657227396965027	0.035307228565216064	0.0294744074344635	0.12018740177154541
chr19:46846103:G:A	Pathogenic	coding	0.10386055707931519	0.15825173258781433	0.03581741452217102	0.23697328567504883
chr19:47085068:G:A	Benign	coding	0.038891375064849854	0.022251784801483154	0.0662841796875	0.30867284536361694
chr19:47085373:G:A	Benign	coding	0.12381476163864136	0.0470728874206543	0.015383154153823853	0.0008469223976135254
chr19:47696513:G:A	Pathogenic	noncoding	0.004670500755310059	0.07146075367927551	0.011936545372009277	0.4014035761356354
chr19:47750197:C:G	Benign	coding	0.0524480938911438	0.05141894519329071	0.05394873023033142	0.0634542778134346
chr19:47752556:G:A	Benign	coding	0.19754278659820557	0.030002206563949585	0.01686251163482666	0.06634914875030518
chr19:47754550:G:A	Benign	coding	0.16168257594108582	0.06618660688400269	0.006417065858840942	0.0004666447639465332
chr19:48161516:T:C	Benign	noncoding	0.39695414900779724	0.08993571996688843	0.07335913181304932	0.04259553551673889
chr19:48616715:C:T	Benign	noncoding	0.0409662127494812	0.04232645034790039	0.024059414863586426	0.03008979558944702
chr19:48616830:G:A	Benign	noncoding	0.05777382850646973	0.05226687341928482	0.03485393524169922	0.24478057026863098
chr19:48617331:C:A	Benign	coding	0.11886537075042725	0.025264739990234375	0.0234987735748291	0.09837603569030762
chr19:48617441:C:T	Benign	noncoding	0.08082127571105957	0.0222703218460083	0.049075424671173096	0.11561906337738037
chr19:48873785:G:A	Benign	coding	0.08918517827987671	0.02453911304473877	0.05504593253135681	0.057011038064956665
chr19:48965357:A:G	Pathogenic	noncoding	0.09303852915763855	0.09676581621170044	0.02446192502975464	0.0998917818069458
chr19:48965830:T:C	Benign	coding	0.1377774477005005	0.08660152554512024	0.03751629590988159	0.052827127277851105
chr19:48965839:G:T	Pathogenic	other	0.1823781132698059	0.10944384336471558	0.014193505048751831	0.48801758885383606
chr19:49166320:A:G	Benign	noncoding	0.04203346371650696	0.04885685443878174	0.0568121075630188	0.10739946365356445
chr19:49167832:C:T	Benign	noncoding	0.004345118999481201	0.0004302859306335449	0.0032306313514709473	0.005339562892913818
chr19:49167894:G:A	Benign	noncoding	0.0493813157081604	0.04593992233276367	0.007235586643218994	0.03231076896190643
chr19:49181329:T:A	Benign	noncoding	0.21016782522201538	0.17381417751312256	0.029345810413360596	0.022319987416267395
chr19:49460909:G:A	Benign	noncoding	0.07090970873832703	0.04887819290161133	0.11437171697616577	0.022454500198364258
chr19:49490813:C:T	Benign	coding	0.09180468320846558	0.05447658896446228	0.041901469230651855	0.026528358459472656
chr19:49799456:C:T	Benign	coding	0.07047075033187866	0.0231003575026989	0.02000349760055542	0.010192632675170898
chr19:49909052:C:G	Benign	coding	0.09584647417068481	0.07367134094238281	0.054109394550323486	0.11949652433395386
chr19:49909160:G:A	Benign	coding	0.07796502113342285	0.04107445478439331	0.010736405849456787	0.020526528358459473
chr19:49909259:C:T	Benign	coding	0.02535039186477661	0.035280823707580566	0.05564418435096741	0.027836918830871582
chr19:51225960:T:C	Benign	coding	0.07829993963241577	0.06247067451477051	0.006296873092651367	0.07600361108779907
chr19:51345361:G:A	Benign	coding	0.0757443904876709	0.027223289012908936	0.01822003722190857	0.044268906116485596
chr19:51350309:G:A	Benign	noncoding	0.06737834215164185	0.06717312335968018	0.04184061288833618	0.03822779655456543
chr19:52222133:C:T	Benign	coding	0.08030718564987183	0.07548516988754272	0.028001338243484497	0.09401822090148926
chr19:52222140:C:G	Benign	coding	0.13014128804206848	0.14459383487701416	0.03417879343032837	0.049004726111888885
chr19:52222154:T:C	Benign	coding	0.09814453125	0.04827791452407837	0.02366909384727478	0.05800384283065796
chr19:52222160:G:A	Benign	coding	0.02667716145515442	0.09368014335632324	0.029523760080337524	0.043630316853523254
chr19:54118571:A:G	Pathogenic	noncoding	0.08078110218048096	0.026642322540283203	0.13165584206581116	0.17496877908706665
chr19:54118572:G:A	Pathogenic	noncoding	0.029763996601104736	0.13158506155014038	0.045563727617263794	0.17560529708862305
chr19:54118612:A:T	Pathogenic	other	0.07760530710220337	0.04733860492706299	0.014363378286361694	0.06510978937149048
chr19:54118615:C:T	Pathogenic	other	0.12690770626068115	0.11639797687530518	0.07202142477035522	0.03416430950164795
chr19:54118634:G:A	Pathogenic	noncoding	0.01992667093873024	0.025868237018585205	0.04714342951774597	0.3616981506347656
chr19:54148193:C:T	Benign	coding	0.012581270188093185	0.028128087520599365	0.01686081290245056	0.21392443776130676
chr19:54149732:C:T	Pathogenic	other	0.05928206443786621	0.031231343746185303	0.007160961627960205	0.13600130379199982
chr19:54193607:A:C	Benign	noncoding	0.1267591416835785	0.131391704082489	0.055345892906188965	0.05314815044403076
chr19:54193624:T:C	Benign	coding	0.06389790773391724	0.027197182178497314	0.03811126947402954	0.07386258244514465
chr19:54206364:G:A	Benign	coding	0.07301735877990723	0.04171869158744812	0.02081054449081421	0.03630967438220978
chr19:55032466:C:T	Benign	noncoding	0.06024234741926193	0.0901065468788147	0.03133639693260193	0.03090517222881317
chr19:55047438:G:A	Benign	coding	0.047059059143066406	0.0887230634689331	0.04387885332107544	0.05148988962173462
chr19:55137102:C:T	Pathogenic	noncoding	0.1416289508342743	0.07107174396514893	0.008618593215942383	0.010392189025878906
chr19:55137176:C:A	Pathogenic	other	0.1164141297340393	0.07416790723800659	0.024250328540802002	0.3083187937736511
chr19:55138047:C:A	Pathogenic	other	0.21532827615737915	0.09454584121704102	0.02012169361114502	0.004375338554382324
chr19:55140936:C:A	Pathogenic	other	0.13361287117004395	0.03420513868331909	0.014202892780303955	0.0004711747169494629
chr19:55669653:C:T	Benign	coding	0.16700217127799988	0.0648796558380127	0.03860512375831604	0.015507251024246216
chr19:57231671:T:C	Benign	noncoding	0.0001189112663269043	4.2319297790527344e-05	0.00012767314910888672	0.00010710954666137695
chr19:57231699:C:G	Benign	noncoding	0.02073007822036743	0.0023307204246520996	0.0022550225257873535	0.00023758411407470703
chr20:2461780:C:T	Benign	coding	0.04247201979160309	0.12152959406375885	0.13407540321350098	0.07962819933891296
chr20:2465723:T:A	Benign	coding	0.03152281045913696	0.06491151452064514	0.040357768535614014	0.01593315601348877
chr20:2470762:G:T	Pathogenic	noncoding	0.14787331223487854	0.059559017419815063	0.04235196113586426	0.091605544090271
chr20:2654566:A:G	Benign	coding	0.08146273344755173	0.0983763039112091	0.019328296184539795	0.16276323795318604
chr20:2657166:C:T	Benign	coding	0.015754148364067078	0.042594730854034424	0.025668799877166748	0.08257651329040527
chr20:2658234:G:A	Benign	coding	0.07696013152599335	0.06865239143371582	0.013543158769607544	0.20644927024841309
chr20:2658236:T:C	Benign	coding	0.13093270361423492	0.051968902349472046	0.07491844892501831	0.0490148663520813
chr20:2659056:G:A	Benign	noncoding	0.19347384572029114	0.08533763885498047	0.021025419235229492	0.06147271394729614
chr20:2659160:G:A	Benign	noncoding	0.03266468644142151	0.01606779545545578	0.02310776710510254	0.012343227863311768
chr20:3195330:G:A	Benign	coding	0.037007927894592285	0.013548672199249268	0.011890113353729248	0.0791289210319519
chr20:3195345:C:T	Benign	coding	0.07559898495674133	0.02910780906677246	0.013298392295837402	0.0009313225746154785
chr20:3901543:A:G	Pathogenic	noncoding	0.17111602425575256	0.14800019562244415	0.05334949493408203	0.009825468063354492
chr20:3907935:G:A	Pathogenic	noncoding	0.037361837923526764	0.10795445740222931	0.04759758710861206	0.3693731129169464
chr20:3907977:A:G	Pathogenic	coding	0.01697514019906521	0.03766223415732384	0.020152509212493896	0.003158271312713623
chr20:3907980:T:C	Pathogenic	coding	0.06550245732069016	0.0007561757229268551	0.013781160116195679	0.013779044151306152
chr20:4700464:A:G	Benign	noncoding	0.09428489208221436	0.1323789656162262	0.026112616062164307	0.48476457595825195
chr20:4700574:T:C	Benign	noncoding	0.02810584008693695	0.0942392349243164	0.010714352130889893	0.08138953894376755
chr20:4700654:C:G	Benign	noncoding	0.11084985733032227	0.15132218599319458	0.05954170227050781	0.33849650621414185
chr20:4700664:A:G	Benign	noncoding	0.059291303157806396	0.16032052040100098	0.03313004970550537	0.022834300994873047
chr20:4700679:A:G	Benign	noncoding	0.0885145366191864	0.08381018787622452	0.2328128218650818	0.005167603492736816
chr20:18548589:T:A	Benign	noncoding	0.030922234058380127	0.08317869901657104	0.02350771427154541	0.06445735692977905
chr20:18548592:G:A	Benign	noncoding	0.030950963497161865	0.07980716228485107	0.051921963691711426	0.0535091757774353
chr20:20026853:C:T	Pathogenic	coding	0.038280367851257324	0.0584293007850647	0.02412593364715576	0.06045585870742798
chr20:23635330:A:T	Pathogenic	coding	0.024932563304901123	0.08380144834518433	0.1247367113828659	0.26459142565727234
chr20:32215419:C:T	Pathogenic	other	0.12089014053344727	0.04981732368469238	0.046296149492263794	0.48228856921195984
chr20:32215468:C:T	Benign	noncoding	0.0362127423286438	0.02399533987045288	0.07430267333984375	0.06956934928894043
chr20:32428324:G:A	Pathogenic	noncoding	0.3542112708091736	0.15506523847579956	0.062130510807037354	0.12507590651512146
chr20:32434666:G:A	Benign	coding	0.05112391710281372	0.05856508016586304	0.01251143217086792	0.0735352635383606
chr20:32434700:G:A	Benign	coding	0.18726933002471924	0.10277456045150757	0.016092926263809204	0.07537832856178284
chr20:32437360:A:G	Benign	noncoding	0.024030327796936035	0.0014055371284484863	0.010326981544494629	0.0035666823387145996
chr20:32437428:T:C	Benign	noncoding	0.01769789680838585	0.08677050471305847	0.0328102707862854	0.070587158203125
chr20:32704020:C:T	Benign	noncoding	0.2187034785747528	0.11346107721328735	0.015313535928726196	0.03609621524810791
chr20:32781427:C:T	Benign	noncoding	0.1304323673248291	0.04571563005447388	0.04158547520637512	0.03435319662094116
chr20:32805997:T:C	Benign	noncoding	0.014987945556640625	0.0682220458984375	0.04405421018600464	0.13465529680252075
chr20:33811394:C:G	Benign	noncoding	0.03424888849258423	0.016994714736938477	0.023606866598129272	0.008014202117919922
chr20:33848546:G:A	Benign	coding	0.1443968117237091	0.04347661882638931	0.05792570114135742	0.10282027721405029
chr20:33853561:T:C	Benign	noncoding	0.09490931034088135	0.09710770845413208	0.017124950885772705	0.019583463668823242
chr20:34290848:C:T	Pathogenic	coding	0.014831483364105225	0.016509592533111572	0.02431267499923706	0.03469496965408325
chr20:35497793:G:A	Benign	coding	0.08678089082241058	0.10271689295768738	0.05748093128204346	0.11912065744400024
chr20:35497881:C:T	Benign	coding	0.08621673285961151	0.05157777667045593	0.031246066093444824	0.011569872498512268
chr20:35556978:G:A	Benign	coding	0.05567377805709839	0.07711078226566315	0.059572696685791016	0.45955386757850647
chr20:35652914:C:T	Benign	coding	0.06289011240005493	0.10525259375572205	0.01743417978286743	0.026625096797943115
chr20:35652946:C:A	Pathogenic	noncoding	0.04475587606430054	0.03253263235092163	0.051433265209198	0.24359166622161865
chr20:37198454:T:C	Benign	coding	0.10421723127365112	0.05796968936920166	0.03778034448623657	0.15457552671432495
chr20:37198506:C:T	Benign	noncoding	0.07745198905467987	0.07846018671989441	0.04327958822250366	0.05779612064361572
chr20:37232377:C:T	Benign	coding	0.05261161923408508	0.09327948093414307	0.01071217656135559	0.0779181718826294
chr20:37232385:C:T	Benign	coding	0.05783647298812866	0.08066043257713318	0.02084982395172119	0.30179205536842346
chr20:37234013:C:G	Benign	noncoding	0.10248038172721863	0.03991532325744629	0.02755904197692871	0.08207732439041138
chr20:37236651:C:T	Benign	coding	0.016116321086883545	0.022587105631828308	0.012286096811294556	0.023821871727705002
chr20:38517867:A:G	Benign	coding	0.07947136461734772	0.11130747199058533	0.011174142360687256	0.1525859832763672
chr20:41084482:C:T	Benign	coding	0.06600290536880493	0.06966057419776917	0.03583824634552002	0.16790521144866943
chr20:41084548:A:G	Benign	coding	0.15543657541275024	0.030885308980941772	0.014815568923950195	0.002507448196411133
chr20:41100127:G:A	Benign	coding	0.3246585726737976	0.040303558111190796	0.018313586711883545	0.32500898838043213
chr20:41101297:G:A	Pathogenic	coding	0.1690141260623932	0.17140990495681763	0.052990108728408813	0.34901177883148193
chr20:43681786:C:T	Benign	coding	0.11037397384643555	0.14969831705093384	0.07531484961509705	0.22478055953979492
chr20:45419293:A:G	Pathogenic	noncoding	0.09427648782730103	0.18241125345230103	0.07076472043991089	0.4491741359233856
chr20:45419334:G:A	Benign	coding	0.0799759030342102	0.20855307579040527	0.02036350965499878	0.12475210428237915
chr20:45897769:T:C	Pathogenic	coding	0.12832015752792358	0.0574684739112854	0.04940003156661987	0.018256306648254395
chr20:48952843:C:T	Pathogenic	other	0.08715897798538208	0.09365898370742798	0.03993779420852661	0.06117904186248779
chr20:50892933:T:C	Benign	coding	0.10503119230270386	0.09875953197479248	0.1163763701915741	0.18344397842884064
chr20:50893145:A:G	Benign	coding	0.08015686273574829	0.03345024585723877	0.10900050401687622	0.05914980173110962
chr20:50893377:C:T	Pathogenic	other	0.1364302784204483	0.12506097555160522	0.06708335876464844	0.9148491621017456
chr20:50893406:G:C	Benign	coding	0.06386292725801468	0.06131884455680847	0.0488775372505188	0.1076163649559021
chr20:50893580:A:C	Pathogenic	other	0.03796035051345825	0.03974461555480957	0.030841439962387085	0.175709068775177
chr20:50893580:A:G	Benign	coding	0.030727922916412354	0.05186742544174194	0.07395398616790771	0.09901762008666992
chr20:50893592:G:A	Benign	coding	0.035475313663482666	0.07986944913864136	0.10067221522331238	0.06259310245513916
chr20:50893612:G:A	Pathogenic	other	0.10076653957366943	0.05032259225845337	0.10452497005462646	0.17087650299072266
chr20:50893628:T:C	Benign	coding	0.016220688819885254	0.04380083084106445	0.06804049015045166	0.04870074987411499
chr20:50894352:A:T	Pathogenic	noncoding	0.03572019934654236	0.07583850622177124	0.03373831510543823	0.2632942497730255
chr20:50894423:A:G	Benign	coding	0.061400413513183594	0.09030851721763611	0.007141411304473877	0.09193170070648193
chr20:50935243:T:A	Benign	noncoding	0.04254251718521118	0.0227852463722229	0.029485702514648438	0.20748800039291382
chr20:56386407:T:C	Benign	coding	0.02303473651409149	0.02169392630457878	0.03743597865104675	0.014650316908955574
chr20:56386485:A:T	Benign	coding	0.006462752819061279	0.01832139492034912	0.021357595920562744	0.07289926707744598
chr20:57498588:C:T	Benign	coding	0.19293230772018433	0.0410190224647522	0.018956899642944336	0.2089674472808838
chr20:58450417:C:T	Benign	noncoding	0.08613783121109009	0.023366451263427734	0.04250556230545044	0.04130089282989502
chr20:58891727:A:G	Pathogenic	coding	0.21763241291046143	0.0728197991847992	0.009980857372283936	0.49799904227256775
chr20:58891727:A:T	Pathogenic	coding	0.07178574800491333	0.04413336515426636	0.0470370352268219	0.6551480293273926
chr20:58891728:T:C	Pathogenic	coding	0.1562696397304535	0.022775650024414062	0.12420910596847534	0.44294193387031555
chr20:58891729:G:A	Pathogenic	coding	0.29362839460372925	0.0437016487121582	0.00720331072807312	0.255556583404541
chr20:58891729:G:T	Pathogenic	coding	0.3146626055240631	0.06430023908615112	0.01025480031967163	0.5087491869926453
chr20:58891734:G:C	Pathogenic	coding	0.1906440258026123	0.04217526316642761	0.003378629684448242	0.058375388383865356
chr20:58891738:C:T	Benign	coding	0.20943349599838257	0.08159181475639343	0.015718519687652588	0.11509257555007935
chr20:58891760:C:T	Pathogenic	noncoding	0.16265763342380524	0.026471376419067383	0.015173196792602539	0.2588159441947937
chr20:58895611:G:C	Pathogenic	noncoding	0.19236066937446594	0.2268849015235901	0.07191842794418335	0.2837911546230316
chr20:58895629:A:G	Pathogenic	coding	0.08464089035987854	0.06852799654006958	0.07650819420814514	0.17167000472545624
chr20:58903530:G:A	Pathogenic	coding	0.18856006860733032	0.13148581981658936	0.06761214137077332	0.25636887550354004
chr20:58903544:A:T	Pathogenic	noncoding	0.06640717387199402	0.10258512198925018	0.037929028272628784	0.20274221897125244
chr20:58903550:C:T	Pathogenic	noncoding	0.14581412076950073	0.10032463073730469	0.042382240295410156	0.29080379009246826
chr20:58903569:T:C	Pathogenic	coding	0.1615487039089203	0.05732691287994385	0.0629342794418335	0.257053941488266
chr20:58903590:G:A	Pathogenic	noncoding	0.20858272910118103	0.030342131853103638	0.05360791087150574	0.13835731148719788
chr20:58910684:G:C	Pathogenic	coding	0.14282160997390747	0.1325834095478058	0.061564743518829346	0.24295353889465332
chr20:58910711:G:A	Pathogenic	coding	0.07774215936660767	0.0562264621257782	0.02400907874107361	0.2908555865287781
chr20:58910740:G:T	Pathogenic	coding	0.13357144594192505	0.23780348896980286	0.09403276443481445	0.11209040880203247
chr20:59030427:T:C	Pathogenic	coding	0.1111849844455719	0.07879984378814697	0.03447060286998749	0.1600019931793213
chr20:59032205:G:A	Benign	noncoding	0.02014671266078949	0.03778299689292908	0.03204718232154846	0.24174034595489502
chr20:59032258:G:C	Benign	noncoding	0.038745105266571045	0.08684325218200684	0.031199902296066284	0.015906870365142822
chr20:62160042:T:C	Benign	noncoding	0.003601446747779846	0.03734670579433441	0.03851419687271118	0.15060466527938843
chr20:62309357:G:A	Benign	coding	0.05937093496322632	0.036765217781066895	0.02249506115913391	0.10558050870895386
chr20:62309417:C:T	Benign	coding	0.04929924011230469	0.08143553137779236	0.045092761516571045	0.04711240530014038
chr20:62309427:C:T	Benign	coding	0.02210375666618347	0.09594513475894928	0.04264059662818909	0.1420843005180359
chr20:62309465:G:A	Benign	coding	0.011207014322280884	0.03506064414978027	0.018209800124168396	0.0818004310131073
chr20:62319222:C:T	Benign	noncoding	0.17324751615524292	0.024168431758880615	0.025322914123535156	0.05035197734832764
chr20:62322408:C:T	Benign	coding	0.12177571654319763	0.06889823079109192	0.03199809789657593	0.10399439930915833
chr20:62322431:C:T	Benign	coding	0.024229884147644043	0.0484883189201355	0.08824098110198975	0.07013005018234253
chr20:62322432:G:A	Benign	coding	0.04716867208480835	0.06002849340438843	0.03624734282493591	0.11630706489086151
chr20:63672269:T:G	Benign	noncoding	0.06058773398399353	0.13567137718200684	0.03336799144744873	0.13738557696342468
chr20:63742728:G:A	Benign	coding	0.02366584539413452	0.08563077449798584	0.012145459651947021	0.8323690891265869
chr20:63742759:G:C	Benign	coding	0.07221412658691406	0.036524295806884766	0.02830129861831665	0.09023410081863403
chr20:63932910:G:A	Benign	noncoding	0.18282535672187805	0.13753360509872437	0.11770930886268616	0.1489373743534088
chr20:63933001:G:A	Benign	noncoding	0.0608292818069458	0.03804084658622742	0.05367833375930786	0.08064880967140198
chr20:63934358:C:T	Benign	noncoding	0.02555447816848755	0.04382753372192383	0.047442078590393066	0.10018053650856018
chr20:63935238:A:G	Benign	noncoding	0.00404202938079834	0.020639419555664062	0.015775084495544434	0.017853811383247375
chr20:63981287:C:T	Benign	coding	0.05112349987030029	0.022139370441436768	0.04110869765281677	0.006038486957550049
chr20:63981322:G:A	Benign	noncoding	0.08649909496307373	0.05941647291183472	0.004442930221557617	0.12031829357147217
chr20:64026023:C:T	Benign	coding	0.09150594472885132	0.09024918079376221	0.024132132530212402	0.04868268966674805
chr20:64031987:G:A	Benign	coding	0.029679298400878906	0.12134450674057007	0.044791460037231445	0.040979087352752686
chr21:25880946:G:A	Benign	noncoding	0.04410320520401001	0.03941839933395386	0.01841682195663452	0.3612317144870758
chr21:29061555:C:T	Benign	coding	0.1732766330242157	0.03832143545150757	0.026351898908615112	0.020331114530563354
chr21:29326764:T:C	Benign	coding	0.04403379559516907	0.04648381471633911	0.02159053087234497	0.41395705938339233
chr21:31659779:A:G	Pathogenic	coding	0.21172554790973663	0.03396537899971008	0.006298154592514038	0.036214470863342285
chr21:31659782:G:A	Pathogenic	coding	0.07128782570362091	0.06329876184463501	0.009589672088623047	0.019548773765563965
chr21:31659782:G:T	Pathogenic	coding	0.15462660789489746	0.036150962114334106	0.006556332111358643	0.027700424194335938
chr21:31659783:C:T	Pathogenic	coding	0.24197381734848022	0.06511694192886353	0.016246825456619263	0.013842105865478516
chr21:31659788:T:A	Pathogenic	coding	0.3363319933414459	0.03022819757461548	0.09618699550628662	0.2092437744140625
chr21:31659789:G:T	Pathogenic	coding	0.2141415774822235	0.07375544309616089	0.013878941535949707	0.14474990963935852
chr21:31659801:G:C	Pathogenic	coding	0.11749684810638428	0.07881709933280945	0.03570720553398132	0.08001899719238281
chr21:31659818:G:A	Pathogenic	coding	0.11755621433258057	0.1134379506111145	0.007100462913513184	0.04861593246459961
chr21:31659831:T:G	Pathogenic	coding	0.2202148139476776	0.07656189799308777	0.010293573141098022	0.17557963728904724
chr21:31659833:G:A	Pathogenic	coding	0.2580711841583252	0.1113508939743042	0.03006434440612793	0.18868029117584229
chr21:31663841:G:A	Pathogenic	coding	0.06139814853668213	0.057916224002838135	0.026530802249908447	0.21914827823638916
chr21:31663842:G:A	Pathogenic	coding	0.023713648319244385	0.08488667011260986	0.025495409965515137	0.04951632022857666
chr21:31663848:A:G	Pathogenic	coding	0.07397282123565674	0.06714588403701782	0.037901222705841064	0.12537986040115356
chr21:31663854:T:G	Pathogenic	coding	0.09137654304504395	0.0450168251991272	0.031661391258239746	0.0845632553100586
chr21:31663857:A:G	Pathogenic	coding	0.02803659439086914	0.05560725927352905	0.026946425437927246	0.0650331974029541
chr21:31666429:T:C	Benign	noncoding	0.15718138217926025	0.15015166997909546	0.06807133555412292	0.13736885786056519
chr21:31666497:G:A	Pathogenic	coding	0.07870650291442871	0.07176917791366577	0.09276038408279419	0.08393281698226929
chr21:31668895:T:C	Benign	noncoding	0.036119431257247925	0.034031569957733154	0.070749431848526	0.1902579665184021
chr21:31692348:C:G	Pathogenic	noncoding	0.07816648483276367	0.0529446005821228	0.12095677852630615	0.3737483620643616
chr21:31701805:G:A	Pathogenic	other	0.054802536964416504	0.11920380592346191	0.020239830017089844	0.13495135307312012
chr21:32607716:G:T	Pathogenic	coding	0.17728900909423828	0.15273216366767883	0.010174691677093506	0.0006143450736999512
chr21:32607732:G:C	Benign	noncoding	0.22158598899841309	0.07387039065361023	0.02481013536453247	0.033764660358428955
chr21:33414987:C:G	Benign	coding	0.0762091875076294	0.0431111603975296	0.02109086513519287	0.11455351114273071
chr21:33415005:A:G	Benign	coding	0.04238889366388321	0.01581600308418274	0.013248741626739502	0.1646997332572937
chr21:33432890:C:T	Benign	noncoding	0.09788036346435547	0.01575624942779541	0.11471854150295258	0.15699028968811035
chr21:33543175:C:G	Benign	noncoding	0.02389627695083618	0.04086112976074219	0.04883064329624176	0.058067500591278076
chr21:33549618:T:A	Pathogenic	noncoding	0.33976149559020996	0.04367077350616455	0.03125107288360596	0.48206016421318054
chr21:33549625:C:T	Pathogenic	noncoding	0.08267676830291748	0.027031004428863525	0.044942498207092285	0.14478661119937897
chr21:33549634:G:T	Pathogenic	noncoding	0.11280745267868042	0.04399996995925903	0.018869757652282715	0.9209284782409668
chr21:33549650:C:T	Benign	coding	0.17425358295440674	0.06782525777816772	0.03011775016784668	0.35265517234802246
chr21:33549679:T:C	Benign	coding	0.11815710365772247	0.04705095291137695	0.02464240789413452	0.13876228034496307
chr21:33559727:A:G	Benign	coding	0.16758936643600464	0.16944116353988647	0.03665521740913391	0.48958855867385864
chr21:33559779:A:C	Benign	noncoding	0.07228833436965942	0.0787723958492279	0.03418391942977905	0.21026742458343506
chr21:34788516:T:C	Benign	noncoding	0.031074881553649902	0.1197500228881836	0.042359232902526855	0.18543237447738647
chr21:34788561:T:C	Benign	noncoding	0.04597464203834534	0.30694252252578735	0.020645618438720703	0.04343281686306
chr21:34788755:T:C	Benign	noncoding	0.05483955144882202	0.09130209684371948	0.026511549949645996	0.04157114028930664
chr21:34788790:T:A	Benign	noncoding	0.09738832712173462	0.15117226541042328	0.030627071857452393	0.11950966715812683
chr21:34789249:A:G	Benign	noncoding	0.14448511600494385	0.015210151672363281	0.009956777095794678	0.026892781257629395
chr21:34789295:T:A	Benign	noncoding	0.035684406757354736	0.01670384407043457	0.0019611120223999023	0.01566612720489502
chr21:34789365:G:C	Benign	noncoding	0.2490517497062683	0.3211078345775604	0.04706239700317383	0.5123072862625122
chr21:34789367:T:G	Benign	noncoding	0.1493988037109375	0.09669482707977295	0.10689431428909302	0.20303678512573242
chr21:34791452:C:A	Benign	noncoding	0.022154629230499268	0.002123415470123291	0.024578392505645752	0.01879274845123291
chr21:34791522:T:A	Benign	noncoding	0.1539272665977478	0.06372076272964478	0.09454476833343506	0.055851519107818604
chr21:34792438:G:T	Pathogenic	other	0.020552873611450195	0.08928358554840088	0.016513049602508545	0.2561873197555542
chr21:34792492:C:A	Benign	coding	0.05986785888671875	0.060564130544662476	0.036921918392181396	0.0751732587814331
chr21:34792492:C:G	Benign	coding	0.05604290962219238	0.049056023359298706	0.037869811058044434	0.04357337951660156
chr21:34792573:C:A	Benign	coding	0.04806405305862427	0.008276283740997314	0.022789597511291504	0.033853232860565186
chr21:34880642:C:T	Benign	coding	0.06602154672145844	0.0720052570104599	0.09404158592224121	0.0011441707611083984
chr21:34880643:G:T	Pathogenic	other	0.07601228356361389	0.046520113945007324	0.03666502237319946	0.012517968192696571
chr21:34880665:C:G	Pathogenic	coding	0.007147371768951416	0.040640443563461304	0.02286505699157715	0.0023089051246643066
chr21:34880714:C:A	Pathogenic	noncoding	0.06987029314041138	0.07395303249359131	0.15170341730117798	0.7728869915008545
chr21:34880714:C:T	Pathogenic	noncoding	0.033534713089466095	0.04693269729614258	0.07028752565383911	0.4486364424228668
chr21:37166228:G:T	Benign	coding	0.17620491981506348	0.06171557307243347	0.033877551555633545	0.22323542833328247
chr21:37367544:C:T	Benign	noncoding	0.06660360097885132	0.16836583614349365	0.04240298271179199	0.19144248962402344
chr21:37472761:A:T	Benign	coding	0.027866661548614502	0.04505640268325806	0.03130674362182617	0.1554018259048462
chr21:37472801:G:A	Benign	coding	0.04674375057220459	0.1309831142425537	0.03636282682418823	0.06291800737380981
chr21:37472807:A:T	Benign	coding	0.029382169246673584	0.03298668563365936	0.02973705530166626	0.04039740562438965
chr21:37472824:C:T	Pathogenic	other	0.10152432322502136	0.09132033586502075	0.021882057189941406	0.18459844589233398
chr21:37478241:A:G	Benign	coding	0.01558154821395874	0.1481902301311493	0.14407634735107422	0.04804867506027222
chr21:37478285:C:A	Pathogenic	other	0.08143645524978638	0.1823391616344452	0.049092620611190796	0.7154500484466553
chr21:37478285:C:G	Pathogenic	other	0.09063749015331268	0.2520391345024109	0.13613200187683105	0.7855202555656433
chr21:37478286:A:T	Pathogenic	other	0.0381857305765152	0.06644946336746216	0.06345489621162415	0.5211763978004456
chr21:37505578:C:G	Benign	coding	0.03218430280685425	0.09221148490905762	0.0638945996761322	0.11147910356521606
chr21:37505590:G:A	Pathogenic	noncoding	0.04047662019729614	0.09364762902259827	0.04732775688171387	0.05433446168899536
chr21:37511965:C:T	Pathogenic	noncoding	0.03501203656196594	0.028309941291809082	0.03389871120452881	0.49697166681289673
chr21:37511968:G:C	Benign	coding	0.05130714178085327	0.04445159435272217	0.09377387166023254	0.1426776647567749
chr21:37512026:A:G	Benign	coding	0.019208550453186035	0.031967759132385254	0.05317479372024536	0.0967170000076294
chr21:37512055:T:A	Benign	coding	0.01818007230758667	0.023684144020080566	0.015805602073669434	0.10018163919448853
chr21:37512096:T:A	Benign	coding	0.010413169860839844	0.03513708710670471	0.06542611122131348	0.171099454164505
chr21:37512130:A:G	Benign	coding	0.028649896383285522	0.0629134476184845	0.07204657793045044	0.14315861463546753
chr21:39264963:C:T	Benign	coding	0.04745440185070038	0.04452868551015854	0.05894079804420471	0.008905578404664993
chr21:39298565:A:G	Benign	coding	0.019329428672790527	0.06026703119277954	0.049848027527332306	0.06975245475769043
chr21:43734263:C:T	Benign	noncoding	0.12469542026519775	0.3571755886077881	0.03981056809425354	0.1261807680130005
chr21:43774128:A:G	Benign	noncoding	0.06566935777664185	0.23300673067569733	0.063711017370224	0.20633065700531006
chr21:43971470:C:A	Pathogenic	other	0.09444522857666016	0.05815476179122925	0.07999753952026367	0.21950846910476685
chr21:44314028:G:A	Benign	noncoding	0.027142047882080078	0.0295141339302063	0.03258252143859863	0.08226203918457031
chr21:45453154:T:C	Benign	noncoding	0.0005815029144287109	0.0007843375205993652	0.06594681739807129	0.0005205869674682617
chr21:45493056:T:A	Benign	noncoding	0.010909199714660645	0.03454631567001343	0.03817713260650635	0.04522024095058441
chr21:45493205:C:T	Pathogenic	other	0.011055171489715576	0.05325348675251007	0.014227539300918579	0.07046496868133545
chr21:45505849:G:A	Pathogenic	other	0.1007763147354126	0.08550500869750977	0.02704787254333496	0.35980987548828125
chr21:45505900:G:A	Pathogenic	other	0.05385690927505493	0.05646070837974548	0.028924763202667236	0.28920406103134155
chr21:45505922:G:T	Pathogenic	other	0.03681284189224243	0.041447192430496216	0.014490664005279541	0.07150983810424805
chr21:45506179:G:A	Benign	noncoding	0.09605711698532104	0.1380462497472763	0.06644794344902039	0.10968554019927979
chr21:45507498:A:T	Benign	noncoding	0.03630116581916809	0.048876941204071045	0.0512414276599884	0.08098861575126648
chr21:45507575:A:G	Benign	coding	0.03789752721786499	0.038953207433223724	0.030100971460342407	0.06590718030929565
chr21:45510881:C:T	Benign	noncoding	0.17977765202522278	0.3358246386051178	0.07836832106113434	0.09041070938110352
chr21:45510882:A:G	Benign	noncoding	0.18983003497123718	0.1424761712551117	0.08883839845657349	0.09910967946052551
chr21:45510939:A:G	Benign	noncoding	0.06538116931915283	0.008653581142425537	0.04929494857788086	0.04851871728897095
chr21:45511010:C:T	Benign	noncoding	0.00013315677642822266	0.0001462101936340332	0.00016003847122192383	0.00041496753692626953
chr21:45511014:C:G	Benign	noncoding	0.0005176663398742676	0.00040161609649658203	0.0013962388038635254	0.0011043548583984375
chr21:45511034:A:C	Benign	noncoding	0.0004849433898925781	0.00046193599700927734	0.0017805099487304688	0.0005110502243041992
chr21:45511070:C:A	Benign	noncoding	0.027421176433563232	0.04882293939590454	0.014566242694854736	0.06495076417922974
chr21:45512404:G:A	Benign	noncoding	0.06407581269741058	0.1032663881778717	0.01926562190055847	0.1674911081790924
chr21:45512414:G:A	Benign	noncoding	0.040521666407585144	0.10913810133934021	0.03056374192237854	0.23179320991039276
chr21:45512469:G:A	Benign	noncoding	0.03465849161148071	0.0766705870628357	0.03710871934890747	0.032837189733982086
chr21:46212970:A:G	Benign	noncoding	0.0050296783447265625	0.043842315673828125	0.012979567050933838	0.04024559259414673
chr21:46213005:C:T	Benign	noncoding	0.06911516189575195	0.04467439651489258	0.036682069301605225	0.03509366512298584
chr21:46222102:C:T	Benign	noncoding	0.1267731487751007	0.245799720287323	0.03092050552368164	0.08189062774181366
chr21:46222409:C:G	Benign	noncoding	0.022860869765281677	0.10555422306060791	0.03600338101387024	0.07392913103103638
chr21:46222483:C:T	Benign	noncoding	0.05454927682876587	0.08052772283554077	0.012841999530792236	0.049511849880218506
chr21:46222500:C:T	Benign	noncoding	0.006497859954833984	0.016212880611419678	0.018479347229003906	0.0802547037601471
chr21:46270420:A:C	Pathogenic	other	0.4012845754623413	0.14239832758903503	0.1393287479877472	0.0750206708908081
chr21:46270420:A:G	Pathogenic	coding	0.2803857922554016	0.11368811130523682	0.027611196041107178	0.07488435506820679
chr21:46270429:G:T	Pathogenic	coding	0.24945580959320068	0.1010090708732605	0.012721598148345947	0.04496335983276367
chr21:46270437:G:C	Pathogenic	other	0.06514114141464233	0.040127694606781006	0.0990247130393982	0.034877508878707886
chr21:46283735:G:A	Benign	coding	0.02353869006037712	0.04063691198825836	0.011034667491912842	0.08591771125793457
chr21:46283820:G:A	Benign	coding	0.09114882349967957	0.047078654170036316	0.006063342094421387	0.08590404689311981
chr21:46284982:G:A	Benign	coding	0.053663432598114014	0.11695563793182373	0.013607561588287354	0.13660842180252075
chr21:46285058:G:A	Pathogenic	other	0.06045717000961304	0.07854747772216797	0.0462070107460022	0.3456602692604065
chr21:46285071:T:C	Benign	coding	0.07556915283203125	0.0725051760673523	0.1880950927734375	0.14076310396194458
chr21:46285166:G:A	Pathogenic	other	0.12217375636100769	0.09994703531265259	0.020090878009796143	0.18499818444252014
chr21:46324213:G:T	Benign	noncoding	0.020951688289642334	0.026980549097061157	0.014882534742355347	0.09510621428489685
chr21:46346146:G:T	Pathogenic	other	0.07232755422592163	0.20170065760612488	0.04145887494087219	0.30361223220825195
chr21:46346199:T:G	Benign	coding	0.038665771484375	0.03643912076950073	0.08914333581924438	0.07829123735427856
chr21:46353753:A:T	Benign	noncoding	0.007332801818847656	0.0018023848533630371	0.12603628635406494	0.004336655139923096
chr21:46353755:A:T	Benign	noncoding	0.012583494186401367	0.004170894622802734	0.09112134575843811	0.007149994373321533
chr21:46366579:C:T	Benign	noncoding	0.351901650428772	0.16474157571792603	0.04992234706878662	0.20978140830993652
chr21:46366609:A:G	Benign	coding	0.11332008242607117	0.0704091489315033	0.003106534481048584	0.03560745716094971
chr21:46366627:G:T	Pathogenic	other	0.14895862340927124	0.12691032886505127	0.12850457429885864	0.10850632190704346
chr21:46366702:C:T	Pathogenic	other	0.19967138767242432	0.03261798620223999	0.06648552417755127	0.5723028182983398
chr21:46366705:C:T	Pathogenic	other	0.1546410322189331	0.14964476227760315	0.016359716653823853	0.4132726192474365
chr21:46398038:G:T	Pathogenic	other	0.07302767038345337	0.052244752645492554	0.03238171339035034	0.580622673034668
chr21:46398053:C:T	Pathogenic	other	0.06243443489074707	0.1004163920879364	0.04430386424064636	0.6022796034812927
chr21:46398089:C:T	Pathogenic	other	0.0808529257774353	0.10362523794174194	0.04731041193008423	0.7446027994155884
chr21:46411303:G:T	Pathogenic	other	0.21479514241218567	0.06115025281906128	0.009432792663574219	0.4902586042881012
chr21:46411321:C:T	Pathogenic	other	0.10497555136680603	0.13273924589157104	0.05205053091049194	0.4000096321105957
chr21:46427648:G:A	Pathogenic	other	0.013199292123317719	0.0735902413725853	0.0556025505065918	0.4279825687408447
chr21:46427654:G:A	Benign	coding	0.015937790274620056	0.07962927222251892	0.016591176390647888	0.10382789373397827
chr21:46427691:G:T	Pathogenic	other	0.05497962236404419	0.06052372604608536	0.021544406190514565	0.15627244114875793
chr21:46644495:C:T	Benign	noncoding	0.038630902767181396	0.07650011777877808	0.033161938190460205	0.08089303970336914
chr22:17592497:T:C	Benign	noncoding	0.08016720414161682	0.07551336288452148	0.01344078779220581	0.09958642721176147
chr22:17594514:T:C	Benign	noncoding	0.01854526996612549	0.04437476396560669	0.03863710165023804	0.010864496231079102
chr22:17594568:G:A	Benign	coding	0.007667183876037598	0.06922268867492676	0.04762393236160278	0.0008326172828674316
chr22:17600971:G:T	Benign	noncoding	0.2014610469341278	0.03484964370727539	0.041497647762298584	0.14636045694351196
chr22:17702357:G:T	Benign	coding	0.22329619526863098	0.05783486366271973	0.012550294399261475	0.11626535654067993
chr22:19176585:C:T	Pathogenic	coding	0.04550379514694214	0.036616623401641846	0.02551358938217163	0.037641048431396484
chr22:19383529:C:T	Benign	noncoding	0.13888677954673767	0.12407100200653076	0.04089003801345825	0.06513434648513794
chr22:19431570:A:G	Benign	noncoding	0.07971817255020142	0.08856719732284546	0.035317420959472656	0.08925133943557739
chr22:19435833:G:T	Benign	coding	0.05642294883728027	0.0806017816066742	0.023043453693389893	0.13905836641788483
chr22:19480194:C:T	Benign	coding	0.19871848821640015	0.11243760585784912	0.05148911476135254	0.06994181871414185
chr22:19482782:C:T	Benign	coding	0.09589499235153198	0.13606560230255127	0.05972003936767578	0.04315495491027832
chr22:19723410:C:G	Pathogenic	other	0.19484254717826843	0.11741682887077332	0.10541090369224548	0.0817585438489914
chr22:19724571:C:T	Benign	noncoding	0.0280340313911438	0.01597076654434204	0.01236724853515625	0.07648956775665283
chr22:19760789:G:C	Benign	noncoding	0.17548894882202148	0.08277001976966858	0.009675651788711548	0.02674233913421631
chr22:19761029:C:A	Pathogenic	other	0.05416679382324219	0.04743462800979614	0.02290436625480652	0.42994797229766846
chr22:19766124:C:G	Benign	noncoding	0.034061431884765625	0.036799073219299316	0.032271623611450195	0.05991828441619873
chr22:19877836:C:T	Benign	noncoding	0.06317749619483948	0.04945230484008789	0.03855666518211365	0.08291956782341003
chr22:19880391:C:A	Benign	noncoding	0.061504215002059937	0.20639200508594513	0.015647590160369873	0.16548052430152893
chr22:19918844:G:T	Benign	noncoding	0.09214627742767334	0.06540554761886597	0.015175402164459229	0.02084106206893921
chr22:19918847:G:A	Benign	noncoding	0.06230580806732178	0.10599017143249512	0.026835262775421143	0.027995169162750244
chr22:19918988:G:A	Benign	coding	0.02197444438934326	0.06974092125892639	0.041986316442489624	0.19363045692443848
chr22:19942028:A:G	Benign	noncoding	0.01886928081512451	0.09743422269821167	0.03158479928970337	0.11634659767150879
chr22:19962643:C:T	Benign	coding	0.21280106902122498	0.06996133923530579	0.04353165626525879	0.025884568691253662
chr22:19962712:C:T	Benign	coding	0.1551581621170044	0.042271554470062256	0.03743922710418701	0.025948554277420044
chr22:19962745:G:A	Benign	coding	0.13024389743804932	0.05425995588302612	0.010954797267913818	0.062381356954574585
chr22:19980457:C:T	Benign	noncoding	0.021762192249298096	0.09094613790512085	0.018294215202331543	0.08708155155181885
chr22:19981031:C:T	Benign	noncoding	0.03219783306121826	0.03041064739227295	0.04677629470825195	0.13188686966896057
chr22:19981074:C:T	Benign	noncoding	0.016700029373168945	0.04864099621772766	0.03771287202835083	0.06154251843690872
chr22:19982173:C:T	Benign	noncoding	0.06938496232032776	0.10416197776794434	0.05400094389915466	0.09753859043121338
chr22:19982202:G:A	Benign	noncoding	0.014108717441558838	0.07191061973571777	0.025628328323364258	0.0267411470413208
chr22:19990467:C:T	Benign	noncoding	0.06815063953399658	0.08408159017562866	0.016572847962379456	0.025256097316741943
chr22:20043493:G:C	Benign	noncoding	0.00974738597869873	0.05485641956329346	0.08876430988311768	0.030897974967956543
chr22:20043579:G:A	Benign	noncoding	0.09642183780670166	0.1285046935081482	0.12616294622421265	0.08503562211990356
chr22:20053570:G:T	Benign	noncoding	0.050644680857658386	0.03856849670410156	0.053842395544052124	0.05856645107269287
chr22:20061340:C:T	Benign	noncoding	0.2398137003183365	0.028824836015701294	0.024218082427978516	0.03959554433822632
chr22:20086407:C:T	Benign	coding	0.004688560962677002	0.1148567795753479	0.020465493202209473	0.16811078786849976
chr22:20126989:G:A	Benign	coding	0.05877828598022461	0.06127332150936127	0.06830698251724243	0.051201581954956055
chr22:20710913:A:G	Benign	noncoding	0.03369712829589844	0.03483220934867859	0.011546939611434937	0.07417664676904678
chr22:20710997:A:G	Benign	noncoding	0.003787711262702942	0.00514569878578186	0.01224413514137268	0.13988888263702393
chr22:20761255:C:A	Benign	noncoding	0.13172942399978638	0.09152376651763916	0.1043371856212616	0.14228582382202148
chr22:20807276:G:C	Benign	noncoding	0.014744788408279419	0.08419713377952576	0.03248065710067749	0.1272939145565033
chr22:20859092:C:T	Benign	noncoding	0.15534207224845886	0.05833101272583008	0.005236923694610596	0.054015398025512695
chr22:20859128:A:G	Benign	coding	0.18783366680145264	0.057072222232818604	0.027512937784194946	0.06282490491867065
chr22:20859182:T:A	Benign	coding	0.10212498903274536	0.07293850183486938	0.005645334720611572	0.18913915753364563
chr22:20859195:C:T	Pathogenic	other	0.1726083755493164	0.12643864750862122	0.14578929543495178	0.5950309038162231
chr22:20859249:C:T	Pathogenic	other	0.15017792582511902	0.1841070055961609	0.035302042961120605	0.16377156972885132
chr22:20870349:C:T	Pathogenic	other	0.10366475582122803	0.06976401805877686	0.017036378383636475	0.8928176164627075
chr22:20881080:C:T	Pathogenic	other	0.12411749362945557	0.03600895404815674	0.038750648498535156	0.18825286626815796
chr22:20887959:G:C	Benign	noncoding	0.012003958225250244	0.05407634377479553	0.04400914907455444	0.17686963081359863
chr22:20887974:C:T	Benign	noncoding	0.004188597202301025	0.039568983018398285	0.032694339752197266	0.013559818267822266
chr22:20889941:T:G	Benign	noncoding	0.012436747550964355	0.03765904903411865	0.11781853437423706	0.06514096260070801
chr22:20934128:G:A	Benign	coding	0.05803424119949341	0.08020448684692383	0.03492999076843262	0.1120954155921936
chr22:20994259:C:G	Pathogenic	other	0.012407839298248291	0.05133754014968872	0.04489415884017944	0.1079886257648468
chr22:20994266:A:T	Pathogenic	other	0.020809829235076904	0.033761635422706604	0.02073538303375244	0.15009737014770508
chr22:20995283:C:T	Benign	noncoding	0.03566509485244751	0.1129976361989975	0.03113114833831787	0.09922492504119873
chr22:20995693:C:G	Benign	noncoding	0.03422832489013672	0.12447375059127808	0.034893810749053955	0.12768223881721497
chr22:20995719:C:T	Benign	noncoding	0.02526336908340454	0.051684439182281494	0.010009050369262695	0.043592870235443115
chr22:21772876:G:A	Benign	coding	0.026352375745773315	0.07668177038431168	0.05141043663024902	0.0320127010345459
chr22:21772886:T:C	Pathogenic	coding	0.08553260564804077	0.09238287806510925	0.026595935225486755	0.023154914379119873
chr22:21799100:G:A	Pathogenic	coding	0.04078596830368042	0.10473227500915527	0.015556633472442627	0.1265583634376526
chr22:21806012:T:C	Benign	coding	0.03228837251663208	0.07490020990371704	0.01968204975128174	0.3026795983314514
chr22:22550068:T:C	Benign	coding	0.07023394107818604	0.12512794137001038	0.05942577123641968	0.868927001953125
chr22:26451983:G:A	Benign	noncoding	0.001613020896911621	0.07147812843322754	0.07740050554275513	0.13019219040870667
chr22:26466187:C:A	Benign	noncoding	0.37437066435813904	0.11288657784461975	0.053212933242321014	0.04381299018859863
chr22:26466246:T:C	Benign	coding	0.0830395519733429	0.06736612319946289	0.03998127579689026	0.013186395168304443
chr22:26672088:A:T	Benign	other	0.0035289525985717773	0.08427941799163818	0.01399463415145874	0.0038211941719055176
chr22:26672189:C:T	Benign	other	2.2649765014648438e-06	0.05496317148208618	0.11218509078025818	0.001691281795501709
chr22:28724994:G:C	Pathogenic	noncoding	0.008936133235692978	0.016947120428085327	0.11676764488220215	0.029431506991386414
chr22:28724994:G:T	Pathogenic	noncoding	0.13706456124782562	0.14316657185554504	0.07196056842803955	0.47716224193573
chr22:28724999:T:G	Benign	coding	0.0032100826501846313	0.04888898879289627	0.006665587425231934	0.01669895648956299
chr22:28725021:A:T	Pathogenic	noncoding	0.011816518381237984	0.038386888802051544	0.03171011805534363	0.11614708602428436
chr22:28725022:A:G	Benign	coding	0.005636528134346008	0.01963205263018608	0.03988063335418701	0.012556865811347961
chr22:28725029:G:C	Benign	coding	0.002690732479095459	0.03984072804450989	0.031559914350509644	0.004276499152183533
chr22:28725040:T:A	Pathogenic	noncoding	0.01910454034805298	0.06234520673751831	0.02112862467765808	0.12811556458473206
chr22:28725052:C:A	Pathogenic	noncoding	0.08258038759231567	0.08634239435195923	0.019540101289749146	0.004228055477142334
chr22:28725068:T:C	Benign	coding	0.003533709794282913	0.017100274562835693	0.010212719440460205	0.0018219351768493652
chr22:28725083:A:G	Benign	coding	0.00914531946182251	0.024317622184753418	0.03549540042877197	0.04663601517677307
chr22:28725092:G:T	Pathogenic	noncoding	0.024396836757659912	0.0616113543510437	0.013543814420700073	0.47260192036628723
chr22:28725101:G:T	Pathogenic	noncoding	0.03458946943283081	0.051305174827575684	0.019225090742111206	0.28207582235336304
chr22:28725104:A:T	Benign	coding	0.07371145486831665	0.04588449001312256	0.041827112436294556	0.03579268604516983
chr22:29273659:G:C	Benign	noncoding	0.06327426433563232	0.04297816753387451	0.03431767225265503	0.08167827129364014
chr22:29273704:T:C	Benign	noncoding	0.057017505168914795	0.024295300245285034	0.08546401560306549	0.01620382070541382
chr22:29273723:C:G	Benign	noncoding	0.13161957263946533	0.031003713607788086	0.010703951120376587	0.05229157209396362
chr22:29286914:C:G	Benign	noncoding	0.12927567958831787	0.10074043273925781	0.07212239503860474	0.12560713291168213
chr22:29286941:G:A	Benign	coding	0.1506357192993164	0.09021615982055664	0.04702579975128174	0.16945332288742065
chr22:29287109:A:G	Benign	coding	0.03405758738517761	0.06061524152755737	0.034049421548843384	0.07194995880126953
chr22:29299771:C:T	Benign	coding	0.05162203311920166	0.014240145683288574	0.012854397296905518	0.11656886339187622
chr22:29358821:A:G	Pathogenic	coding	0.14205333590507507	0.028811782598495483	0.07977092266082764	0.14913535118103027
chr22:29696072:T:C	Benign	noncoding	0.031005024909973145	0.04034066200256348	0.016713619232177734	0.036064207553863525
chr22:30577088:C:T	Benign	coding	0.1746085286140442	0.05192267894744873	0.024791747331619263	0.00016301870346069336
chr22:32498233:C:T	Benign	coding	0.03227028250694275	0.06965851783752441	0.011626839637756348	0.06606894731521606
chr22:32498305:T:A	Pathogenic	other	0.034644871950149536	0.07268720865249634	0.03158345818519592	0.37583988904953003
chr22:32498369:G:T	Pathogenic	other	0.056677669286727905	0.08254724740982056	0.08883821964263916	0.2829700708389282
chr22:32498453:C:T	Pathogenic	other	0.10386800765991211	0.10780572891235352	0.03767961263656616	0.6454718708992004
chr22:32860619:G:A	Benign	noncoding	0.10337939858436584	0.03381580114364624	0.10024863481521606	0.09819412231445312
chr22:32862230:G:A	Benign	noncoding	0.09750628471374512	0.07940083742141724	0.07257091999053955	0.474734365940094
chr22:32862301:T:C	Benign	noncoding	0.14549070596694946	0.06737750768661499	0.022658705711364746	0.04114687442779541
chr22:32862461:T:C	Benign	noncoding	0.14197994768619537	0.07039004564285278	0.02189996838569641	0.04679563641548157
chr22:32862534:T:C	Benign	noncoding	0.10375115275382996	0.07893532514572144	0.01868891716003418	0.23140668869018555
chr22:36281354:G:A	Benign	noncoding	0.15429982542991638	0.10288631916046143	0.05141535401344299	0.10722404718399048
chr22:36281868:A:G	Benign	noncoding	0.07333061099052429	0.09681299328804016	0.03845605254173279	0.023636430501937866
chr22:36282407:C:G	Benign	noncoding	0.059492141008377075	0.0893455296754837	0.07793661952018738	0.7120175957679749
chr22:36282430:C:A	Benign	noncoding	0.2644433379173279	0.10518020391464233	0.08369967341423035	0.309299111366272
chr22:36282531:G:T	Benign	noncoding	0.08987897634506226	0.09391415119171143	0.004458367824554443	0.026805907487869263
chr22:36282532:G:T	Benign	noncoding	0.16065576672554016	0.08975589275360107	0.01272246241569519	0.029571831226348877
chr22:36285117:G:C	Benign	noncoding	0.08014926314353943	0.15848085284233093	0.05704870820045471	0.6048316359519958
chr22:36285129:G:A	Benign	coding	0.0939624160528183	0.07519841194152832	0.02804313600063324	0.04521989822387695
chr22:36285198:C:T	Benign	coding	0.06730276346206665	0.04908818006515503	0.05300021171569824	0.10032719373703003
chr22:36285288:G:A	Benign	coding	0.10135036706924438	0.023911863565444946	0.03142827749252319	0.1135362982749939
chr22:36285698:G:A	Benign	coding	0.2132931649684906	0.025227069854736328	0.02123311161994934	0.003758549690246582
chr22:36286721:C:T	Benign	coding	0.11309832334518433	0.09881258010864258	0.02135932445526123	0.005618035793304443
chr22:36288285:C:T	Benign	coding	0.3097020387649536	0.02695775032043457	0.009473055601119995	0.08959388732910156
chr22:36288286:C:T	Benign	coding	0.07311457395553589	0.05595684051513672	0.016380906105041504	0.07669776678085327
chr22:36288300:C:T	Benign	coding	0.07547473907470703	0.11770874261856079	0.007988065481185913	0.10740840435028076
chr22:36288308:T:C	Benign	coding	0.12785488367080688	0.07440024614334106	0.004908144474029541	0.09280234575271606
chr22:36288312:C:A	Benign	coding	0.07390338182449341	0.02904847264289856	0.010826945304870605	0.04400855302810669
chr22:36288934:G:A	Benign	coding	0.07078486680984497	0.1090061217546463	0.02372920513153076	0.10626120120286942
chr22:36289096:C:A	Pathogenic	coding	0.11350998282432556	0.08518475294113159	0.012623846530914307	0.03689920902252197
chr22:36289146:T:C	Benign	coding	0.1316744089126587	0.11878806352615356	0.05681467056274414	0.05504521727561951
chr22:36289250:G:A	Benign	coding	0.4370093047618866	0.06963413953781128	0.030987977981567383	0.06651461124420166
chr22:36293346:C:T	Benign	coding	0.049353599548339844	0.04486694931983948	0.06275221705436707	0.05199366807937622
chr22:36293379:C:T	Benign	coding	0.10912245512008667	0.08249682188034058	0.04603379964828491	0.03328510373830795
chr22:36295702:A:G	Benign	coding	0.06590186059474945	0.04033532738685608	0.06841197609901428	0.09579479694366455
chr22:36296956:C:A	Benign	coding	0.04930144548416138	0.027900874614715576	0.009883642196655273	0.036841750144958496
chr22:36298908:C:G	Benign	noncoding	0.13666385412216187	0.06865668296813965	0.010437875986099243	0.013444185256958008
chr22:36298951:T:C	Benign	coding	0.04727375507354736	0.03808054327964783	0.0053730309009552	0.050314515829086304
chr22:36305099:A:C	Pathogenic	other	0.18753349781036377	0.10708048939704895	0.047349631786346436	0.1038619875907898
chr22:36519417:A:G	Benign	coding	0.10179874300956726	0.02648395299911499	0.019362539052963257	0.08345305919647217
chr22:37226775:A:G	Benign	coding	0.014456555247306824	0.175132155418396	0.03309217095375061	0.05360502004623413
chr22:37228009:T:C	Benign	noncoding	0.050667643547058105	0.07812437415122986	0.050758302211761475	0.054114580154418945
chr22:37568224:T:C	Benign	coding	0.07244873046875	0.03544241189956665	0.014915049076080322	0.1526486873626709
chr22:37875900:A:G	Benign	coding	0.07557868957519531	0.028788745403289795	0.02826058864593506	0.557589590549469
chr22:38498084:C:T	Pathogenic	noncoding	0.10356658697128296	0.1792079210281372	0.013891488313674927	0.6715869307518005
chr22:39522044:C:T	Benign	coding	0.07774829864501953	0.05433332920074463	0.014252781867980957	0.05584651231765747
chr22:39522146:C:T	Benign	coding	0.053292930126190186	0.01795656979084015	0.01812225580215454	0.21709881722927094
chr22:39522147:G:A	Benign	coding	0.07694512605667114	0.015668272972106934	0.01792168617248535	0.10604949295520782
chr22:40261837:G:T	Pathogenic	other	0.03620481491088867	0.05072599649429321	0.11111938953399658	0.13163232803344727
chr22:40827202:T:C	Benign	coding	0.11257010698318481	0.11376404762268066	0.011196792125701904	0.02459132671356201
chr22:41149866:C:T	Pathogenic	other	0.04954349994659424	0.05346399545669556	0.0059601664543151855	0.0650678277015686
chr22:41149886:A:G	Benign	coding	0.04364293813705444	0.04795259237289429	0.015013575553894043	0.09226459264755249
chr22:41149901:C:T	Benign	coding	0.02589482069015503	0.03125637769699097	0.002443969249725342	0.03480958938598633
chr22:41149949:A:G	Benign	coding	0.04724550247192383	0.039275944232940674	0.031624555587768555	0.05470240116119385
chr22:41149954:C:T	Benign	coding	0.11711442470550537	0.024226248264312744	0.008527874946594238	0.5071669816970825
chr22:41149957:T:C	Benign	coding	0.07458275556564331	0.035949528217315674	0.008182287216186523	0.08000725507736206
chr22:41150003:G:C	Benign	coding	0.0463826060295105	0.045321494340896606	0.010109901428222656	0.004178106784820557
chr22:41150057:A:G	Benign	coding	0.028217732906341553	0.014187633991241455	0.012896239757537842	0.7603173851966858
chr22:41150115:C:T	Pathogenic	other	0.04176020622253418	0.015428662300109863	0.005477428436279297	0.6751201152801514
chr22:41150117:G:T	Benign	coding	0.06773269176483154	0.08753901720046997	0.018831253051757812	0.9583518505096436
chr22:41150127:T:A	Benign	coding	0.07477962970733643	0.02634984254837036	0.023282170295715332	0.06783973425626755
chr22:41150130:C:T	Pathogenic	other	0.09537267684936523	0.03530919551849365	0.014148950576782227	0.4483445882797241
chr22:41154986:T:C	Benign	noncoding	0.11671358346939087	0.1776854395866394	0.03546488285064697	0.26081544160842896
chr22:41155014:A:G	Benign	coding	0.11033166944980621	0.05219511687755585	0.0092276930809021	0.08185404539108276
chr22:41155015:C:T	Pathogenic	other	0.07285827398300171	0.031238973140716553	0.0020496249198913574	0.3505038619041443
chr22:41155018:C:T	Pathogenic	other	0.07378154993057251	0.04761618375778198	0.007069110870361328	0.1295974850654602
chr22:41155035:T:A	Benign	coding	0.37138107419013977	0.04142257571220398	0.018501251935958862	0.0448337197303772
chr22:41178686:C:G	Benign	coding	0.024478256702423096	0.030604839324951172	0.010837554931640625	0.015070319175720215
chr22:41178722:A:G	Benign	coding	0.07930600643157959	0.03429436683654785	0.018378615379333496	0.0058051347732543945
chr22:41178785:C:T	Benign	coding	0.04367494583129883	0.055268675088882446	0.016779720783233643	0.04381994158029556
chr22:41178792:C:T	Pathogenic	other	0.052675485610961914	0.04999043047428131	0.13047093152999878	0.9222304224967957
chr22:41178817:A:G	Benign	coding	0.026517271995544434	0.14419221878051758	0.025431185960769653	0.2369791865348816
chr22:41515516:G:A	Pathogenic	other	0.02350407838821411	0.10853910446166992	0.0059236884117126465	0.20657169818878174
chr22:41515521:C:T	Benign	coding	0.032217562198638916	0.04043114185333252	0.0261152982711792	0.06463456153869629
chr22:41528022:G:C	Pathogenic	coding	0.23331987857818604	0.10742691159248352	0.03539919853210449	0.8133014440536499
chr22:41866943:T:C	Benign	coding	0.012272477149963379	0.05290898680686951	0.013141155242919922	0.0734606385231018
chr22:41867108:C:A	Benign	coding	0.09762239456176758	0.014890611171722412	0.005118966102600098	0.03391009569168091
chr22:41878030:G:T	Benign	coding	0.06644493341445923	0.20777273178100586	0.09254369139671326	0.1716853529214859
chr22:41905708:T:C	Benign	noncoding	0.029632568359375	0.03744399547576904	0.004427850246429443	0.09632393717765808
chr22:41905744:A:G	Benign	noncoding	0.05893254280090332	0.13147489726543427	0.018770158290863037	0.11355522274971008
chr22:42087042:T:G	Benign	noncoding	0.05190923810005188	0.039006590843200684	0.012970104813575745	0.07457264512777328
chr22:42087124:C:G	Pathogenic	coding	0.05230468511581421	0.07127386331558228	0.08786648511886597	0.006368696689605713
chr22:42619486:G:T	Benign	noncoding	0.09022241830825806	0.04067516326904297	0.029767155647277832	0.09011059999465942
chr22:42619710:T:C	Benign	noncoding	0.07267290353775024	0.026607275009155273	0.014971494674682617	0.017187297344207764
chrX:1387425:C:G	Benign	noncoding	0.010581478476524353	0.047065168619155884	0.040113598108291626	0.1689516305923462
chrX:11298569:C:A	Pathogenic	coding	0.0314784049987793	0.07916556298732758	0.020261764526367188	0.09113621711730957
chrX:11298570:C:T	Pathogenic	coding	0.020653188228607178	0.056974709033966064	0.034268707036972046	0.07974693179130554
chrX:11298622:C:T	Benign	coding	0.10600334405899048	0.027354776859283447	0.0170404314994812	0.17501264810562134
chrX:11298739:C:A	Benign	coding	0.009776651859283447	0.00914013385772705	0.050229668617248535	0.09588992595672607
chrX:11298839:G:T	Benign	coding	0.010396182537078857	0.013946831226348877	0.01888751983642578	0.03457576036453247
chrX:11298877:G:A	Benign	coding	0.0053708553314208984	0.011089563369750977	0.030888617038726807	0.10115227103233337
chrX:11762211:C:T	Pathogenic	other	0.29241058230400085	0.09312963485717773	0.0080186128616333	0.09414683282375336
chrX:11762855:C:T	Pathogenic	other	0.11962053179740906	0.08596731722354889	0.007392823696136475	0.36929798126220703
chrX:13712372:G:A	Benign	noncoding	0.029918938875198364	0.048644423484802246	0.01794511079788208	0.009725213050842285
chrX:13712444:T:C	Benign	noncoding	0.29659390449523926	0.054829344153404236	0.034007519483566284	0.45574432611465454
chrX:13714105:T:C	Benign	noncoding	0.03899867832660675	0.022510409355163574	0.18006184697151184	0.04879927635192871
chrX:13747004:G:A	Benign	noncoding	0.13100391626358032	0.045626670122146606	0.017384588718414307	0.09985046088695526
chrX:15397459:A:G	Benign	coding	0.0671151876449585	0.09488876163959503	0.045833587646484375	0.018689095973968506
chrX:19350036:C:A	Benign	coding	0.038302063941955566	0.2886171340942383	0.042890965938568115	0.2536394000053406
chrX:19350036:C:T	Pathogenic	other	0.04477745294570923	0.24350106716156006	0.061163365840911865	0.3710240125656128
chrX:19350043:A:C	Pathogenic	coding	0.1778343915939331	0.08151954412460327	0.019551634788513184	0.14010624587535858
chrX:19350044:G:T	Pathogenic	coding	0.09669679403305054	0.11356920003890991	0.0444527268409729	0.14270196855068207
chrX:19350080:T:G	Pathogenic	coding	0.008342266082763672	0.04847666621208191	0.050652116537094116	0.052782416343688965
chrX:19350081:C:A	Pathogenic	coding	0.07030493021011353	0.03446441888809204	0.014471471309661865	0.06774735450744629
chrX:19350081:C:T	Pathogenic	coding	0.07301938533782959	0.08490890264511108	0.05856424570083618	0.1668679118156433
chrX:19350122:G:A	Benign	noncoding	0.030208945274353027	0.0747942328453064	0.013324379920959473	0.010161995887756348
chrX:19351270:C:T	Benign	coding	0.13056299090385437	0.050130635499954224	0.04761505126953125	0.04311567544937134
chrX:19351279:A:G	Pathogenic	coding	0.06650203466415405	0.03210616111755371	0.05275297164916992	0.43368270993232727
chrX:19351280:G:A	Pathogenic	coding	0.19579729437828064	0.07711923122406006	0.06262360513210297	0.5815590620040894
chrX:19351291:G:T	Pathogenic	coding	0.08060941100120544	0.09291303157806396	0.07558873295783997	0.10840624570846558
chrX:19351316:C:T	Benign	coding	0.02792590856552124	0.04256287217140198	0.03357687592506409	0.040088117122650146
chrX:19351318:C:A	Pathogenic	coding	0.07461816072463989	0.024674832820892334	0.0395929217338562	0.03029865026473999
chrX:19354461:G:A	Pathogenic	noncoding	0.06677824258804321	0.034944117069244385	0.055866092443466187	0.013274848461151123
chrX:19354491:G:C	Pathogenic	coding	0.01970498263835907	0.04784967005252838	0.06031608581542969	0.48235443234443665
chrX:19354495:C:T	Pathogenic	coding	0.1754755675792694	0.06379693746566772	0.18820202350616455	0.06007719039916992
chrX:19354503:G:A	Pathogenic	coding	0.015177503228187561	0.09442421793937683	0.02753409743309021	0.062471210956573486
chrX:19354510:T:C	Pathogenic	coding	0.03759623318910599	0.059915781021118164	0.08326102048158646	0.1132500171661377
chrX:19354522:G:A	Pathogenic	coding	0.04875954985618591	0.034447550773620605	0.03425481915473938	0.11169081926345825
chrX:19354542:G:A	Pathogenic	coding	0.10808821022510529	0.029646046459674835	0.044321209192276	0.017414987087249756
chrX:19355709:C:A	Pathogenic	other	0.010435998439788818	0.06043881177902222	0.02305924892425537	0.058895766735076904
chrX:19355713:C:G	Pathogenic	coding	0.039936602115631104	0.10890263319015503	0.03716474771499634	0.093517005443573
chrX:19355713:C:T	Pathogenic	other	0.012252330780029297	0.022783219814300537	0.030521154403686523	0.1200905442237854
chrX:19355714:G:A	Pathogenic	coding	0.0932127833366394	0.04520159959793091	0.02293252944946289	0.06883811950683594
chrX:19355721:A:G	Benign	coding	0.02009981870651245	0.07058238983154297	0.013165533542633057	0.12176728248596191
chrX:19355758:G:A	Pathogenic	noncoding	0.09905117750167847	0.10101616382598877	0.022031128406524658	0.3267289400100708
chrX:19355759:T:C	Pathogenic	noncoding	0.17157328128814697	0.10149863362312317	0.037040114402770996	0.2988145351409912
chrX:19355772:C:T	Benign	noncoding	0.14947307109832764	0.05233943462371826	0.07786190509796143	0.034672677516937256
chrX:19357638:C:T	Benign	noncoding	0.08280022442340851	0.08203139901161194	0.05004507303237915	0.2921653687953949
chrX:19357651:G:A	Pathogenic	noncoding	0.09496349096298218	0.09756162762641907	0.04886259138584137	0.052119724452495575
chrX:19357664:A:C	Benign	coding	0.11615653336048126	0.11507219076156616	0.0158843994140625	0.11455972492694855
chrX:19357664:A:G	Pathogenic	coding	0.0374872162938118	0.059558987617492676	0.05111256241798401	0.05271881818771362
chrX:19357665:T:G	Pathogenic	coding	0.060026004910469055	0.057963669300079346	0.025730371475219727	0.02596905827522278
chrX:19357667:G:A	Pathogenic	coding	0.08946222066879272	0.08239209651947021	0.06848013401031494	0.025142818689346313
chrX:19357673:C:T	Pathogenic	other	0.05636349320411682	0.09108906984329224	0.04656928777694702	0.10184118896722794
chrX:19357682:C:A	Pathogenic	coding	0.05749320983886719	0.04303014278411865	0.043807387351989746	0.2137722373008728
chrX:19357683:G:A	Pathogenic	coding	0.19498440623283386	0.040647029876708984	0.03355243802070618	0.030107736587524414
chrX:19357695:A:T	Pathogenic	coding	0.03262484073638916	0.07252821326255798	0.028492718935012817	0.013462543487548828
chrX:19357703:A:G	Pathogenic	coding	0.04183661937713623	0.08142507076263428	0.027174174785614014	0.07245546579360962
chrX:19357706:G:A	Pathogenic	coding	0.03195840120315552	0.08938866853713989	0.04130968451499939	0.03625643253326416
chrX:19357708:C:G	Pathogenic	coding	0.0744360089302063	0.07223337888717651	0.03484347462654114	0.031838297843933105
chrX:19357713:G:A	Pathogenic	coding	0.15333425998687744	0.043443381786346436	0.05142158269882202	0.023225605487823486
chrX:19357720:G:C	Pathogenic	noncoding	0.24032893776893616	0.13144147396087646	0.05541005730628967	0.6107698678970337
chrX:19357721:T:A	Pathogenic	noncoding	0.14332425594329834	0.10408461093902588	0.029450535774230957	0.44047391414642334
chrX:19357729:T:C	Benign	noncoding	0.03153178095817566	0.08041197061538696	0.025243759155273438	0.042509496212005615
chrX:19357731:G:A	Benign	noncoding	0.00543367862701416	0.030726969242095947	0.027721643447875977	0.014195144176483154
chrX:19357737:G:A	Benign	noncoding	0.11045116186141968	0.05967402458190918	0.036104679107666016	0.022225618362426758
chrX:19359763:C:T	Benign	noncoding	0.030787602066993713	0.06515705585479736	0.06839412450790405	0.06030380725860596
chrX:20130537:A:G	Benign	coding	0.028140664100646973	0.13088831305503845	0.02595067024230957	0.00969994068145752
chrX:20155479:C:T	Benign	coding	0.0674561858177185	0.1151847243309021	0.05447489023208618	0.14952737092971802
chrX:21845394:G:A	Benign	noncoding	0.013166189193725586	0.014362715184688568	0.023622162640094757	0.013720929622650146
chrX:21845402:G:A	Benign	noncoding	0.007615119218826294	0.0803159773349762	0.01592075824737549	0.013593420386314392
chrX:21978864:A:C	Pathogenic	noncoding	0.04494059085845947	0.026684068143367767	0.025183767080307007	0.6328756213188171
chrX:24064228:T:C	Pathogenic	coding	0.10738274455070496	0.07594716548919678	0.04421505331993103	0.24183914065361023
chrX:24810754:A:G	Benign	coding	0.08502095937728882	0.12484294176101685	0.0685180127620697	0.011448264122009277
chrX:24821487:A:G	Benign	coding	0.023303508758544922	0.04293408989906311	0.01504659652709961	0.03365433216094971
chrX:24821538:C:G	Benign	coding	0.0056335702538490295	0.0187799334526062	0.01721331477165222	0.13414466381072998
chrX:37686111:C:T	Benign	coding	0.06772473454475403	0.0804797112941742	0.013358235359191895	0.017214208841323853
chrX:37694437:C:T	Pathogenic	other	0.005135733634233475	0.0035969167947769165	0.10159951448440552	0.0029668863862752914
chrX:37694457:G:A	Benign	coding	0.007366906851530075	0.00666353665292263	0.04426461458206177	0.014533814042806625
chrX:37694532:C:T	Benign	coding	0.019193172454833984	0.07679706811904907	0.05367910861968994	0.04571858048439026
chrX:37694549:G:A	Pathogenic	noncoding	0.03150224685668945	0.10475510358810425	0.021938830614089966	0.009489305317401886
chrX:37727892:C:G	Benign	coding	0.023081183433532715	0.12027174234390259	0.04686629772186279	0.1357993483543396
chrX:40062857:G:A	Benign	coding	0.10792475938796997	0.02836054563522339	0.045934081077575684	0.7831831574440002
chrX:40062911:G:A	Benign	coding	0.22757303714752197	0.12105324864387512	0.011308133602142334	0.6879351139068604
chrX:40062945:T:C	Benign	coding	0.0896652340888977	0.04713493585586548	0.007093906402587891	0.4034059941768646
chrX:40071132:C:A	Pathogenic	other	0.070076584815979	0.1408449411392212	0.042864710092544556	0.23364895582199097
chrX:40071172:C:T	Benign	noncoding	0.08141040802001953	0.04763591289520264	0.028688788414001465	0.04552757740020752
chrX:40071652:G:A	Benign	coding	0.061494529247283936	0.060210712254047394	0.024441823363304138	0.12699425220489502
chrX:40074570:G:T	Pathogenic	other	0.0500912070274353	0.029446721076965332	0.01670980453491211	0.049143970012664795
chrX:40600788:T:C	Benign	coding	0.021512985229492188	0.03232365846633911	0.031640052795410156	0.10397496819496155
chrX:41170104:C:T	Pathogenic	other	0.13037419319152832	0.16189324855804443	0.10774394869804382	0.6038833260536194
chrX:41223195:C:T	Benign	noncoding	0.013715624809265137	0.0020189285278320312	0.014231085777282715	0.007274806499481201
chrX:41232395:T:C	Benign	coding	0.07267415523529053	0.10568070411682129	0.005063652992248535	0.07995212078094482
chrX:41232688:A:G	Benign	noncoding	0.04277592897415161	0.11531573534011841	0.0395737886428833	0.12965576350688934
chrX:41334492:C:T	Benign	noncoding	0.15013912320137024	0.06486636400222778	0.05501642823219299	0.06572180986404419
chrX:41334493:C:T	Benign	noncoding	0.08750766515731812	0.034217312932014465	0.05873072147369385	0.06938979029655457
chrX:41345183:C:G	Pathogenic	other	0.010721378028392792	0.016089975833892822	0.06780382990837097	0.2654629349708557
chrX:41346342:C:G	Pathogenic	coding	0.19631463289260864	0.06670486927032471	0.0617716908454895	0.13197267055511475
chrX:41346342:C:T	Pathogenic	other	0.19584602117538452	0.05337023735046387	0.10416713356971741	0.22776374220848083
chrX:41346352:G:C	Pathogenic	coding	0.3065727949142456	0.17177337408065796	0.042040467262268066	0.15397757291793823
chrX:41346361:C:A	Pathogenic	coding	0.06738270819187164	0.040473729372024536	0.05546867847442627	0.042051851749420166
chrX:41346376:G:C	Pathogenic	coding	0.07668560743331909	0.09904693067073822	0.0704771876335144	0.5399771928787231
chrX:41346379:C:A	Pathogenic	other	0.17089203000068665	0.06947200000286102	0.02325671911239624	0.29409369826316833
chrX:41346406:C:T	Pathogenic	coding	0.11992800235748291	0.14622138440608978	0.055714160203933716	0.2735167145729065
chrX:45059048:T:C	Benign	coding	0.0027387710288167	0.09395524859428406	0.029288120567798615	0.17174875736236572
chrX:45069729:C:T	Pathogenic	other	0.06914928555488586	0.04790157079696655	0.02664843201637268	0.07177466154098511
chrX:45069783:C:T	Pathogenic	other	0.0700235366821289	0.04848968982696533	0.018029749393463135	0.2727845013141632
chrX:45069828:T:C	Benign	coding	0.05306828022003174	0.12637510895729065	0.05231967568397522	0.09810452163219452
chrX:45069832:C:A	Benign	coding	0.03151892125606537	0.131072998046875	0.031889259815216064	0.1372954249382019
chrX:47181214:G:A	Pathogenic	noncoding	0.10482072830200195	0.05870240926742554	0.021078765392303467	0.5008594989776611
chrX:47181235:T:C	Benign	coding	0.17325153946876526	0.1161639392375946	0.026095986366271973	0.11080783605575562
chrX:47203606:G:A	Benign	coding	0.14440470933914185	0.12024247646331787	0.020501315593719482	0.056009531021118164
chrX:47211029:C:T	Benign	noncoding	0.047364115715026855	0.0343921035528183	0.028438806533813477	0.007180392742156982
chrX:47211069:A:C	Benign	coding	0.0921676754951477	0.11874984204769135	0.03804260492324829	0.07734376192092896
chrX:47211089:C:T	Benign	coding	0.09646473824977875	0.07289792597293854	0.012879610061645508	0.14500829577445984
chrX:47211112:G:A	Benign	coding	0.08657580614089966	0.05964764952659607	0.023032307624816895	0.0759836882352829
chrX:47211129:T:C	Benign	coding	0.05608448386192322	0.02349211275577545	0.014215528964996338	0.13575181365013123
chrX:47211137:G:A	Benign	coding	0.07408633828163147	0.045560821890830994	0.11436057090759277	0.24093690514564514
chrX:47212234:T:A	Benign	noncoding	0.09026765823364258	0.06555831432342529	0.10062214732170105	0.13957339525222778
chrX:47636862:G:A	Benign	coding	0.036558330059051514	0.08139461278915405	0.004323422908782959	0.04835212230682373
chrX:48257840:A:G	Pathogenic	coding	0.08164960145950317	0.2757311463356018	0.012593448162078857	0.05160236358642578
chrX:48523786:G:T	Benign	coding	0.009389862418174744	0.0020268335938453674	0.01967066526412964	0.009874537587165833
chrX:48523804:C:A	Pathogenic	other	0.005356401205062866	0.007787346839904785	0.014037489891052246	0.014316018670797348
chrX:48523807:G:A	Pathogenic	other	0.00921536237001419	0.00842931866645813	0.03444099426269531	0.008795879781246185
chrX:48523824:T:C	Pathogenic	coding	0.041438937187194824	0.16515517234802246	0.018238723278045654	0.22476255893707275
chrX:48523830:A:G	Benign	coding	0.04870849847793579	0.07141628861427307	0.03682816028594971	0.1338396668434143
chrX:48523837:A:G	Benign	coding	0.07332903146743774	0.10230404138565063	0.04969853162765503	0.16633135080337524
chrX:48523858:G:A	Pathogenic	other	0.10619533061981201	0.11719387769699097	0.025813639163970947	0.28889307379722595
chrX:48523901:G:A	Benign	coding	0.18385162949562073	0.1058068573474884	0.01635599136352539	0.11167842149734497
chrX:48523910:T:C	Pathogenic	coding	0.032810866832733154	0.085662841796875	0.044121235609054565	0.04059797525405884
chrX:48523911:G:A	Pathogenic	other	0.04050092399120331	0.0679188072681427	0.010927408933639526	0.17662903666496277
chrX:48523912:G:T	Pathogenic	coding	0.09957388043403625	0.10621428489685059	0.037849366664886475	0.2009705901145935
chrX:48523920:C:A	Pathogenic	other	0.04057380557060242	0.04500466585159302	0.017297804355621338	0.1539912223815918
chrX:48523943:T:C	Benign	coding	0.03494870662689209	0.027111411094665527	0.044269055128097534	0.058866724371910095
chrX:48523953:G:A	Pathogenic	other	0.037508800625801086	0.031545817852020264	0.01917940378189087	0.6371955275535583
chrX:48523958:C:T	Pathogenic	other	0.029338344931602478	0.07309743762016296	0.032941967248916626	0.7223353385925293
chrX:48523974:G:A	Pathogenic	other	0.03129562735557556	0.07760787010192871	0.0172501802444458	0.8607586622238159
chrX:48791962:C:T	Benign	coding	0.042810261249542236	0.03635764122009277	0.07755860686302185	0.385852575302124
chrX:48791984:G:A	Benign	coding	0.01624138653278351	0.03525817394256592	0.028595387935638428	0.10259748995304108
chrX:48818432:G:A	Benign	noncoding	0.08180207014083862	0.0177268385887146	0.034699082374572754	0.07121235132217407
chrX:48975236:A:G	Benign	coding	0.09891849756240845	0.024077266454696655	0.07600030303001404	0.05070018768310547
chrX:53215870:C:A	Benign	coding	0.13671362400054932	0.046748340129852295	0.03289976716041565	0.09641426801681519
chrX:53215902:T:C	Benign	coding	0.02512836456298828	0.0315001904964447	0.033736467361450195	0.023813068866729736
chrX:53215912:C:T	Benign	coding	0.06569549441337585	0.07783403992652893	0.025368928909301758	0.062292635440826416
chrX:53215972:C:T	Benign	coding	0.04416149854660034	0.025834083557128906	0.043021708726882935	0.029133260250091553
chrX:53215986:A:G	Benign	noncoding	0.01677340269088745	0.014673769474029541	0.09102344512939453	0.14718443155288696
chrX:53378864:A:G	Benign	noncoding	0.04730290174484253	0.06411299109458923	0.15897685289382935	0.11548817157745361
chrX:53394852:G:A	Pathogenic	other	0.24333176016807556	0.1033075749874115	0.015884101390838623	0.29398953914642334
chrX:53394902:G:A	Benign	noncoding	0.17556816339492798	0.013341590762138367	0.040886878967285156	0.07274886965751648
chrX:53396471:C:T	Pathogenic	noncoding	0.13510757684707642	0.05799734592437744	0.00868237018585205	0.0011408329010009766
chrX:53396489:T:C	Benign	coding	0.2788466811180115	0.04123193025588989	0.015401005744934082	0.15512937307357788
chrX:53396497:G:C	Pathogenic	coding	0.10085785388946533	0.017889201641082764	0.010700255632400513	0.7200084924697876
chrX:53396506:C:A	Pathogenic	other	0.08674564957618713	0.0682140588760376	0.018865764141082764	0.48585784435272217
chrX:53396624:C:T	Benign	noncoding	0.05414581298828125	0.07194390892982483	0.05368739366531372	0.1308739185333252
chrX:53399588:C:T	Pathogenic	noncoding	0.2520967721939087	0.03115713596343994	0.00882047414779663	0.8395606279373169
chrX:53399714:G:A	Pathogenic	other	0.07020047307014465	0.10005843639373779	0.029201745986938477	0.480270117521286
chrX:53403588:G:A	Pathogenic	other	0.039803504943847656	0.11259353160858154	0.01709449291229248	0.0013741254806518555
chrX:53403617:C:T	Pathogenic	coding	0.3363780975341797	0.08690935373306274	0.02568274736404419	0.009916305541992188
chrX:53403643:A:T	Pathogenic	other	0.29213809967041016	0.018298745155334473	0.0364079475402832	0.00480419397354126
chrX:53403645:A:G	Pathogenic	coding	0.0827035903930664	0.09116742014884949	0.025258123874664307	0.0010880827903747559
chrX:53405236:G:C	Benign	noncoding	0.2820243239402771	0.06993341445922852	0.12328210473060608	0.0026497840881347656
chrX:53405268:C:A	Pathogenic	other	0.340265154838562	0.13604876399040222	0.05524635314941406	0.004930675029754639
chrX:53405269:C:T	Benign	coding	0.3000587224960327	0.05432119965553284	0.030657202005386353	0.011014580726623535
chrX:53405492:C:A	Pathogenic	noncoding	0.21584415435791016	0.09660890698432922	0.03208407759666443	0.8522508144378662
chrX:53405895:T:C	Pathogenic	coding	0.1135174036026001	0.06877228617668152	0.023656219244003296	0.10476207733154297
chrX:53405928:G:A	Pathogenic	coding	0.1587280035018921	0.05358171463012695	0.012973308563232422	0.5496664047241211
chrX:53409103:C:T	Pathogenic	coding	0.15142562985420227	0.08557714521884918	0.0488705039024353	0.09598258137702942
chrX:53409120:C:T	Pathogenic	coding	0.21114370226860046	0.1360730081796646	0.05208432674407959	0.06518891453742981
chrX:53409129:T:G	Pathogenic	coding	0.08095920085906982	0.06415113806724548	0.03583928942680359	0.4727872610092163
chrX:53409260:T:G	Benign	coding	0.03228205442428589	0.026329457759857178	0.06185805797576904	0.4399562478065491
chrX:53409412:G:A	Benign	noncoding	0.3731633424758911	0.06985694169998169	0.07447993755340576	0.0008176565170288086
chrX:53536628:A:G	Benign	coding	0.009017527103424072	0.033342182636260986	0.030041277408599854	0.10509198904037476
chrX:53537539:C:T	Benign	noncoding	0.005535528063774109	0.05794203281402588	0.012862712144851685	0.09651567041873932
chrX:53537547:G:A	Benign	noncoding	0.044686928391456604	0.08771252632141113	0.024128109216690063	0.03908392786979675
chrX:53537602:A:G	Pathogenic	coding	0.039379894733428955	0.03544187545776367	0.023502320051193237	0.022496044635772705
chrX:53546755:A:G	Benign	coding	0.09265699982643127	0.1144624650478363	0.016803443431854248	0.09943735599517822
chrX:53546791:C:T	Benign	coding	0.03935796022415161	0.07649886608123779	0.028410494327545166	0.03534400463104248
chrX:53546792:G:A	Benign	coding	0.03417646884918213	0.0799715518951416	0.023449957370758057	0.02094203233718872
chrX:53547806:C:T	Benign	coding	0.02325671911239624	0.02641606330871582	0.007962703704833984	0.008094727993011475
chrX:53547818:G:A	Benign	coding	0.02156907320022583	0.027794361114501953	0.005317866802215576	0.030242502689361572
chrX:53547875:G:A	Benign	coding	0.03076350688934326	0.11138314008712769	0.036491990089416504	0.11389482021331787
chrX:53547944:T:C	Benign	coding	0.07084465026855469	0.0621718168258667	0.043768227100372314	0.11586588621139526
chrX:53548208:C:T	Benign	coding	0.05543661117553711	0.05063605308532715	0.02196340262889862	0.07402179390192032
chrX:53548279:G:A	Benign	noncoding	0.04626771807670593	0.0475803017616272	0.0988258421421051	0.2172601819038391
chrX:53548282:A:T	Benign	noncoding	0.02594536542892456	0.053120583295822144	0.04115939140319824	0.2571464776992798
chrX:53551077:C:T	Pathogenic	coding	0.07955580949783325	0.08074700832366943	0.05809962749481201	0.022234678268432617
chrX:53554845:G:A	Benign	coding	0.18068817257881165	0.01694124937057495	0.03441685438156128	0.14065366983413696
chrX:53554913:C:T	Benign	coding	0.06495094299316406	0.039856404066085815	0.0096302330493927	0.2730705142021179
chrX:53554938:A:G	Benign	noncoding	0.1501900553703308	0.02992573380470276	0.04297143220901489	0.04926598072052002
chrX:53560429:T:C	Benign	noncoding	0.04193258285522461	0.06771987676620483	0.019014209508895874	0.15094542503356934
chrX:53561737:C:T	Benign	noncoding	0.5089484453201294	0.07128918170928955	0.008440464735031128	0.5914047956466675
chrX:53561747:G:A	Benign	noncoding	0.11960752308368683	0.0359901487827301	0.02847987413406372	0.1336725950241089
chrX:53583574:C:T	Benign	coding	0.12374943494796753	0.038290977478027344	0.11907404661178589	0.008949369192123413
chrX:53584238:C:T	Benign	coding	0.19310617446899414	0.0394066721200943	0.01312553882598877	0.14856179058551788
chrX:53589802:C:T	Benign	coding	0.09499263763427734	0.030015408992767334	0.034999728202819824	0.8082816004753113
chrX:53589826:G:A	Benign	noncoding	0.03751504421234131	0.011963427066802979	0.042126476764678955	0.054509103298187256
chrX:53590387:C:T	Benign	noncoding	0.09941524267196655	0.05265210568904877	0.023666203022003174	0.016551733016967773
chrX:53590397:T:C	Benign	noncoding	0.13490504026412964	0.05873686075210571	0.01201099157333374	0.0065181441605091095
chrX:53590430:T:C	Benign	coding	0.15559634566307068	0.05970889329910278	0.010733067989349365	0.00038617849349975586
chrX:53594488:T:G	Benign	noncoding	0.0523352175951004	0.035004496574401855	0.2228328436613083	0.5017788410186768
chrX:53594507:A:G	Benign	coding	0.04925045371055603	0.04110288619995117	0.049811214208602905	0.46798384189605713
chrX:53594537:T:C	Benign	coding	0.11766517162322998	0.06360769271850586	0.05054238438606262	0.34219348430633545
chrX:53629612:A:G	Benign	coding	0.07392722368240356	0.0311201810836792	0.0273781418800354	0.17897158861160278
chrX:53631447:A:G	Benign	coding	0.03658074140548706	0.045960962772369385	0.0638073980808258	0.013715803623199463
chrX:53631471:G:A	Benign	coding	0.0777696967124939	0.028529852628707886	0.032577693462371826	0.007877722382545471
chrX:54813512:C:T	Benign	coding	0.07219080626964569	0.013896048069000244	0.14094601571559906	0.017068050801753998
chrX:55013516:G:C	Pathogenic	coding	0.05769434571266174	0.05702166259288788	0.04112511873245239	0.32466280460357666
chrX:55013587:T:C	Pathogenic	coding	0.08775293827056885	0.08629393577575684	0.041046321392059326	0.3458164632320404
chrX:55014757:A:T	Pathogenic	coding	0.03990095853805542	0.030148983001708984	0.011065125465393066	0.03426450490951538
chrX:55015579:A:C	Benign	coding	0.117409348487854	0.1103285551071167	0.09208133816719055	0.14022326469421387
chrX:55015583:G:C	Pathogenic	coding	0.03089773654937744	0.16765126585960388	0.03358045220375061	0.1178099513053894
chrX:55015623:G:A	Pathogenic	coding	0.037716567516326904	0.03632766008377075	0.04691660404205322	0.01574265956878662
chrX:55015639:G:A	Benign	coding	0.028571128845214844	0.0822712779045105	0.0211106538772583	0.02358347177505493
chrX:55015654:C:T	Benign	coding	0.009709656238555908	0.04837077856063843	0.016296207904815674	0.026884615421295166
chrX:55021079:C:T	Pathogenic	coding	0.022689461708068848	0.09572896361351013	0.04763194918632507	0.2466336488723755
chrX:55021084:C:T	Pathogenic	coding	0.18756893277168274	0.0638381838798523	0.04872044920921326	0.08440876007080078
chrX:55021095:A:G	Pathogenic	coding	0.02849942445755005	0.12154620885848999	0.029440253973007202	0.13401037454605103
chrX:55021121:T:A	Pathogenic	coding	0.018518567085266113	0.032854169607162476	0.020187675952911377	0.14274662733078003
chrX:55021181:C:A	Pathogenic	coding	0.05983281135559082	0.056176602840423584	0.03847266733646393	0.08918438851833344
chrX:55021182:G:T	Pathogenic	coding	0.13104349374771118	0.09279139339923859	0.018902868032455444	0.37016910314559937
chrX:55024740:T:C	Benign	coding	0.043491363525390625	0.10634297132492065	0.043612778186798096	0.08796745538711548
chrX:65529252:G:C	Pathogenic	coding	0.07144403457641602	0.09951639175415039	0.020412802696228027	0.006962239742279053
chrX:65529630:G:A	Benign	coding	0.4745716452598572	0.04383134841918945	0.01304936408996582	0.008936643600463867
chrX:65529686:G:A	Benign	coding	0.0991135835647583	0.10367819666862488	0.011338293552398682	0.07582318782806396
chrX:65533590:C:G	Benign	noncoding	0.01775461435317993	0.0788620114326477	0.029875099658966064	0.06739437580108643
chrX:65737167:T:C	Benign	noncoding	0.12720650434494019	0.07315278053283691	0.010415703058242798	0.008463144302368164
chrX:65737222:C:T	Benign	coding	0.17912983894348145	0.05418077111244202	0.0495334267616272	0.1412438154220581
chrX:65738552:C:T	Pathogenic	other	0.0821608230471611	0.12284362316131592	0.020407438278198242	0.6841889023780823
chrX:65738553:G:A	Benign	coding	0.070037841796875	0.024584561586380005	0.03260385990142822	0.5823222398757935
chrX:65738576:C:T	Pathogenic	other	0.22796499729156494	0.051079392433166504	0.010555684566497803	0.00044167041778564453
chrX:65738631:C:T	Benign	noncoding	0.14775022864341736	0.12307047843933105	0.06155291199684143	0.0017037391662597656
chrX:71136032:A:T	Benign	noncoding	0.10082694888114929	0.037965357303619385	0.009489953517913818	0.0330539345741272
chrX:71294213:C:T	Benign	noncoding	0.14571040868759155	0.12148886919021606	0.03762692213058472	0.0527823269367218
chrX:71294241:A:G	Benign	coding	0.18497398495674133	0.07965588569641113	0.05130639672279358	0.05392730236053467
chrX:71294335:C:T	Pathogenic	other	0.08446383476257324	0.11609768867492676	0.006685018539428711	0.6481937170028687
chrX:71297821:G:A	Benign	noncoding	0.13021329045295715	0.04216015338897705	0.021074801683425903	0.0887647345662117
chrX:71297828:C:T	Benign	noncoding	0.09859269857406616	0.031467556953430176	0.019565224647521973	0.20130020380020142
chrX:71297900:C:T	Pathogenic	other	0.12595012784004211	0.03378567099571228	0.010272711515426636	0.1495685577392578
chrX:71297938:G:A	Pathogenic	coding	0.3204497992992401	0.0607830286026001	0.015811502933502197	0.03414559364318848
chrX:71297939:G:A	Pathogenic	noncoding	0.0939587652683258	0.07485289871692657	0.007288157939910889	0.5823014974594116
chrX:71298508:G:T	Pathogenic	coding	0.06649082899093628	0.10846303403377533	0.007797420024871826	0.8655012249946594
chrX:71298509:G:T	Pathogenic	noncoding	0.13117098808288574	0.05530494451522827	0.024140089750289917	0.8568856716156006
chrX:71398752:G:A	Benign	noncoding	0.01725393533706665	0.07826933264732361	0.03930026292800903	0.01002645492553711
chrX:71401566:G:A	Benign	coding	0.23880693316459656	0.10801452398300171	0.006850898265838623	0.03121374547481537
chrX:71401569:T:G	Benign	coding	0.10674771666526794	0.07063013315200806	0.05125313997268677	0.27866554260253906
chrX:71463900:G:A	Benign	coding	0.2929236888885498	0.058219313621520996	0.005731165409088135	0.03080570697784424
chrX:71463940:G:A	Benign	coding	0.17174315452575684	0.07437855005264282	0.04970309138298035	0.11977502703666687
chrX:71547927:T:C	Benign	coding	0.1283307671546936	0.11503857374191284	0.04296192526817322	0.24895548820495605
chrX:72275731:C:A	Benign	noncoding	0.03389906883239746	0.05397266149520874	0.024937689304351807	0.20308509469032288
chrX:73827734:C:T	Benign	other	0.0075795650482177734	0.037269651889801025	0.005407869815826416	0.012872159481048584
chrX:73850415:C:T	Benign	other	0.06909286975860596	0.07495835423469543	0.04050460457801819	0.09705257415771484
chrX:75070433:C:T	Pathogenic	coding	0.014065742492675781	0.11590439081192017	0.013326108455657959	0.0010122060775756836
chrX:75070452:A:G	Benign	coding	0.016934014856815338	0.013753771781921387	0.022959768772125244	0.006328999996185303
chrX:75070499:C:G	Pathogenic	coding	0.01177649199962616	0.08736962080001831	0.0105171799659729	0.019350647926330566
chrX:75071555:G:A	Benign	coding	0.04591637849807739	0.09585940837860107	0.07298290729522705	0.15918001532554626
chrX:75071630:C:T	Benign	coding	0.06836861371994019	0.010339438915252686	0.04820626974105835	0.03683266043663025
chrX:77902629:C:T	Benign	noncoding	0.06032681465148926	0.0691894069314003	0.06398576498031616	0.036329030990600586
chrX:77902641:A:G	Pathogenic	noncoding	0.08534973859786987	0.08623963594436646	0.08187219500541687	0.48528191447257996
chrX:77902650:C:A	Benign	coding	0.14971083402633667	0.138349711894989	0.06213840842247009	0.2223075032234192
chrX:77902657:C:T	Pathogenic	other	0.145951047539711	0.2342081069946289	0.07071539759635925	0.4064241349697113
chrX:77902777:A:G	Benign	noncoding	0.5104801654815674	0.3078652620315552	0.004547417163848877	0.07410275936126709
chrX:78118146:G:C	Pathogenic	coding	0.10225355625152588	0.06323325634002686	0.03884264826774597	0.11533874273300171
chrX:78122888:A:G	Benign	coding	0.2062845230102539	0.21234583854675293	0.08142909407615662	0.03368118405342102
chrX:78123189:G:A	Benign	noncoding	0.040495216846466064	0.10128375887870789	0.026461780071258545	0.049002647399902344
chrX:78123240:G:A	Pathogenic	coding	0.016944408416748047	0.04723738133907318	0.05795210599899292	0.08702486753463745
chrX:78124883:T:C	Pathogenic	coding	0.028008759021759033	0.07025831937789917	0.04007801413536072	0.11035972833633423
chrX:78124896:G:A	Pathogenic	coding	0.039661526679992676	0.1288391351699829	0.037358880043029785	0.04110074043273926
chrX:78124987:G:A	Benign	coding	0.023082375526428223	0.07856020331382751	0.021955251693725586	0.033882737159729004
chrX:78125344:A:C	Pathogenic	coding	0.01598384603857994	0.016465924680233	0.04850998520851135	0.050395965576171875
chrX:78125505:A:G	Benign	noncoding	0.04289966821670532	0.05901668220758438	0.0486823171377182	0.05037197470664978
chrX:78125517:G:A	Benign	noncoding	0.07864740490913391	0.040303781628608704	0.028460323810577393	0.16726401448249817
chrX:80672386:G:A	Benign	noncoding	0.007984161376953125	0.02907104790210724	0.03767624497413635	0.03163055330514908
chrX:80809700:G:A	Benign	noncoding	0.0019339919090270996	0.0011168718338012695	0.0015311837196350098	0.0009466409683227539
chrX:101349551:A:C	Benign	noncoding	0.014796867966651917	0.019994646310806274	0.02561551332473755	0.04028475284576416
chrX:101360581:G:A	Pathogenic	other	0.11962699890136719	0.014123380184173584	0.03690016269683838	0.6500520706176758
chrX:101360588:C:T	Pathogenic	other	0.12595045566558838	0.074582040309906	0.04559212923049927	0.3413717448711395
chrX:101360589:C:T	Pathogenic	other	0.10642826557159424	0.05501151084899902	0.04924827814102173	0.3355906307697296
chrX:101360621:A:C	Pathogenic	other	0.08872061967849731	0.027193844318389893	0.052306801080703735	0.4701586663722992
chrX:101360626:C:A	Pathogenic	other	0.056983351707458496	0.06649792194366455	0.04653114080429077	0.6095305681228638
chrX:101369997:C:T	Pathogenic	noncoding	0.009785730391740799	0.03950042277574539	0.014812946319580078	0.19066236913204193
chrX:101370040:T:G	Pathogenic	coding	0.014743626117706299	0.07549434155225754	0.016708314418792725	0.21546012163162231
chrX:101370044:G:A	Benign	coding	0.008356869220733643	0.015641510486602783	0.031016916036605835	0.04841393232345581
chrX:101370051:A:T	Pathogenic	coding	0.014009535312652588	0.01314622163772583	0.03714108467102051	0.08782696723937988
chrX:101370053:G:C	Pathogenic	other	0.05411648750305176	0.03156423568725586	0.05189192295074463	0.3164598345756531
chrX:101370053:G:T	Pathogenic	other	0.04447990655899048	0.12930870056152344	0.02800425887107849	0.113258957862854
chrX:101370055:A:G	Pathogenic	coding	0.018732905387878418	0.02728348970413208	0.02505260705947876	0.04411374777555466
chrX:101370080:C:G	Pathogenic	noncoding	0.106599360704422	0.10699546337127686	0.031155407428741455	0.32316234707832336
chrX:101370081:T:C	Pathogenic	noncoding	0.09033244848251343	0.18124794960021973	0.013427108526229858	0.21059930324554443
chrX:101370087:G:A	Benign	noncoding	0.006401658058166504	0.01956009864807129	0.017056703567504883	0.08276969194412231
chrX:101370099:G:T	Benign	noncoding	0.009255170822143555	0.07400792837142944	0.013009428977966309	0.014229893684387207
chrX:101391786:C:T	Benign	coding	0.06984114646911621	0.055955469608306885	0.11243030428886414	0.32731303572654724
chrX:101397946:T:G	Pathogenic	coding	0.039830952882766724	0.03532743453979492	0.03012216091156006	0.19201046228408813
chrX:101397948:A:T	Pathogenic	coding	0.1213790625333786	0.06887573003768921	0.025405138731002808	0.13940837979316711
chrX:101397953:G:T	Pathogenic	noncoding	0.04458165168762207	0.03871046006679535	0.01827743649482727	0.7293901443481445
chrX:101397954:C:T	Pathogenic	coding	0.10887962579727173	0.05372591316699982	0.05800926685333252	0.1331789493560791
chrX:101397965:A:T	Pathogenic	noncoding	0.06357070803642273	0.07548725605010986	0.0449366569519043	0.6360190510749817
chrX:101397969:G:T	Pathogenic	coding	0.016853004693984985	0.05243220925331116	0.046448975801467896	0.0699513703584671
chrX:101397981:C:A	Pathogenic	coding	0.1961531639099121	0.09683787822723389	0.07914149761199951	0.2951943874359131
chrX:101397981:C:T	Pathogenic	coding	0.1269437074661255	0.06761068105697632	0.07792288064956665	0.29534798860549927
chrX:101397984:A:C	Pathogenic	coding	0.3069300651550293	0.056556373834609985	0.05504852533340454	0.11205980181694031
chrX:101398004:A:C	Pathogenic	noncoding	0.45003458857536316	0.054809361696243286	0.029623955488204956	0.3164319097995758
chrX:101398004:A:T	Pathogenic	noncoding	0.3610352873802185	0.16632452607154846	0.042931318283081055	0.27530303597450256
chrX:101398018:C:A	Pathogenic	noncoding	0.11033502221107483	0.08470368385314941	0.035137057304382324	0.5535315871238708
chrX:101398018:C:G	Pathogenic	coding	0.08588027954101562	0.14641514420509338	0.07406193017959595	0.14375241100788116
chrX:101398018:C:T	Pathogenic	coding	0.02109163999557495	0.04356151819229126	0.05401960015296936	0.17608124017715454
chrX:101398021:C:A	Pathogenic	coding	0.03322237730026245	0.18668803572654724	0.04333639144897461	0.2043384313583374
chrX:101398021:C:T	Pathogenic	coding	0.06337612867355347	0.17438936233520508	0.05377757549285889	0.2256995141506195
chrX:101398026:T:C	Pathogenic	coding	0.07150352001190186	0.033671557903289795	0.04446464776992798	0.039552241563797
chrX:101398027:C:T	Pathogenic	coding	0.0737924575805664	0.16229012608528137	0.058741629123687744	0.07620714604854584
chrX:101398030:G:A	Pathogenic	noncoding	0.1215282678604126	0.07621502876281738	0.06756585836410522	0.6185048222541809
chrX:101398034:G:T	Pathogenic	coding	0.08056575059890747	0.09237539768218994	0.015033721923828125	0.0696151852607727
chrX:101398038:A:T	Pathogenic	coding	0.059130311012268066	0.17397335171699524	0.06125611066818237	0.07285664975643158
chrX:101398044:G:T	Pathogenic	coding	0.08079183101654053	0.05817607045173645	0.013810396194458008	0.18945777416229248
chrX:101398045:C:G	Pathogenic	coding	0.055524349212646484	0.12387433648109436	0.06585043668746948	0.10545802116394043
chrX:101398051:C:G	Pathogenic	coding	0.022967085242271423	0.14357757568359375	0.05752512812614441	0.10137265920639038
chrX:101398052:C:T	Pathogenic	noncoding	0.03619825839996338	0.0554446280002594	0.03391611576080322	0.5440102815628052
chrX:101398053:C:T	Pathogenic	noncoding	0.022415511310100555	0.05586373805999756	0.04714775085449219	0.562518835067749
chrX:101398054:A:T	Pathogenic	coding	0.011277556419372559	0.07389944791793823	0.04887968301773071	0.06289958953857422
chrX:101398065:G:C	Pathogenic	noncoding	0.03400611877441406	0.08319523930549622	0.06279939413070679	0.5044751167297363
chrX:101398066:A:G	Pathogenic	coding	0.0293998122215271	0.02546393871307373	0.05046093463897705	0.0403498113155365
chrX:101398068:A:G	Pathogenic	coding	0.012428760528564453	0.04257404804229736	0.054172366857528687	0.07326486706733704
chrX:101398074:C:A	Pathogenic	coding	0.022941112518310547	0.06505155563354492	0.03202575445175171	0.3312450647354126
chrX:101398074:C:T	Pathogenic	coding	0.013536244630813599	0.040642619132995605	0.02787470817565918	0.3152349591255188
chrX:101398075:G:A	Pathogenic	noncoding	0.07404416799545288	0.06517773866653442	0.033118486404418945	0.5881478190422058
chrX:101398076:T:G	Pathogenic	noncoding	0.11798989772796631	0.07636120915412903	0.011273443698883057	0.12812215089797974
chrX:101398078:C:A	Pathogenic	noncoding	0.17663705348968506	0.03920897841453552	0.043413519859313965	0.6799130439758301
chrX:101398078:C:T	Pathogenic	coding	0.06244903802871704	0.1559140682220459	0.08120006322860718	0.13072603940963745
chrX:101398079:C:T	Pathogenic	noncoding	0.02375391125679016	0.052377164363861084	0.04569435119628906	0.5506528615951538
chrX:101398080:C:G	Pathogenic	coding	0.2542775273323059	0.09380871057510376	0.07633423805236816	0.2163487672805786
chrX:101398080:C:T	Pathogenic	noncoding	0.2424776256084442	0.11598148941993713	0.061209261417388916	0.5281021595001221
chrX:101412605:G:A	Pathogenic	coding	0.023590832948684692	0.07091307640075684	0.049005717039108276	0.10185107588768005
chrX:101412611:G:T	Pathogenic	coding	0.09397256374359131	0.09719845652580261	0.01708221435546875	0.4322005808353424
chrX:101412614:C:T	Pathogenic	coding	0.06319743394851685	0.04815328121185303	0.021183431148529053	0.11417371034622192
chrX:101412622:A:G	Pathogenic	coding	0.01325380802154541	0.054179608821868896	0.05069780349731445	0.08115333318710327
chrX:107650757:T:C	Benign	noncoding	0.13685309886932373	0.06569010019302368	0.02710258960723877	0.225169375538826
chrX:111685000:A:G	Pathogenic	coding	0.0302114337682724	0.13763172924518585	0.015246212482452393	0.02445143461227417
chrX:111685008:C:G	Benign	coding	0.003419250249862671	0.04889655113220215	0.05515531823039055	0.0026970654726028442
chrX:111687889:C:T	Benign	coding	0.022679626941680908	0.011030733585357666	0.05255231261253357	0.23152703046798706
chrX:111727668:T:C	Benign	coding	0.01649477332830429	0.03322295844554901	0.022749781608581543	0.02190752699971199
chrX:118546056:G:C	Benign	coding	0.009290173649787903	0.013440504670143127	0.01344764232635498	0.09344911575317383
chrX:119471038:G:T	Benign	other	0.10804510116577148	0.11031407117843628	0.03819972276687622	0.26177048683166504
chrX:119471049:G:C	Benign	coding	0.13023847341537476	0.24095144867897034	0.13552173972129822	0.12751947343349457
chrX:119471054:C:T	Benign	coding	0.060250818729400635	0.0696110725402832	0.08124670386314392	0.0333104133605957
chrX:119471060:T:G	Benign	noncoding	0.24209561944007874	0.06759482622146606	0.04594475030899048	0.1033245325088501
chrX:119574923:G:A	Pathogenic	coding	0.013532966375350952	0.03524446487426758	0.043793320655822754	0.04647243022918701
chrX:119574964:G:A	Pathogenic	other	0.10034096240997314	0.04402926564216614	0.052845001220703125	0.420922189950943
chrX:119873297:T:C	Benign	noncoding	0.09343892335891724	0.1278645396232605	0.09258010983467102	0.04415082931518555
chrX:119873312:G:C	Pathogenic	coding	0.03530460596084595	0.07940444350242615	0.055817604064941406	0.09512114524841309
chrX:119930079:A:G	Pathogenic	coding	0.13962650299072266	0.05498629808425903	0.012977272272109985	0.13125279545783997
chrX:120254091:A:G	Benign	coding	0.033546507358551025	0.03419962525367737	0.0640828013420105	0.13261353969573975
chrX:120441810:G:C	Pathogenic	other	0.11766403913497925	0.1710173487663269	0.06184634566307068	0.6782383322715759
chrX:120441861:C:T	Pathogenic	other	0.02409648895263672	0.021388888359069824	0.1392800509929657	0.22868424654006958
chrX:120446301:T:C	Pathogenic	noncoding	0.049858421087265015	0.17805877327919006	0.035196661949157715	0.5790843963623047
chrX:120446303:A:G	Pathogenic	noncoding	0.05616083741188049	0.17236289381980896	0.18416905403137207	0.788838267326355
chrX:120446304:C:A	Pathogenic	noncoding	0.07291370630264282	0.10018378496170044	0.10694196820259094	0.46761876344680786
chrX:120446304:C:T	Pathogenic	noncoding	0.10089114308357239	0.12111052870750427	0.06488648056983948	0.5332253575325012
chrX:120446326:A:C	Pathogenic	other	0.09014791250228882	0.0973983108997345	0.2137073129415512	0.4670301675796509
chrX:120446374:G:T	Pathogenic	other	0.059041738510131836	0.024095535278320312	0.00900965929031372	0.04574012756347656
chrX:120536950:T:C	Benign	coding	0.029864788055419922	0.04313918948173523	0.026290714740753174	0.10314387083053589
chrX:120537003:A:G	Benign	coding	0.05271100997924805	0.12073728442192078	0.024782657623291016	0.07224065810441971
chrX:120537028:G:A	Pathogenic	other	0.2430291473865509	0.1462271809577942	0.030339419841766357	0.07771420478820801
chrX:120537053:A:G	Benign	noncoding	0.07512849569320679	0.06563460826873779	0.02563345432281494	0.07873290777206421
chrX:123908479:G:C	Benign	noncoding	0.1028185486793518	0.017444491386413574	0.05793753266334534	0.059730589389801025
chrX:123910026:C:T	Benign	noncoding	0.04453831911087036	0.03163796663284302	0.06800979375839233	0.08450496196746826
chrX:123910125:C:A	Benign	noncoding	0.20160925388336182	0.14087694883346558	0.03254956007003784	0.2318880409002304
chrX:123910564:T:C	Benign	noncoding	0.023405790328979492	0.055673956871032715	0.025201380252838135	0.03190392255783081
chrX:123912191:A:G	Benign	noncoding	0.03110647201538086	0.020424962043762207	0.08851858973503113	0.04413783550262451
chrX:123912686:G:A	Benign	noncoding	0.11247456073760986	0.05853825807571411	0.04348266124725342	0.016715705394744873
chrX:123912687:T:A	Benign	noncoding	0.03492790460586548	0.06997615098953247	0.18228453397750854	0.03676772117614746
chrX:124045386:T:C	Benign	noncoding	0.024891704320907593	0.025969937443733215	0.06020556390285492	0.0673973560333252
chrX:124049088:G:C	Benign	noncoding	0.012946009635925293	0.04265362024307251	0.015932023525238037	0.01711905002593994
chrX:124050177:C:T	Benign	noncoding	0.053673237562179565	0.0781303346157074	0.05364567041397095	0.09375301003456116
chrX:124050272:G:A	Pathogenic	coding	0.082827627658844	0.09535028040409088	0.018874645233154297	0.06553737819194794
chrX:124050306:T:C	Benign	coding	0.011799857020378113	0.053911566734313965	0.043250083923339844	0.24546349048614502
chrX:124051120:G:A	Pathogenic	noncoding	0.40831679105758667	0.04813326895236969	0.022250235080718994	0.10143774747848511
chrX:124051156:A:G	Benign	coding	0.036032289266586304	0.007093712687492371	0.010800421237945557	0.04938286542892456
chrX:124051157:C:G	Benign	coding	0.01769930124282837	0.01731027662754059	0.026163935661315918	0.01609015464782715
chrX:124051192:A:G	Benign	coding	0.06316182017326355	0.031909503042697906	0.0416160523891449	0.01318708062171936
chrX:124066210:G:A	Benign	coding	0.06260332465171814	0.08964294195175171	0.034832440316677094	0.010274600237607956
chrX:124066224:T:C	Benign	coding	0.051424942910671234	0.03089289367198944	0.10067953169345856	0.01314341090619564
chrX:124076429:G:A	Benign	coding	0.09735280275344849	0.1373170018196106	0.06056320667266846	0.051951728761196136
chrX:124086626:C:T	Pathogenic	other	0.12164199352264404	0.03276950120925903	0.03177237510681152	0.4510604739189148
chrX:124086725:T:C	Benign	coding	0.10921749472618103	0.10052582621574402	0.17823481559753418	0.013941347599029541
chrX:124094108:T:C	Benign	coding	0.032995641231536865	0.04175621271133423	0.04162955284118652	0.03706562519073486
chrX:124496940:G:A	Benign	noncoding	0.031565845012664795	0.0018200278282165527	0.012754559516906738	0.006839573383331299
chrX:124896132:T:C	Benign	coding	0.05260083079338074	0.029669970273971558	0.065746009349823	0.4061796963214874
chrX:129806265:G:A	Benign	noncoding	0.13687634468078613	0.1239045262336731	0.15927919745445251	0.06371200084686279
chrX:130013555:G:A	Benign	coding	0.06916099786758423	0.048445045948028564	0.009721040725708008	0.028721868991851807
chrX:130149545:A:G	Benign	coding	0.027599871158599854	0.09523807466030121	0.009909451007843018	0.15035390853881836
chrX:130149556:T:C	Benign	coding	0.0923260748386383	0.062086403369903564	0.019821647554636	0.005372226238250732
chrX:130149572:C:T	Benign	noncoding	0.262160062789917	0.1523883044719696	0.044647932052612305	0.13000813126564026
chrX:134475189:G:A	Pathogenic	coding	0.14059019088745117	0.022016406059265137	0.028935790061950684	0.08310788869857788
chrX:134475191:C:T	Pathogenic	coding	0.07195079326629639	0.04911172389984131	0.07397526502609253	0.05362701416015625
chrX:134475197:C:T	Pathogenic	other	0.008700728416442871	0.02683025598526001	0.013595521450042725	0.3285558223724365
chrX:134475237:C:A	Pathogenic	coding	0.05521133542060852	0.046901583671569824	0.007641911506652832	0.010873332619667053
chrX:134475239:C:T	Pathogenic	coding	0.15613406896591187	0.04504603147506714	0.07132577896118164	0.04806455969810486
chrX:134475248:C:T	Pathogenic	coding	0.042067527770996094	0.10577952861785889	0.07167822122573853	0.08086797595024109
chrX:134475249:T:C	Pathogenic	coding	0.047656238079071045	0.08303248882293701	0.08466741442680359	0.0458047091960907
chrX:134475254:G:A	Pathogenic	coding	0.07331877946853638	0.11096382141113281	0.07744747400283813	0.05652904510498047
chrX:134493496:C:A	Benign	noncoding	0.13592606782913208	0.081309974193573	0.015588641166687012	0.21723711490631104
chrX:134493508:G:T	Pathogenic	coding	0.16354873776435852	0.11349073052406311	0.04472869634628296	0.3054792284965515
chrX:134493533:T:A	Pathogenic	coding	0.19798779487609863	0.05373913049697876	0.054634153842926025	0.13211458921432495
chrX:134493535:C:T	Pathogenic	other	0.1508846879005432	0.14992409944534302	0.1183466911315918	0.2531374990940094
chrX:134493559:C:T	Pathogenic	other	0.21097229421138763	0.10221293568611145	0.05229377746582031	0.028048217296600342
chrX:134493585:C:T	Benign	coding	0.02789217233657837	0.06805092096328735	0.06481990218162537	0.025141477584838867
chrX:134493591:G:A	Pathogenic	noncoding	0.015833795070648193	0.06684839725494385	0.03252047300338745	0.3357195258140564
chrX:134498387:C:G	Pathogenic	noncoding	0.03528684377670288	0.06244927644729614	0.03199112415313721	0.0508425235748291
chrX:134498388:A:G	Pathogenic	noncoding	0.0921817421913147	0.11190187931060791	0.05657815933227539	0.04827380180358887
chrX:134498389:G:A	Pathogenic	noncoding	0.04145318269729614	0.10833191871643066	0.023718059062957764	0.17946550250053406
chrX:134498407:C:T	Pathogenic	coding	0.044795453548431396	0.05749332904815674	0.03430122137069702	0.05858129262924194
chrX:134498412:C:A	Benign	coding	0.0765424370765686	0.12204080820083618	0.037209272384643555	0.036717891693115234
chrX:134498426:T:C	Benign	coding	0.20945215225219727	0.13834592700004578	0.07134217023849487	0.1547735035419464
chrX:149490392:G:A	Pathogenic	other	0.11108240485191345	0.07647842168807983	0.05936706066131592	0.7658437490463257
chrX:149490396:A:C	Pathogenic	coding	0.10086864233016968	0.13241788744926453	0.04726877808570862	0.2933405339717865
chrX:149490398:C:A	Pathogenic	coding	0.1267821490764618	0.05757144093513489	0.051563799381256104	0.5246887803077698
chrX:149490398:C:T	Pathogenic	coding	0.09414835274219513	0.030079543590545654	0.047502487897872925	0.30138450860977173
chrX:149490426:C:T	Benign	coding	0.19263482093811035	0.10239601135253906	0.04543423652648926	0.25529640913009644
chrX:149490428:G:A	Pathogenic	other	0.0697561651468277	0.02704489231109619	0.06410813331604004	0.7723772525787354
chrX:149490441:C:G	Pathogenic	noncoding	0.24304285645484924	0.11225822567939758	0.14723041653633118	0.6615564823150635
chrX:149490441:C:T	Pathogenic	noncoding	0.17309215664863586	0.08803784847259521	0.06883743405342102	0.477816641330719
chrX:149490442:T:A	Pathogenic	noncoding	0.05316925048828125	0.05140334367752075	0.015178382396697998	0.5448024272918701
chrX:149490442:T:C	Pathogenic	noncoding	0.05593183636665344	0.10391336679458618	0.051384687423706055	0.5251010060310364
chrX:149490442:T:G	Pathogenic	noncoding	0.10933628678321838	0.03448164463043213	0.017733126878738403	0.678158164024353
chrX:149490444:C:T	Benign	noncoding	0.15128850936889648	0.03549624979496002	0.09233099222183228	0.13636556267738342
chrX:151404897:G:T	Benign	noncoding	0.07536405324935913	0.0697864294052124	0.027016282081604004	0.11275023221969604
chrX:151404909:T:G	Pathogenic	noncoding	0.2731795907020569	0.10781487822532654	0.03482842445373535	0.1001160740852356
chrX:151404910:T:G	Pathogenic	noncoding	0.28253355622291565	0.07299315929412842	0.029062211513519287	0.09388470649719238
chrX:151404934:A:G	Benign	coding	0.13181495666503906	0.04941803216934204	0.020181119441986084	0.10947000980377197
chrX:151404977:C:T	Benign	coding	0.04348301887512207	0.08477175235748291	0.03311091661453247	0.16487327218055725
chrX:151405004:G:A	Benign	coding	0.026745378971099854	0.04433119297027588	0.10425931215286255	0.08170366287231445
chrX:152701267:T:C	Benign	coding	0.03950554132461548	0.20007357001304626	0.02728116512298584	0.27669820189476013
chrX:153672995:G:A	Benign	noncoding	0.05046069622039795	0.07372885942459106	0.011534035205841064	0.029921293258666992
chrX:153688635:C:T	Benign	coding	0.3480755686759949	0.0314863920211792	0.01019713282585144	0.07465612888336182
chrX:153688645:C:T	Benign	coding	0.013067662715911865	0.03266984224319458	0.036311209201812744	0.06301862001419067
chrX:153688648:C:T	Benign	coding	0.06353884935379028	0.05017572641372681	0.009793698787689209	0.1724926233291626
chrX:153688661:G:C	Benign	coding	0.10798728466033936	0.0621524453163147	0.00784921646118164	0.020972132682800293
chrX:153691300:C:T	Benign	noncoding	0.040887534618377686	0.04547601938247681	0.05075262486934662	0.04136297106742859
chrX:153693244:C:T	Benign	noncoding	0.1366092562675476	0.05026048421859741	0.050333380699157715	0.006983935832977295
chrX:153693249:C:T	Benign	noncoding	0.03626304864883423	0.07438981533050537	0.040164828300476074	0.042323365807533264
chrX:153693262:G:A	Pathogenic	noncoding	0.14518606662750244	0.08691474795341492	0.04063662886619568	0.750717282295227
chrX:153693267:G:A	Pathogenic	other	0.18397408723831177	0.06647849082946777	0.031125754117965698	0.43210774660110474
chrX:153693324:C:G	Pathogenic	coding	0.11108684539794922	0.09789174795150757	0.07865159213542938	0.04988032579421997
chrX:153693341:A:G	Pathogenic	coding	0.13313961029052734	0.04291427135467529	0.03458064794540405	0.04938173294067383
chrX:153693361:C:G	Pathogenic	coding	0.05542278289794922	0.021203994750976562	0.08201098442077637	0.005634307861328125
chrX:153693368:T:C	Pathogenic	noncoding	0.032246530055999756	0.06386035680770874	0.007381916046142578	0.08330661058425903
chrX:153693375:C:T	Benign	noncoding	0.04368746280670166	0.14043068885803223	0.018960237503051758	0.018870532512664795
chrX:153693457:C:T	Benign	noncoding	0.044539690017700195	0.044445693492889404	0.006212413311004639	0.04584163427352905
chrX:153693472:A:G	Benign	coding	0.1478348970413208	0.07095688581466675	0.013079226016998291	0.03488171100616455
chrX:153693492:T:C	Benign	coding	0.07451334595680237	0.0515148788690567	0.0030871033668518066	0.037385158240795135
chrX:153693500:G:A	Pathogenic	coding	0.08294591307640076	0.052725017070770264	0.02139204740524292	0.053047776222229004
chrX:153693525:C:T	Benign	coding	0.1086578369140625	0.0833524614572525	0.011053264141082764	0.05817258358001709
chrX:153693553:C:T	Pathogenic	other	0.12197810411453247	0.04217028617858887	0.022025316953659058	0.7730526328086853
chrX:153693586:G:C	Pathogenic	coding	0.042952388525009155	0.06073130667209625	0.07724222540855408	0.7343093752861023
chrX:153693903:A:C	Pathogenic	noncoding	0.02564626932144165	0.020207881927490234	0.02345108985900879	0.44974038004875183
chrX:153693918:C:T	Benign	coding	0.09712684154510498	0.08451664447784424	0.033590734004974365	0.036490678787231445
chrX:153693925:G:A	Benign	coding	0.08353620767593384	0.03721591830253601	0.027054429054260254	0.07837474346160889
chrX:153693932:C:T	Pathogenic	coding	0.03895711898803711	0.1297590732574463	0.05151692032814026	0.16906245052814484
chrX:153693969:G:A	Pathogenic	other	0.05417428910732269	0.0389370322227478	0.029566854238510132	0.30786776542663574
chrX:153694099:C:T	Benign	noncoding	0.020546376705169678	0.06411921977996826	0.03520679473876953	0.03444790840148926
chrX:153694128:A:G	Pathogenic	noncoding	0.06913617253303528	0.05453649163246155	0.0505041778087616	0.03483933210372925
chrX:153715691:T:C	Pathogenic	noncoding	0.03957319259643555	0.019718706607818604	0.04230782389640808	0.4952761232852936
chrX:153785925:G:A	Pathogenic	noncoding	0.05624184012413025	0.11123672127723694	0.02798926830291748	0.29023101925849915
chrX:153930431:G:A	Benign	noncoding	0.014810800552368164	0.09114512801170349	0.13620471954345703	0.058669865131378174
chrX:153930439:G:A	Benign	noncoding	0.011297136545181274	0.11269313097000122	0.06901973485946655	0.19871819019317627
chrX:153930468:T:G	Benign	noncoding	0.035851746797561646	0.13427887856960297	0.018680810928344727	0.07629644870758057
chrX:153932056:T:A	Benign	noncoding	0.16053920984268188	0.07290405035018921	0.07356399297714233	0.014731764793395996
chrX:153932058:G:A	Benign	noncoding	0.12184745073318481	0.062470436096191406	0.027492940425872803	0.029599010944366455
chrX:153932306:C:A	Benign	noncoding	0.08428114652633667	0.061840593814849854	0.02676907181739807	0.11648350954055786
chrX:153932306:C:T	Benign	noncoding	0.02907651662826538	0.044159144163131714	0.03177529573440552	0.048088014125823975
chrX:153932325:A:C	Pathogenic	coding	0.01602892577648163	0.09006071090698242	0.020756185054779053	0.08687753975391388
chrX:153951330:C:G	Benign	noncoding	0.09800249338150024	0.10273158550262451	0.0549888014793396	0.19218766689300537
chrX:153951377:C:T	Benign	coding	0.08139568567276001	0.06016683578491211	0.06101745367050171	0.0735730528831482
chrX:153954103:C:T	Benign	coding	0.13865947723388672	0.12914952635765076	0.040218621492385864	0.0462837815284729
chrX:153954178:C:T	Benign	coding	0.08262687921524048	0.0346110463142395	0.027472078800201416	0.12330865859985352
chrX:153954187:G:A	Benign	coding	0.012975066900253296	0.10053682327270508	0.01628124713897705	0.14194893836975098
chrX:153957372:C:T	Benign	coding	0.09486490488052368	0.05741429328918457	0.030610620975494385	0.004425644874572754
chrX:153957384:G:C	Benign	coding	0.08177804946899414	0.09329712390899658	0.05707383155822754	0.04229927062988281
chrX:154029130:A:G	Benign	noncoding	0.07126748561859131	0.004462540149688721	0.00377732515335083	0.0053560733795166016
chrX:154348732:G:A	Benign	noncoding	0.02941840887069702	0.07381290197372437	0.004432022571563721	0.03605997562408447
chrX:154348765:T:G	Benign	noncoding	0.02176111936569214	0.009540021419525146	0.01016920804977417	0.06658059358596802
chrX:154351681:G:T	Pathogenic	other	0.015305757522583008	0.05707961320877075	0.014641284942626953	0.23982654511928558
chrX:154351689:G:C	Pathogenic	other	0.14014452695846558	0.11512118577957153	0.05724427103996277	0.6663956046104431
chrX:154351698:T:A	Pathogenic	noncoding	0.04259622097015381	0.08290493488311768	0.019159018993377686	0.903408944606781
chrX:154353018:A:G	Benign	coding	0.04910355806350708	0.043789565563201904	0.05491119623184204	0.015267707407474518
chrX:154358500:G:A	Pathogenic	other	0.13426166772842407	0.0713353157043457	0.04211345314979553	0.5365996360778809
chrX:154358524:G:A	Pathogenic	other	0.05012917518615723	0.06154993176460266	0.10214710235595703	0.19944614171981812
chrX:154358895:T:G	Benign	noncoding	0.028188049793243408	0.0355200469493866	0.020150423049926758	0.12879258394241333
chrX:154359316:C:T	Benign	coding	0.21573355793952942	0.13225796818733215	0.04571428894996643	0.04938092827796936
chrX:154359360:C:T	Benign	coding	0.09169399738311768	0.03436976671218872	0.027988910675048828	0.06721901893615723
chrX:154359391:G:A	Benign	coding	0.050655901432037354	0.06883096694946289	0.03646758198738098	0.11620679497718811
chrX:154364638:G:T	Pathogenic	coding	0.03349149227142334	0.04810142517089844	0.008795559406280518	0.10485199093818665
chrX:154364641:C:T	Pathogenic	other	0.05961458384990692	0.05833697319030762	0.04241567850112915	0.42458146810531616
chrX:154364825:C:T	Benign	coding	0.11448448896408081	0.08472079038619995	0.013246595859527588	0.0011792778968811035
chrX:154364851:C:G	Benign	coding	0.3034512400627136	0.09372609853744507	0.013887733221054077	0.0016805529594421387
chrX:154364890:C:A	Pathogenic	other	0.11290603876113892	0.1292964220046997	0.012775927782058716	0.0072127580642700195
chrX:154364932:C:T	Benign	coding	0.17748552560806274	0.06675150990486145	0.041653573513031006	0.15022605657577515
chrX:154365152:G:A	Pathogenic	other	0.0688638687133789	0.10087820887565613	0.03277057409286499	0.48118236660957336
chrX:154365163:G:A	Benign	coding	0.0965651273727417	0.036502987146377563	0.05032475292682648	0.06057494878768921
chrX:154365173:C:T	Benign	coding	0.11471426486968994	0.03911876678466797	0.04518839716911316	0.010979175567626953
chrX:154365204:C:A	Benign	coding	0.04408985376358032	0.03516530990600586	0.008730530738830566	0.037934720516204834
chrX:154365206:C:A	Pathogenic	other	0.12322455644607544	0.07341361045837402	0.026520252227783203	0.4335556924343109
chrX:154365487:C:A	Pathogenic	noncoding	0.0705876350402832	0.1563713252544403	0.026209890842437744	0.635684609413147
chrX:154381013:C:G	Pathogenic	other	0.05247578024864197	0.019498825073242188	0.017993390560150146	0.3338722586631775
chrX:154381013:C:T	Benign	coding	0.02935624122619629	0.1102413535118103	0.006493091583251953	0.069316565990448
chrX:154381052:G:C	Benign	coding	0.029350221157073975	0.05427658557891846	0.047063589096069336	0.06977856159210205
chrX:154381256:G:C	Benign	noncoding	0.025995343923568726	0.07838714122772217	0.01612919569015503	0.038986384868621826
chrX:154381257:C:T	Benign	noncoding	0.0313345342874527	0.02595210075378418	0.07502627372741699	0.18562179803848267
chrX:154399844:A:G	Pathogenic	coding	0.08497875928878784	0.12687498331069946	0.05677372217178345	0.14223158359527588
chrX:154400586:C:T	Pathogenic	coding	0.027184724807739258	0.08053430914878845	0.06624399125576019	0.22201843559741974
chrX:154400615:G:A	Pathogenic	coding	0.025506675243377686	0.03692294657230377	0.011540651321411133	0.01168745756149292
chrX:154400814:G:A	Benign	coding	0.0988968014717102	0.10089442133903503	0.058547377586364746	0.058322787284851074
chrX:154400837:C:T	Benign	coding	0.41893690824508667	0.10336959362030029	0.03378063440322876	0.227163165807724
chrX:154400838:G:A	Benign	coding	0.07892167568206787	0.10949909687042236	0.03887483477592468	0.16039809584617615
chrX:154400842:C:T	Benign	coding	0.06032586097717285	0.08879563212394714	0.10416203737258911	0.21738404035568237
chrX:154435291:G:A	Benign	coding	0.055914998054504395	0.07297629117965698	0.08283844590187073	0.6729986667633057
chrX:154435327:T:C	Benign	coding	0.03903776407241821	0.03772217035293579	0.009919852018356323	0.08996975421905518
chrX:154435337:C:T	Benign	coding	0.06842607259750366	0.13329827785491943	0.009714305400848389	0.08147566020488739
chrX:154435361:C:T	Benign	coding	0.06612706184387207	0.05790400505065918	0.02990734577178955	0.3114563822746277
chrX:154435372:A:G	Benign	coding	0.11287432909011841	0.08093827962875366	0.017682313919067383	0.24034762382507324
chrX:154436152:A:G	Benign	noncoding	0.04876454174518585	0.08234278857707977	0.023061901330947876	0.07858681678771973
chrX:154438830:T:C	Benign	coding	0.049033910036087036	0.07450596988201141	0.045512646436691284	0.02822744846343994
chrX:154465014:G:A	Benign	noncoding	0.018742859363555908	0.12333619594573975	0.03542447090148926	0.16185316443443298
chrX:154765497:G:A	Benign	coding	0.07759159803390503	0.06675398349761963	0.013226598501205444	0.10479122400283813
chrX:154765505:C:T	Pathogenic	coding	0.09871631860733032	0.03844556212425232	0.141565203666687	0.0005652904510498047
chrX:154769420:C:T	Benign	noncoding	0.10208642482757568	0.02537652850151062	0.01881706714630127	0.046744585037231445
chrX:154773152:C:T	Pathogenic	coding	0.17922621965408325	0.14854617416858673	0.07658696174621582	0.4310861825942993
chrX:154773237:T:G	Benign	coding	0.012016117572784424	0.053611576557159424	0.03048965334892273	0.15467458963394165
chrX:154774602:G:A	Pathogenic	coding	0.2291567325592041	0.10589256882667542	0.06345698237419128	0.18637889623641968
chrX:154774651:G:A	Pathogenic	coding	0.06376993656158447	0.09680387377738953	0.05368560552597046	0.04480278491973877
chrX:154774706:G:A	Pathogenic	coding	0.16557464003562927	0.09954282641410828	0.04735887050628662	0.26650017499923706
chrX:154776964:A:G	Benign	noncoding	0.18876275420188904	0.07957738637924194	0.015391409397125244	0.0684916228055954
